,Unnamed: 0,N,close_U,F,coeffs,method
0,0,2,True,"[1.         0.9999998  0.9999996  0.9999993  0.999999   0.9999988
 0.99999875 0.9999987  0.9999988  0.99999887 0.999999   0.99999917
 0.9999994  0.9999995  0.9999997  0.9999997  0.9999999  0.9999999
 0.9999999  0.99999994 0.99999994 0.9999999  0.99999994 0.9999998
 0.99999976 0.99999976 0.99999964 0.99999976 0.9999997  0.9999997
 0.99999964 0.9999997  0.9999997  0.99999964 0.9999997  0.9999998
 0.99999976 0.99999976 0.9999998  0.9999998  0.9999998  0.99999976
 0.9999998  0.9999997  0.9999997  0.9999997  0.9999998  0.99999976
 0.99999976 0.9999998  0.9999999  0.9999999  0.99999994 1.
 0.99999994 0.9999999  0.9999999  0.9999999  0.9999998  0.9999999
 0.9999999  0.9999998  0.99999976 0.99999976 0.99999964 0.9999994
 0.99999917 0.9999988  0.99999845 0.999998   0.99999756 0.9999972
 0.99999696 0.9999969  0.9999971  0.99999744 0.999998   0.9999987
 0.9999993  0.99999976 1.         0.99999976 0.9999988  0.9999973
 0.99999475 0.99999154 0.99998766 0.9999833  0.99997866 0.99997413
 0.99997026 0.99996734 0.999966   0.9999664  0.9999688  0.9999732
 0.9999794  0.9999864  0.99999344 0.99999857 0.99999946]","[[0.9847767 0.5369194 1.3003998]
 [4.8602953 1.5022064 2.4022977]
 [1.0856829 2.9447196 4.253858 ]]",trotter
1,1,2,False,"[0.999962   0.99983025 0.9997379  0.9996856  0.9996708  0.99969053
 0.99974024 0.9998141  0.9999057  1.0000075  1.0001135  1.0002148
 1.0003058  1.0003803  1.000433   1.0004606  1.0004606  1.000433
 1.0003774  1.0002965  1.000194   1.000073   0.999939   0.99979794
 0.99965566 0.99951756 0.9993898  0.9992775  0.99918425 0.9991147
 0.9990715  0.9990568  0.9990717  0.9991164  0.99919045 0.99929214
 0.9994196  0.99956954 0.99973965 0.99992496 1.0001215  1.0003246
 1.0005286  1.0007286  1.0009191  1.0010949  1.0012505  1.0013809
 1.001481   1.0015469  1.001575   1.0015634  1.0015097  1.0014141
 1.001277   1.0011002  1.0008875  1.0006437  1.0003737  1.0000855
 0.99978554 0.9994827  0.9991859  0.99890345 0.99864376 0.99841493
 0.99822366 0.99807596 0.9979766  0.9979284  0.9979326  0.997989
 0.9980953  0.9982483  0.9984422  0.9986706  0.9989266  0.9992016
 0.9994871  0.99977446 1.0000548  1.0003202  1.0005631  1.0007771
 1.0009569  1.0010983  1.0011984  1.0012563  1.0012714  1.0012454
 1.00118    1.0010799  1.0009483  1.0007911  1.0006137  1.0004222
 1.0002229  1.0000218  0.9998241  0.99963623 0.9994623 ]","[[0.9847767 0.5369194 1.3003998]
 [4.8602953 1.5022064 2.4022977]
 [1.0856829 2.9447196 4.253858 ]]",trotter
2,2,2,True,"[0.99999994 0.9999999  0.99999946 0.9999988  0.99999815 0.99999756
 0.9999971  0.9999968  0.9999968  0.9999968  0.9999971  0.9999973
 0.9999978  0.99999815 0.9999986  0.99999905 0.99999934 0.9999996
 0.99999976 0.9999999  1.         1.         0.99999994 0.9999998
 0.9999998  0.9999997  0.9999996  0.99999946 0.9999994  0.9999993
 0.99999934 0.9999993  0.9999992  0.99999917 0.9999993  0.99999934
 0.9999994  0.9999994  0.99999946 0.9999996  0.9999995  0.99999964
 0.99999976 0.9999997  0.9999998  0.9999998  0.9999999  0.99999994
 0.99999994 1.         0.99999994 1.         1.         1.
 0.99999994 0.9999999  0.9999998  0.9999998  0.9999997  0.99999964
 0.9999995  0.9999995  0.99999946 0.99999934 0.9999993  0.99999917
 0.99999917 0.99999905 0.99999905 0.99999905 0.99999905 0.9999991
 0.9999992  0.9999993  0.9999994  0.9999995  0.9999997  0.9999998
 0.99999994 1.         1.0000001  0.9999999  0.99999976 0.99999946
 0.99999917 0.9999987  0.9999983  0.9999978  0.9999973  0.99999684
 0.9999965  0.99999624 0.99999624 0.99999636 0.9999967  0.9999973
 0.999998   0.99999875 0.99999946 0.9999999  0.99999976]","[[0.7006061  0.97199136 0.84568226]
 [0.91981834 2.2933905  2.4181743 ]
 [2.4718814  0.5730995  3.3799787 ]]",trotter
3,3,2,False,"[0.9997203  0.99989146 1.0000465  1.0001851  1.0003064  1.0004102
 1.0004952  1.0005617  1.0006088  1.0006373  1.0006473  1.0006398
 1.000615   1.0005745  1.0005199  1.000452   1.0003738  1.0002866
 1.0001926  1.0000944  0.9999941  0.9998946  0.9997978  0.99970657
 0.99962246 0.9995483  0.9994852  0.9994351  0.99939924 0.99937814
 0.9993729  0.99938345 0.999409   0.9994498  0.9995038  0.99957085
 0.99964803 0.9997343  0.99982727 0.99992406 1.0000226  1.0001199
 1.0002145  1.000303   1.0003836  1.0004541  1.0005128  1.000558
 1.0005891  1.0006046  1.0006046  1.0005887  1.0005578  1.0005126
 1.0004537  1.0003835  1.0003033  1.0002148  1.0001208  1.0000228
 0.999924   0.99982625 0.99973214 0.9996437  0.9995636  0.999493
 0.9994337  0.9993876  0.9993553  0.99933785 0.9993352  0.99934775
 0.99937546 0.9994172  0.99947244 0.9995402  0.9996185  0.99970645
 0.9998009  0.99990106 1.0000038  1.0001074  1.0002095  1.000307
 1.0003983  1.0004811  1.0005534  1.0006118  1.0006558  1.0006825
 1.0006905  1.0006781  1.0006438  1.000587   1.0005053  1.0003988
 1.000266   1.0001065  0.9999194  0.9997043  0.9994604 ]","[[0.7006061  0.97199136 0.84568226]
 [0.91981834 2.2933905  2.4181743 ]
 [2.4718814  0.5730995  3.3799787 ]]",trotter
4,4,2,True,"[0.99999994 0.99999976 0.99999905 0.9999978  0.9999964  0.999995
 0.99999356 0.99999243 0.99999154 0.999991   0.9999908  0.99999094
 0.99999136 0.99999213 0.9999929  0.999994   0.9999951  0.9999962
 0.99999726 0.99999815 0.9999988  0.9999993  0.99999964 0.9999998
 0.99999964 0.99999946 0.99999905 0.9999988  0.9999983  0.99999785
 0.99999756 0.9999973  0.9999973  0.99999726 0.9999974  0.9999976
 0.9999979  0.9999983  0.99999875 0.99999905 0.9999994  0.9999996
 0.9999996  0.99999946 0.99999934 0.9999989  0.9999985  0.9999981
 0.99999756 0.9999971  0.9999967  0.99999654 0.99999636 0.9999964
 0.9999966  0.9999969  0.99999744 0.9999979  0.99999857 0.9999989
 0.99999934 0.9999996  0.9999997  0.9999996  0.9999993  0.99999875
 0.9999982  0.99999744 0.9999967  0.9999958  0.99999505 0.99999446
 0.99999404 0.9999937  0.99999374 0.9999939  0.9999943  0.9999949
 0.9999955  0.99999624 0.99999684 0.99999744 0.9999978  0.9999979
 0.99999785 0.99999744 0.99999666 0.99999577 0.99999446 0.9999932
 0.9999919  0.9999908  0.9999899  0.9999895  0.9999898  0.9999906
 0.9999919  0.99999356 0.9999954  0.9999968  0.99999684]","[[0.9672088  0.845172   0.7005211 ]
 [2.0356343  0.22100794 5.632266  ]
 [0.19069089 0.83013576 2.5378525 ]]",trotter
5,5,2,False,"[1.0001101  0.9998822  0.99971575 0.999602   0.9995356  0.9995093
 0.9995168  0.99955106 0.9996075  0.9996797  0.9997632  0.9998527
 0.9999446  1.0000348  1.0001202  1.0001979  1.0002654  1.0003215
 1.0003641  1.000393   1.0004071  1.000407   1.0003928  1.0003653
 1.0003252  1.0002743  1.0002141  1.0001462  1.0000722  0.99999434
 0.9999147  0.9998351  0.99975824 0.999685   0.9996184  0.99955904
 0.9995096  0.99947035 0.9994426  0.9994272  0.999425   0.9994363
 0.99946004 0.99949646 0.9995444  0.9996037  0.9996724  0.999749
 0.999832   0.9999194  1.00001    1.0001009  1.0001905  1.000277
 1.0003587  1.0004336  1.000501   1.0005592  1.0006067  1.0006438
 1.000669   1.0006821  1.0006838  1.0006729  1.0006509  1.0006175
 1.0005735  1.0005196  1.0004568  1.0003855  1.0003074  1.0002224
 1.0001329  1.000039   0.9999426  0.99984384 0.99974495 0.99964666
 0.99955046 0.9994574  0.99936885 0.99928653 0.9992122  0.9991469
 0.9990927  0.99905115 0.9990248  0.99901575 0.9990253  0.99905676
 0.99911237 0.99919456 0.9993057  0.9994498  0.99962896 0.9998457
 1.000103   1.0004035  1.0007501  1.0011446  1.0015897 ]","[[0.9672088  0.845172   0.7005211 ]
 [2.0356343  0.22100794 5.632266  ]
 [0.19069089 0.83013576 2.5378525 ]]",trotter
6,6,2,True,"[0.99999994 0.99999774 0.9999927  0.99998677 0.9999816  0.9999777
 0.9999756  0.9999754  0.99997675 0.9999792  0.99998254 0.9999862
 0.99998987 0.9999931  0.99999577 0.9999978  0.9999991  0.99999964
 0.9999997  0.99999934 0.9999988  0.9999983  0.99999774 0.99999744
 0.9999974  0.9999976  0.999998   0.99999857 0.99999917 0.9999995
 0.9999998  0.9999999  0.9999996  0.9999989  0.99999815 0.9999971
 0.999996   0.999995   0.9999942  0.9999937  0.9999936  0.99999386
 0.9999945  0.99999535 0.99999636 0.99999744 0.99999833 0.99999905
 0.99999964 0.99999994 0.99999994 0.9999999  0.99999976 0.9999996
 0.9999994  0.9999994  0.99999946 0.9999995  0.9999997  0.9999997
 0.99999976 0.99999976 0.99999964 0.9999996  0.9999995  0.99999946
 0.99999946 0.99999964 0.9999997  0.9999998  0.9999997  0.9999995
 0.99999934 0.999999   0.99999875 0.9999985  0.9999985  0.9999988
 0.9999993  0.99999976 1.         0.9999996  0.9999983  0.99999547
 0.99999124 0.99998504 0.99997723 0.99996805 0.999958   0.99994797
 0.9999388  0.9999317  0.9999275  0.9999273  0.99993145 0.9999401
 0.9999526  0.9999677  0.9999831  0.9999953  0.99999994]","[[1.1335437 0.51177   0.8388837]
 [4.5750003 1.010811  5.8529863]
 [1.580349  2.5954988 4.2202225]]",trotter
7,7,2,False,"[1.0009128  0.99998194 0.9992289  0.99863875 0.99819785 0.99788934
 0.99769866 0.9976101  0.9976087  0.99768126 0.9978131  0.99799216
 0.9982064  0.99844545 0.99869984 0.9989607  0.9992209  0.999474
 0.9997147  0.9999386  1.0001416  1.0003215  1.0004745  1.0005999
 1.0006955  1.0007608  1.0007944  1.0007977  1.0007694  1.0007107
 1.000623   1.0005074  1.0003667  1.0002047  1.000025   0.9998324
 0.9996333  0.9994338  0.9992419  0.9990651  0.99891114 0.99878883
 0.9987055  0.99866766 0.9986813  0.9987501  0.9988758  0.99905825
 0.9992929  0.9995744  0.99989396 1.0002408  1.0006001  1.0009573
 1.001297   1.0016029  1.0018598  1.002054   1.0021747  1.0022149
 1.00217    1.0020412  1.001833   1.0015548  1.0012195  1.000843
 1.0004445  1.0000427  0.9996574  0.99930793 0.9990099  0.9987777
 0.9986207  0.99854463 0.99855125 0.9986372  0.99879515 0.9990159
 0.9992863  0.99959093 0.99991524 1.000243   1.0005587  1.0008496
 1.0011039  1.0013123  1.0014682  1.0015686  1.0016118  1.0015996
 1.0015352  1.0014247  1.0012748  1.0010942  1.0008914  1.000675
 1.0004543  1.0002364  1.0000294  0.99983895 0.9996692 ]","[[1.1335437 0.51177   0.8388837]
 [4.5750003 1.010811  5.8529863]
 [1.580349  2.5954988 4.2202225]]",trotter
8,8,2,True,"[0.99999994 0.9999943  0.99998003 0.99996257 0.9999455  0.99993134
 0.9999214  0.9999163  0.999916   0.99991983 0.99992704 0.9999364
 0.999947   0.99995774 0.9999678  0.9999767  0.999984   0.99998957
 0.9999932  0.99999535 0.99999624 0.99999595 0.999995   0.9999936
 0.999992   0.99999046 0.99998903 0.99998784 0.9999869  0.999986
 0.9999855  0.99998516 0.999985   0.999985   0.99998516 0.9999855
 0.99998605 0.99998677 0.9999876  0.9999886  0.9999897  0.99999076
 0.9999919  0.9999929  0.99999386 0.9999946  0.9999951  0.9999954
 0.99999565 0.9999955  0.9999952  0.9999949  0.99999434 0.99999374
 0.9999931  0.9999922  0.999991   0.99998945 0.99998724 0.9999842
 0.9999802  0.99997514 0.9999689  0.9999616  0.9999533  0.9999446
 0.999936   0.99992806 0.9999217  0.9999173  0.99991584 0.9999176
 0.9999228  0.9999313  0.9999425  0.99995553 0.9999692  0.99998194
 0.99999225 0.9999987  0.99999964 0.9999942  0.9999818  0.9999624
 0.99993646 0.99990535 0.999871   0.99983567 0.99980235 0.99977404
 0.99975353 0.9997436  0.9997462  0.9997624  0.9997919  0.9998328
 0.99988127 0.9999313  0.999974   0.9999982  0.99998945]","[[0.77420086 1.1963279  1.2175426 ]
 [5.256174   5.6312294  2.5042167 ]
 [0.9797947  3.2330844  1.5808452 ]]",trotter
9,9,2,False,"[1.000118   0.9992571  0.99864    0.99825156 0.9980695  0.99806803
 0.99821764 0.9984865  0.9988406  0.999247   0.9996739  1.00009
 1.0004684  1.0007865  1.0010273  1.001178   1.0012324  1.0011894
 1.0010543  1.0008357  1.0005481  1.0002085  0.99983525 0.99944943
 0.9990712  0.99872094 0.9984163  0.99817365 0.998005   0.99792045
 0.99792534 0.9980221  0.99820924 0.9984823  0.9988328  0.999251
 0.99972314 1.0002348  1.0007707  1.0013136  1.0018458  1.0023518
 1.0028147  1.0032189  1.0035512  1.0037991  1.003953   1.0040053
 1.003951   1.0037873  1.0035161  1.0031403  1.0026666  1.0021057
 1.001469   1.0007726  1.0000324  0.99926853 0.99850106 0.9977503
 0.99703753 0.99638224 0.9958032  0.9953169  0.99493676 0.9946728
 0.994532   0.99451566 0.99462295 0.9948465  0.99517673 0.99559987
 0.99609894 0.9966544  0.99724513 0.9978498  0.9984466  0.99901444
 0.9995348  0.9999907  1.0003693  1.0006604  1.0008591  1.0009631
 1.0009758  1.0009034  1.0007576  1.000552   1.0003045  1.0000346
 0.9997648  0.99951804 0.9993177  0.9991881  0.99915135 0.99922925
 0.99944067 0.99980307 1.00033    1.0010318  1.0019144 ]","[[0.77420086 1.1963279  1.2175426 ]
 [5.256174   5.6312294  2.5042167 ]
 [0.9797947  3.2330844  1.5808452 ]]",trotter
10,10,2,True,"[1.         0.9999969  0.9999902  0.99998325 0.9999779  0.9999751
 0.99997497 0.9999769  0.9999802  0.99998415 0.99998814 0.99999166
 0.9999945  0.99999666 0.9999979  0.9999987  0.99999917 0.9999993
 0.9999994  0.9999995  0.9999995  0.99999964 0.9999997  0.99999964
 0.99999964 0.9999995  0.9999994  0.9999993  0.99999917 0.99999905
 0.999999   0.9999989  0.99999905 0.9999991  0.9999991  0.99999917
 0.99999917 0.9999991  0.9999991  0.999999   0.999999   0.99999905
 0.9999989  0.999999   0.99999905 0.9999991  0.9999992  0.99999934
 0.9999994  0.9999994  0.99999934 0.9999994  0.99999934 0.99999917
 0.9999991  0.999999   0.999999   0.9999988  0.9999989  0.99999887
 0.999999   0.999999   0.9999989  0.99999887 0.9999986  0.9999984
 0.99999803 0.99999744 0.99999684 0.9999962  0.9999956  0.9999952
 0.9999949  0.99999475 0.99999505 0.99999577 0.9999966  0.99999774
 0.99999875 0.9999995  0.9999998  0.9999991  0.9999971  0.99999356
 0.99998826 0.99998105 0.9999721  0.9999617  0.99995047 0.9999391
 0.9999287  0.99992037 0.9999153  0.9999145  0.9999189  0.99992853
 0.9999432  0.99996126 0.99997985 0.99999475 0.99999934]","[[1.4814209 0.7685019 1.4985794]
 [4.998341  5.9372077 4.137809 ]
 [0.6280991 0.1572805 2.6356785]]",trotter
11,11,2,False,"[0.99994236 0.999787   0.99970126 0.9996716  0.9996835  0.99972165
 0.9997725  0.9998227  0.99986273 0.9998847  0.9998842  0.99986064
 0.99981624 0.9997557  0.99968696 0.999619   0.99956113 0.9995227
 0.9995115  0.99953306 0.99958944 0.99968046 0.99980175 0.9999451
 1.0001018  1.0002599  1.0004069  1.0005323  1.0006251  1.0006788
 1.0006889  1.0006547  1.000578   1.0004652  1.000325   1.0001662
 1.0000004  0.9998387  0.99969137 0.9995657  0.9994693  0.9994053
 0.9993761  0.9993805  0.9994154  0.9994772  0.99956036 0.99965775
 0.99976397 0.9998727  0.99997777 1.0000746  1.000159   1.0002278
 1.000279   1.000311   1.0003239  1.0003179  1.0002947  1.0002558
 1.0002046  1.0001432  1.0000759  1.0000058  0.99993765 0.99987435
 0.9998197  0.99977684 0.99974775 0.9997341  0.99973685 0.99975497
 0.9997878  0.9998331  0.99988794 0.9999493  1.0000126  1.0000739
 1.0001296  1.000175   1.000207   1.0002214  1.0002167  1.0001906
 1.0001427  1.000073   0.9999835  0.99987704 0.99975723 0.99963033
 0.9995031  0.99938357 0.99928087 0.99920475 0.9991659  0.9991746
 0.99924123 0.9993756  0.99958616 0.9998802  1.0002625 ]","[[1.4814209 0.7685019 1.4985794]
 [4.998341  5.9372077 4.137809 ]
 [0.6280991 0.1572805 2.6356785]]",trotter
12,12,2,True,"[1.         0.99999416 0.9999805  0.99996334 0.9999467  0.99993277
 0.99992305 0.9999183  0.9999182  0.9999225  0.99992985 0.9999397
 0.9999507  0.9999616  0.999972   0.99998105 0.9999884  0.99999386
 0.99999744 0.99999934 0.99999994 0.9999996  0.9999985  0.9999972
 0.99999577 0.9999945  0.99999356 0.9999931  0.99999285 0.999993
 0.99999356 0.9999942  0.999995   0.9999959  0.9999969  0.9999976
 0.99999833 0.9999989  0.9999994  0.99999976 0.9999999  0.9999998
 0.9999997  0.9999995  0.99999917 0.9999986  0.99999815 0.99999774
 0.9999973  0.9999969  0.9999967  0.99999654 0.9999966  0.9999968
 0.9999971  0.9999976  0.99999803 0.9999985  0.99999887 0.9999992
 0.9999992  0.99999905 0.99999857 0.99999785 0.9999967  0.9999955
 0.99999416 0.99999285 0.9999916  0.9999906  0.99999    0.9999898
 0.9999901  0.99999094 0.9999921  0.9999936  0.99999535 0.9999971
 0.9999985  0.9999996  0.99999994 0.9999995  0.99999785 0.9999953
 0.99999136 0.99998647 0.99998045 0.99997395 0.9999672  0.9999606
 0.99995476 0.99995047 0.99994814 0.9999483  0.9999514  0.9999575
 0.9999663  0.9999768  0.99998766 0.9999965  0.99999994]","[[1.1908971 1.4497635 0.8844794]
 [4.97288   2.4433274 3.8725884]
 [0.9011923 2.1145442 4.384038 ]]",trotter
13,13,2,False,"[1.         0.99895126 0.9982412  0.99782515 0.99765694 0.9976908
 0.99788195 0.99818784 0.99856704 0.99898416 0.9994047  0.99980164
 1.0001515  1.0004342  1.0006396  1.0007595  1.0007914  1.0007387
 1.0006067  1.000407   1.0001523  0.99985814 0.9995413  0.99921626
 0.9989018  0.9986112  0.99835867 0.9981547  0.99800795 0.99792415
 0.99790573 0.99795234 0.99806154 0.99822855 0.99844515 0.99870336
 0.9989935  0.99930376 0.999624   0.99994296 1.0002491  1.0005344
 1.0007893  1.0010068  1.001181   1.0013087  1.0013869  1.0014153
 1.0013951  1.0013297  1.0012227  1.00108    1.0009086  1.0007155
 1.0005094  1.000298   1.0000898  0.9998924  0.99971336 0.99955827
 0.9994314  0.99933684 0.9992763  0.99925053 0.99925745 0.99929523
 0.99935985 0.99944705 0.99955064 0.99966514 0.9997853  0.9999048
 1.000019   1.0001224  1.0002129  1.0002863  1.0003414  1.0003766
 1.0003915  1.0003856  1.0003594  1.0003132  1.0002481  1.0001644
 1.0000632  0.99994504 0.99981165 0.9996652  0.9995081  0.9993443
 0.99917936 0.9990209  0.99887764 0.9987617  0.9986867  0.99866915
 0.9987275  0.9988837  0.99916106 0.9995838  1.0001776 ]","[[1.1908971 1.4497635 0.8844794]
 [4.97288   2.4433274 3.8725884]
 [0.9011923 2.1145442 4.384038 ]]",trotter
14,14,2,True,"[0.9998825  0.9999259  0.99995697 0.9999774  0.9999892  0.999994
 0.9999935  0.9999893  0.99998283 0.99997526 0.99996763 0.99996084
 0.9999556  0.99995226 0.999951   0.9999519  0.9999548  0.9999594
 0.99996525 0.9999717  0.99997836 0.9999848  0.99999034 0.99999475
 0.99999785 0.9999995  0.9999998  0.9999989  0.99999726 0.999995
 0.9999927  0.99999076 0.9999893  0.99998856 0.9999886  0.99998933
 0.9999905  0.99999183 0.9999932  0.99999416 0.9999946  0.9999946
 0.9999941  0.99999344 0.99999285 0.99999267 0.9999929  0.9999939
 0.9999954  0.9999971  0.9999986  0.99999964 0.9999995  0.9999983
 0.9999957  0.9999919  0.9999873  0.9999826  0.9999783  0.99997497
 0.99997306 0.99997276 0.99997413 0.9999768  0.9999803  0.9999842
 0.9999877  0.99999076 0.9999928  0.999994   0.9999943  0.99999416
 0.99999374 0.9999935  0.99999356 0.9999939  0.99999493 0.99999607
 0.99999744 0.99999857 0.99999934 0.9999995  0.99999917 0.99999815
 0.9999967  0.99999505 0.99999356 0.99999225 0.9999916  0.9999915
 0.9999918  0.99999243 0.9999927  0.9999918  0.99998856 0.99998176
 0.9999697  0.9999507  0.99992305 0.9998849  0.9998348 ]","[[1.1917555  0.57890373 1.4600105 ]
 [2.8592315  5.2235365  5.96183   ]
 [2.0002303  2.3609133  4.849595  ]]",trotter
15,15,2,False,"[1.0118316  1.0070361  1.0028957  0.99938804 0.996487   0.9941652
 0.9923905  0.9911303  0.99034774 0.99000466 0.9900597  0.9904706
 0.99119145 0.99217695 0.9933785  0.9947475  0.9962359  0.9977941
 0.9993749  1.0009313  1.0024197  1.0037986  1.0050303  1.006082
 1.0069261  1.0075414  1.0079122  1.0080318  1.0078989  1.0075221
 1.0069153  1.006101   1.0051081  1.0039712  1.002728   1.0014222
 1.0000969  0.99879616 0.9975627  0.99643517 0.9954486  0.9946305
 0.9940031  0.99358034 0.9933679  0.99336326 0.99355793 0.99393594
 0.99447566 0.9951527  0.99593925 0.99680793 0.9977316  0.99868464
 0.9996457  1.0005968  1.0015237  1.0024161  1.0032676  1.0040743
 1.004833   1.0055411  1.0061958  1.0067917  1.0073214  1.0077728
 1.0081345  1.0083889  1.0085192  1.008508   1.008338   1.0079954
 1.0074692  1.0067537  1.0058497  1.0047642  1.0035105  1.0021102
 1.0005903  0.99898416 0.99733    0.9956713  0.99405336 0.9925245
 0.99113333 0.9899296  0.98896146 0.9882762  0.9879183  0.9879295
 0.9883482  0.9892105  0.99054754 0.99238664 0.9947523  0.9976651
 1.0011405  1.0051935  1.0098332  1.0150669  1.0208987 ]","[[1.1917555  0.57890373 1.4600105 ]
 [2.8592315  5.2235365  5.96183   ]
 [2.0002303  2.3609133  4.849595  ]]",trotter
16,16,2,True,"[0.99999976 0.99999976 0.9999995  0.9999992  0.99999875 0.99999845
 0.9999981  0.999998   0.99999785 0.9999978  0.9999978  0.999998
 0.9999982  0.99999845 0.99999875 0.99999887 0.99999917 0.99999934
 0.99999934 0.9999994  0.9999994  0.9999994  0.99999934 0.9999992
 0.9999991  0.99999905 0.9999991  0.99999905 0.999999   0.999999
 0.999999   0.999999   0.9999989  0.9999989  0.99999875 0.9999987
 0.99999857 0.99999845 0.9999983  0.99999815 0.99999803 0.9999979
 0.99999785 0.9999978  0.99999803 0.9999981  0.9999983  0.99999845
 0.99999875 0.999999   0.9999993  0.9999995  0.9999996  0.99999964
 0.9999996  0.9999994  0.9999991  0.9999988  0.99999833 0.99999774
 0.99999714 0.99999654 0.999996   0.9999954  0.99999493 0.99999464
 0.99999446 0.99999446 0.99999464 0.9999949  0.9999953  0.9999958
 0.99999636 0.9999971  0.9999978  0.99999833 0.9999989  0.9999993
 0.9999994  0.99999946 0.99999934 0.99999905 0.9999985  0.9999979
 0.9999971  0.9999962  0.99999535 0.9999946  0.9999939  0.99999326
 0.999993   0.99999297 0.99999315 0.9999937  0.99999434 0.9999951
 0.99999607 0.9999969  0.9999975  0.99999785 0.99999744]","[[1.1847433 0.8002683 0.8142099]
 [2.5374844 2.595112  0.9241603]
 [1.9258064 2.1791065 5.1381617]]",trotter
17,17,2,False,"[1.0011597  0.99992126 0.9989264  0.99815327 0.99758023 0.99718636
 0.99695057 0.99685246 0.99687195 0.99698985 0.99718857 0.99745
 0.99775887 0.99809915 0.99845797 0.99882275 0.9991821  0.9995273
 0.9998495  1.0001421  1.0004001  1.0006188  1.0007964  1.0009314
 1.0010233  1.0010731  1.0010822  1.001054   1.000991   1.0008978
 1.0007783  1.0006377  1.0004802  1.0003113  1.0001355  0.99995804
 0.9997835  0.9996158  0.9994592  0.99931663 0.9991922  0.9990875
 0.9990053  0.998947   0.9989139  0.99890596 0.9989238  0.9989669
 0.9990348  0.9991257  0.9992382  0.99937034 0.9995197  0.99968404
 0.9998597  1.000044   1.0002339  1.0004253  1.0006149  1.0007991
 1.0009738  1.0011358  1.0012811  1.0014063  1.0015078  1.001583
 1.0016289  1.0016428  1.0016232  1.0015677  1.0014763  1.0013477
 1.0011823  1.0009813  1.0007458  1.0004785  1.0001823  0.9998613
 0.9995202  0.99916464 0.9988011  0.99843675 0.9980799  0.9977393
 0.9974247  0.9971462  0.99691516 0.9967429  0.9966416  0.99662435
 0.99670357 0.99689305 0.99720657 0.9976578  0.99826103 0.99902976
 0.9999786  1.0011212  1.0024711  1.0040418  1.0058467 ]","[[1.1847433 0.8002683 0.8142099]
 [2.5374844 2.595112  0.9241603]
 [1.9258064 2.1791065 5.1381617]]",trotter
18,18,2,True,"[0.99999994 0.9999998  0.9999991  0.9999983  0.99999726 0.99999654
 0.99999624 0.999996   0.99999607 0.9999964  0.9999967  0.9999972
 0.9999978  0.9999983  0.99999875 0.99999905 0.9999993  0.99999964
 0.9999997  0.9999998  0.9999998  0.99999994 0.9999999  0.99999976
 0.99999976 0.99999976 0.99999976 0.99999964 0.9999996  0.9999995
 0.9999995  0.9999994  0.99999934 0.9999994  0.9999994  0.99999934
 0.99999934 0.9999994  0.9999994  0.99999946 0.9999995  0.9999997
 0.99999964 0.99999976 0.9999998  0.9999998  0.99999976 0.9999999
 0.9999999  0.9999999  0.9999999  0.9999998  0.9999999  0.9999999
 0.9999998  0.99999976 0.99999976 0.9999997  0.99999964 0.9999996
 0.99999946 0.9999994  0.99999934 0.99999917 0.99999917 0.9999991
 0.999999   0.999999   0.9999989  0.99999905 0.99999917 0.99999917
 0.9999993  0.99999946 0.9999996  0.9999997  0.9999998  0.9999999
 0.99999994 0.9999999  0.9999998  0.99999964 0.99999946 0.9999992
 0.9999988  0.99999833 0.99999785 0.9999975  0.999997   0.99999666
 0.9999963  0.9999961  0.99999607 0.9999962  0.9999966  0.9999972
 0.9999979  0.9999987  0.99999934 0.99999964 0.9999992 ]","[[1.0622419  0.7172748  0.74912506]
 [0.05805328 4.4228964  3.9462566 ]
 [4.1480546  3.8902304  5.688337  ]]",trotter
19,19,2,False,"[1.0001354  0.9999717  0.99985284 0.9997709  0.999721   0.99969727
 0.99969375 0.99970615 0.9997294  0.99976015 0.99979484 0.9998307
 0.999866   0.9998987  0.9999278  0.99995315 0.9999737  0.9999907
 1.0000037  1.0000135  1.0000213  1.0000271  1.0000322  1.0000371
 1.0000417  1.0000478  1.0000544  1.0000615  1.0000696  1.0000778
 1.0000863  1.0000938  1.0000999  1.0001047  1.0001069  1.0001062
 1.0001017  1.0000942  1.0000823  1.0000671  1.0000484  1.0000262
 1.0000019  0.99997544 0.99994755 0.99991953 0.999892   0.99986595
 0.9998424  0.9998219  0.9998052  0.9997939  0.99978715 0.9997863
 0.9997911  0.9998015  0.9998177  0.99983937 0.9998656  0.9998962
 0.9999292  0.99996513 1.0000021  1.0000393  1.0000757  1.0001101
 1.000142   1.0001698  1.000193   1.0002114  1.0002241  1.0002307
 1.0002313  1.000226   1.0002146  1.0001969  1.0001743  1.0001459
 1.0001131  1.0000762  1.0000355  0.99999124 0.9999452  0.9998973
 0.9998484  0.9997998  0.9997522  0.999707   0.999666   0.99963033
 0.99960226 0.9995836  0.99957764 0.99958634 0.9996137  0.9996618
 0.999735   0.9998373  0.9999718  1.0001435  1.000356  ]","[[1.0622419  0.7172748  0.74912506]
 [0.05805328 4.4228964  3.9462566 ]
 [4.1480546  3.8902304  5.688337  ]]",trotter
20,20,2,True,"[0.99999964 0.999999   0.99999475 0.99998844 0.99998146 0.9999751
 0.99997    0.9999665  0.9999648  0.99996513 0.99996704 0.99997026
 0.99997437 0.9999791  0.9999838  0.9999883  0.99999225 0.9999954
 0.9999977  0.9999992  0.99999976 0.99999964 0.999999   0.99999785
 0.99999666 0.9999953  0.99999434 0.99999344 0.9999929  0.99999285
 0.9999931  0.9999936  0.9999944  0.9999954  0.9999963  0.99999726
 0.99999803 0.9999986  0.99999905 0.9999991  0.9999991  0.9999988
 0.99999845 0.99999803 0.9999976  0.9999972  0.99999684 0.9999967
 0.9999968  0.99999684 0.999997   0.9999973  0.9999977  0.9999981
 0.99999845 0.99999887 0.9999991  0.99999917 0.99999917 0.99999875
 0.99999833 0.99999756 0.99999666 0.9999957  0.99999464 0.9999935
 0.9999923  0.9999914  0.9999905  0.99999005 0.9999898  0.99999005
 0.9999907  0.9999916  0.9999929  0.9999944  0.999996   0.99999756
 0.99999905 0.9999997  1.         0.99999905 0.99999714 0.99999386
 0.99998957 0.999984   0.99997747 0.99997026 0.9999629  0.99995583
 0.9999497  0.9999453  0.999943   0.9999436  0.99994737 0.9999542
 0.9999639  0.9999753  0.99998695 0.99999636 0.99999994]","[[0.8322348  0.7847453  0.71031076]
 [4.656782   5.865461   0.7370579 ]
 [4.5387654  6.097104   1.6811663 ]]",trotter
21,21,2,False,"[1.0006542  1.0001737  0.99974483 0.99937385 0.9990634  0.9988171
 0.9986363  0.9985213  0.99846977 0.99847937 0.9985447  0.9986591
 0.9988154  0.99900323 0.99921435 0.99943775 0.9996629  0.9998795
 1.0000787  1.0002518  1.0003922  1.0004947  1.0005559  1.0005746
 1.0005524  1.000491   1.0003955  1.0002716  1.0001266  0.9999686
 0.9998057  0.9996467  0.99949974 0.9993723  0.9992707  0.9991999
 0.99916387 0.9991649  0.9992028  0.9992771  0.9993851  0.99952334
 0.9996862  0.99986744 1.0000608  1.0002593  1.0004561  1.0006434
 1.000815   1.000964   1.0010859  1.0011756  1.0012299  1.0012466
 1.0012248  1.0011632  1.0010647  1.0009311  1.0007652  1.0005715
 1.0003561  1.0001231  0.9998805  0.99963367 0.99939054 0.99915725
 0.99894077 0.99874806 0.99858403 0.9984547  0.998364   0.9983155
 0.998312   0.9983546  0.99844277 0.99857616 0.99875176 0.99896646
 0.999215   0.99949235 0.99979156 1.0001051  1.000426   1.0007453
 1.0010551  1.0013477  1.001614   1.0018471  1.0020401  1.0021862
 1.00228    1.0023159  1.0022894  1.0021977  1.0020368  1.001805
 1.0014994  1.0011177  1.0006584  1.000119   0.9994965 ]","[[0.8322348  0.7847453  0.71031076]
 [4.656782   5.865461   0.7370579 ]
 [4.5387654  6.097104   1.6811663 ]]",trotter
22,22,2,True,"[0.99999994 0.99999636 0.9999878  0.99997747 0.9999676  0.99995947
 0.9999541  0.99995154 0.9999519  0.99995434 0.9999588  0.99996436
 0.9999705  0.999977   0.999983   0.9999883  0.9999927  0.99999607
 0.99999833 0.9999996  1.         0.9999996  0.9999987  0.9999975
 0.99999607 0.9999947  0.9999935  0.99999267 0.9999922  0.9999921
 0.9999923  0.9999927  0.9999937  0.9999947  0.9999958  0.99999696
 0.999998   0.9999989  0.9999995  0.9999998  1.         0.9999999
 0.99999964 0.9999992  0.99999875 0.99999815 0.9999977  0.9999973
 0.9999972  0.99999714 0.99999726 0.99999756 0.99999785 0.9999983
 0.9999986  0.9999989  0.9999993  0.9999996  0.9999997  0.9999999
 0.9999998  0.9999999  0.99999976 0.9999997  0.99999976 0.9999997
 0.9999998  0.99999976 0.99999976 0.9999997  0.99999976 0.99999976
 0.9999998  0.9999999  0.9999999  0.9999999  0.99999994 0.9999999
 0.9999999  0.99999994 0.99999994 0.9999999  0.99999976 0.99999964
 0.9999992  0.9999986  0.9999975  0.9999961  0.99999416 0.9999918
 0.9999892  0.99998665 0.99998426 0.9999826  0.999982   0.9999828
 0.9999853  0.9999892  0.99999386 0.99999815 1.        ]","[[0.54165024 1.441296   0.56852096]
 [4.8855066  4.4504614  4.83419   ]
 [4.367595   4.279904   1.0406234 ]]",trotter
23,23,2,False,"[1.0003645  1.0000888  0.99987864 0.9997235  0.9996145  0.9995422
 0.99949944 0.99947923 0.9994753  0.99948347 0.9995001  0.9995226
 0.9995491  0.9995792  0.99961174 0.9996482  0.9996883  0.9997338
 0.99978435 0.9998412  0.9999045  0.99997437 1.0000498  1.0001303
 1.0002139  1.0002987  1.0003822  1.0004618  1.0005339  1.0005956
 1.0006441  1.0006762  1.0006891  1.0006809  1.0006508  1.000597
 1.0005198  1.0004201  1.0003003  1.0001624  1.0000106  0.99984914
 0.9996833  0.99951833 0.99936056 0.99921656 0.9990919  0.9989928
 0.9989239  0.99888957 0.99889326 0.9989357  0.9990181  0.99913746
 0.9992913  0.9994736  0.999678   0.999896   1.0001181  1.0003341
 1.000533   1.0007049  1.0008408  1.000932   1.0009733  1.0009602
 1.0008918  1.0007706  1.000601   1.0003905  1.00015    0.99989074
 0.9996276  0.99937373 0.9991447  0.9989537  0.99881214 0.998731
 0.99871653 0.9987722  0.99889946 0.9990943  0.9993498  0.9996563
 1.0000023  1.0003731  1.0007535  1.0011272  1.001477   1.0017884
 1.0020454  1.0022361  1.0023478  1.0023727  1.0023022  1.0021317
 1.001858   1.0014801  1.0009973  1.0004104  0.99972117]","[[0.54165024 1.441296   0.56852096]
 [4.8855066  4.4504614  4.83419   ]
 [4.367595   4.279904   1.0406234 ]]",trotter
24,24,2,True,"[0.99999946 0.9999986  0.99999547 0.9999909  0.9999858  0.99998087
 0.99997675 0.99997413 0.9999728  0.999973   0.99997455 0.99997705
 0.99998033 0.999984   0.99998784 0.9999913  0.99999434 0.9999969
 0.99999857 0.99999964 0.9999999  0.9999998  0.99999905 0.99999803
 0.9999968  0.9999956  0.9999944  0.9999935  0.9999926  0.99999225
 0.99999213 0.9999923  0.9999929  0.99999356 0.9999945  0.99999547
 0.9999965  0.9999974  0.99999815 0.9999987  0.99999905 0.9999991
 0.99999887 0.9999985  0.9999978  0.99999714 0.9999964  0.9999957
 0.9999952  0.9999947  0.9999946  0.9999945  0.9999949  0.99999535
 0.9999959  0.99999654 0.99999696 0.9999973  0.99999726 0.999997
 0.9999964  0.9999955  0.9999944  0.9999931  0.99999183 0.99999076
 0.9999899  0.99998957 0.99998975 0.9999904  0.99999166 0.99999326
 0.99999493 0.9999965  0.9999973  0.9999973  0.99999595 0.9999927
 0.99998754 0.99998003 0.9999702  0.99995804 0.99994415 0.9999288
 0.99991256 0.9998966  0.9998817  0.99986887 0.99985933 0.999854
 0.9998538  0.9998592  0.99987066 0.99988747 0.99990904 0.99993366
 0.9999588  0.99998116 0.99999607 0.9999976  0.99997896]","[[1.0729519 0.5361968 1.2319403]
 [2.1619587 1.9512931 4.51316  ]
 [4.4513817 2.133553  1.4512459]]",trotter
25,25,2,False,"[0.99999666 0.99956465 0.9993642  0.9993474  0.9994664  0.999679
 0.9999454  1.0002314  1.0005075  1.0007501  1.0009421  1.0010719
 1.0011324  1.0011219  1.0010431  1.0009018  1.0007073  1.0004696
 1.0002018  0.9999155  0.999624   0.9993399  0.99907494 0.99883944
 0.998641   0.99848795 0.99838555 0.9983372  0.99834365 0.9984059
 0.998521   0.9986859  0.9988947  0.9991418  0.9994193  0.99971867
 1.0000303  1.0003449  1.000652   1.0009421  1.0012053  1.001433
 1.0016155  1.0017477  1.001822   1.0018344  1.0017829  1.0016656
 1.0014838  1.0012405  1.0009404  1.00059    1.000198   0.99977356
 0.99932784 0.998873   0.9984206  0.9979832  0.99757355 0.9972033
 0.9968829  0.9966218  0.9964281  0.99630713 0.9962636  0.9962988
 0.99641323 0.99660355 0.9968654  0.99719256 0.9975766  0.9980084
 0.99847704 0.99897087 0.9994785  0.9999871  1.0004852  1.0009614
 1.001405   1.001806   1.0021557  1.0024475  1.002675   1.0028347
 1.0029237  1.00294    1.0028851  1.0027587  1.0025653  1.0023072
 1.0019894  1.0016164  1.0011941  1.0007275  1.0002229  0.99968433
 0.9991173  0.9985251  0.99791104 0.9972768  0.9966229 ]","[[1.0729519 0.5361968 1.2319403]
 [2.1619587 1.9512931 4.51316  ]
 [4.4513817 2.133553  1.4512459]]",trotter
26,26,2,True,"[1.0000001  0.9999991  0.9999965  0.99999285 0.99998885 0.99998516
 0.99998194 0.9999798  0.99997884 0.99997896 0.9999801  0.99998224
 0.9999848  0.9999879  0.9999909  0.9999936  0.99999607 0.9999978
 0.9999989  0.99999964 0.9999997  0.9999995  0.99999905 0.99999857
 0.99999815 0.99999785 0.9999977  0.9999976  0.9999978  0.9999979
 0.99999815 0.9999985  0.9999989  0.9999992  0.9999994  0.9999995
 0.99999964 0.99999964 0.99999946 0.9999992  0.9999989  0.9999986
 0.99999845 0.9999983  0.9999982  0.99999833 0.99999857 0.9999988
 0.9999992  0.9999995  0.9999998  0.99999994 1.         0.9999998
 0.9999994  0.9999989  0.9999984  0.9999978  0.9999972  0.9999967
 0.9999965  0.99999636 0.99999654 0.999997   0.9999977  0.9999983
 0.99999905 0.9999995  0.99999976 0.9999997  0.9999992  0.9999986
 0.99999774 0.9999971  0.9999966  0.99999654 0.9999969  0.9999976
 0.99999857 0.99999946 0.99999994 0.99999964 0.99999815 0.99999523
 0.9999906  0.99998444 0.99997675 0.9999682  0.99995923 0.9999507
 0.9999435  0.9999384  0.9999362  0.9999376  0.99994266 0.99995124
 0.99996275 0.9999758  0.99998814 0.9999973  0.9999996 ]","[[0.78392726 1.4329633  0.96706736]
 [0.68820137 5.032745   5.1349173 ]
 [2.2128663  5.4679704  4.4379263 ]]",trotter
27,27,2,False,"[1.0000263  0.9999573  0.99995834 1.0000073  1.0000864  1.0001786
 1.0002697  1.0003484  1.0004046  1.000434   1.0004324  1.0003992
 1.0003369  1.000248   1.0001395  1.0000168  0.9998879  0.99976104
 0.9996436  0.99954283 0.9994655  0.99941725 0.9994016  0.9994222
 0.9994794  0.9995719  0.9996989  0.9998537  1.0000306  1.0002218
 1.0004177  1.0006083  1.0007821  1.0009298  1.0010397  1.0011047
 1.0011184  1.001076   1.0009774  1.000825   1.0006232  1.0003825
 1.0001137  0.9998297  0.99954474 0.99927384 0.9990309  0.9988272
 0.9986736  0.9985753  0.9985357  0.9985542  0.9986267  0.9987465
 0.99890417 0.99908906 0.9992896  0.9994955  0.9996976  0.99988747
 1.0000598  1.0002121  1.0003437  1.0004551  1.000551   1.0006344
 1.0007092  1.0007794  1.0008471  1.0009129  1.0009754  1.0010312
 1.0010738  1.0010968  1.0010912  1.001049   1.0009606  1.0008179
 1.0006162  1.0003508  1.0000213  0.9996294  0.99918216 0.9986872
 0.99815804 0.99761003 0.9970618  0.9965338  0.99604887 0.9956309
 0.99530494 0.99509555 0.9950276  0.9951248  0.9954115  0.9959083
 0.9966355  0.9976106  0.99884987 1.0003667  1.0021721 ]","[[0.78392726 1.4329633  0.96706736]
 [0.68820137 5.032745   5.1349173 ]
 [2.2128663  5.4679704  4.4379263 ]]",trotter
28,28,2,True,"[1.         0.9999996  0.99999875 0.99999785 0.9999972  0.9999966
 0.99999607 0.99999577 0.9999957  0.99999577 0.9999959  0.9999963
 0.9999969  0.9999975  0.9999981  0.9999987  0.9999992  0.99999964
 0.9999999  1.         0.99999994 0.99999976 0.9999995  0.9999992
 0.9999989  0.9999987  0.99999845 0.99999833 0.9999983  0.9999984
 0.9999985  0.99999857 0.9999989  0.99999917 0.9999994  0.9999997
 0.9999998  0.9999999  0.99999994 1.         0.99999976 0.9999997
 0.9999996  0.9999994  0.9999992  0.99999905 0.9999989  0.99999887
 0.99999887 0.99999887 0.9999989  0.99999905 0.9999992  0.99999934
 0.9999996  0.9999997  0.9999998  0.9999999  1.         1.
 1.         0.9999998  0.99999976 0.9999995  0.99999934 0.999999
 0.9999986  0.9999983  0.99999774 0.9999974  0.9999971  0.99999684
 0.9999967  0.9999968  0.999997   0.99999744 0.999998   0.9999987
 0.9999993  0.99999976 1.         0.9999997  0.99999887 0.9999973
 0.99999493 0.99999195 0.99998826 0.99998415 0.99997973 0.9999755
 0.9999719  0.99996936 0.9999682  0.99996865 0.99997115 0.99997556
 0.9999814  0.99998814 0.9999947  0.99999917 0.9999993 ]","[[1.2574021  0.9389394  1.129833  ]
 [0.90982485 2.708116   4.424465  ]
 [5.0385575  5.1691637  1.8234761 ]]",trotter
29,29,2,False,"[1.0001732  0.99894065 0.9980305  0.9974134  0.9970561  0.99692047
 0.996968   0.99715966 0.99745774 0.9978267  0.9982361  0.99865884
 0.999071   0.99945635 0.9998012  1.0000975  1.00034    1.0005269
 1.0006598  1.0007415  1.000777   1.0007721  1.0007329  1.0006657
 1.0005769  1.0004722  1.0003569  1.0002358  1.0001131  0.9999931
 0.9998779  0.99977124 0.999675   0.9995916  0.99952275 0.9994694
 0.99943364 0.99941623 0.9994182  0.9994396  0.99948055 0.99954134
 0.99961966 0.9997156  0.999826   0.9999481  1.0000786  1.0002135
 1.0003482  1.0004774  1.000596   1.0006993  1.000782   1.0008395
 1.0008684  1.0008647  1.0008279  1.0007566  1.0006523  1.000517
 1.0003542  1.0001696  0.9999689  0.9997592  0.99954826 0.999344
 0.99915445 0.99898696 0.99884856 0.99874437 0.9986788  0.9986551
 0.99867433 0.9987357  0.9988372  0.9989752  0.99914473 0.9993393
 0.9995519  0.99977535 1.0000012  1.0002218  1.0004299  1.0006186
 1.0007819  1.0009154  1.0010153  1.0010791  1.001106   1.0010973
 1.0010535  1.0009785  1.000876   1.0007509  1.0006092  1.0004568
 1.0003003  1.0001465  1.0000017  0.99987215 0.99976397]","[[1.2574021  0.9389394  1.129833  ]
 [0.90982485 2.708116   4.424465  ]
 [5.0385575  5.1691637  1.8234761 ]]",trotter
30,30,2,True,"[1.0000001  0.99999905 0.9999967  0.99999416 0.99999183 0.9999901
 0.9999892  0.99998903 0.99998945 0.99999064 0.9999919  0.99999344
 0.9999948  0.9999962  0.9999975  0.99999833 0.99999905 0.9999995
 0.99999976 0.99999994 1.         0.9999999  0.9999998  0.99999976
 0.99999964 0.9999996  0.9999996  0.9999996  0.9999996  0.9999996
 0.9999996  0.99999964 0.9999997  0.99999976 0.9999998  0.99999994
 0.99999994 0.9999999  0.99999994 0.9999999  0.9999999  0.9999999
 0.9999998  0.9999999  0.9999998  0.99999976 0.9999997  0.9999996
 0.9999997  0.99999964 0.9999997  0.9999997  0.99999976 0.9999998
 0.9999999  0.9999999  0.99999994 0.9999999  0.99999994 0.99999994
 0.9999999  0.9999999  0.99999976 0.99999976 0.99999964 0.99999964
 0.9999995  0.99999946 0.99999946 0.9999994  0.9999994  0.9999994
 0.9999995  0.99999964 0.99999964 0.99999976 0.99999976 0.9999999
 0.99999994 0.9999999  0.9999999  0.9999998  0.9999998  0.9999996
 0.9999995  0.99999917 0.99999887 0.99999845 0.99999803 0.9999975
 0.999997   0.9999965  0.9999962  0.99999595 0.9999959  0.99999624
 0.99999684 0.99999774 0.99999875 0.99999964 0.99999994]","[[0.62359697 1.0220684  1.0244017 ]
 [1.5133358  1.2948174  4.9155216 ]
 [3.4405162  0.22842686 0.18621793]]",trotter
31,31,2,False,"[1.0000011  1.0003086  1.0005487  1.0007261  1.0008473  1.0009166
 1.0009404  1.0009248  1.0008757  1.0007992  1.0007021  1.0005906
 1.0004709  1.0003496  1.0002317  1.0001229  1.0000274  0.99994856
 0.9998892  0.9998517  0.9998363  0.99984235 0.9998685  0.999913
 0.99997216 1.0000427  1.00012    1.0002     1.0002781  1.0003496
 1.0004113  1.0004597  1.0004922  1.0005066  1.0005021  1.0004787
 1.0004367  1.0003778  1.0003042  1.0002184  1.0001236  1.0000235
 0.99992144 0.9998209  0.9997254  0.99963814 0.999562   0.99949956
 0.9994522  0.99942166 0.9994092  0.9994137  0.9994359  0.9994739
 0.9995274  0.99959356 0.99966985 0.99975425 0.99984324 0.99993426
 1.0000241  1.0001092  1.0001885  1.0002587  1.0003167  1.000363
 1.0003952  1.0004131  1.0004176  1.0004089  1.000388   1.0003567
 1.0003175  1.0002718  1.0002224  1.0001717  1.0001214  1.0000737
 1.00003    0.999991   0.99995804 0.9999308  0.999909   0.9998915
 0.9998778  0.9998664  0.99985635 0.9998459  0.9998338  0.99982
 0.9998037  0.9997866  0.9997693  0.99975437 0.9997451  0.99974567
 0.99976087 0.9997975  0.99986154 0.99996096 1.0001032 ]","[[0.62359697 1.0220684  1.0244017 ]
 [1.5133358  1.2948174  4.9155216 ]
 [3.4405162  0.22842686 0.18621793]]",trotter
32,32,2,True,"[1.0000001  0.9999904  0.9999678  0.9999398  0.9999124  0.99988955
 0.99987346 0.9998653  0.9998649  0.99987143 0.9998836  0.99989957
 0.9999177  0.9999363  0.9999538  0.9999691  0.9999815  0.9999906
 0.9999965  0.99999934 0.9999999  0.99999857 0.9999963  0.99999344
 0.9999911  0.9999894  0.9999886  0.9999888  0.9999899  0.99999166
 0.9999937  0.9999959  0.9999976  0.9999989  0.9999996  0.99999946
 0.99999875 0.9999976  0.9999962  0.99999493 0.99999386 0.99999326
 0.9999932  0.99999356 0.99999446 0.99999565 0.999997   0.99999803
 0.999999   0.9999995  0.99999946 0.99999905 0.9999982  0.9999973
 0.9999964  0.99999595 0.9999956  0.9999958  0.99999636 0.99999714
 0.99999803 0.9999987  0.99999917 0.9999993  0.99999917 0.9999989
 0.9999985  0.9999981  0.99999803 0.9999983  0.9999987  0.99999917
 0.9999997  0.99999994 0.9999998  0.9999996  0.999999   0.99999833
 0.99999785 0.9999977  0.9999979  0.9999984  0.99999887 0.99999887
 0.9999979  0.99999565 0.99999166 0.9999858  0.9999784  0.9999698
 0.9999609  0.9999526  0.99994636 0.999943   0.9999437  0.99994874
 0.9999581  0.9999706  0.99998426 0.9999955  0.9999999 ]","[[0.82151544 1.0694001  1.1319473 ]
 [1.5412381  5.9047194  5.5491962 ]
 [1.7727808  3.7065704  4.3997073 ]]",trotter
33,33,2,False,"[1.0003542  0.999142   0.99818724 0.9974733  0.99698174 0.9966898
 0.99657464 0.99661094 0.9967718  0.99703234 0.9973662  0.99774903
 0.9981577  0.99857163 0.99897295 0.99934566 0.99967796 0.99996156
 1.0001898  1.0003611  1.0004767  1.000539   1.0005536  1.0005282
 1.0004708  1.0003898  1.0002942  1.0001918  1.0000894  0.99999225
 0.9999048  0.999828   0.9997632  0.9997078  0.9996603  0.99961674
 0.9995738  0.999527   0.9994734  0.999412   0.9993411  0.99926263
 0.99917924 0.99909663 0.99901986 0.99895674 0.99891627 0.9989048
 0.9989306  0.99899936 0.9991148  0.999277   0.9994844  0.9997309
 1.0000067  1.0002997  1.0005952  1.0008758  1.0011237  1.0013232
 1.0014565  1.0015126  1.0014828  1.001362   1.0011531  1.000863
 1.000505   1.0000968  0.9996603  0.99922025 0.9988024  0.9984316
 0.9981309  0.99791867 0.99780893 0.99780893 0.99792063 0.9981391
 0.99845314 0.99884695 0.9993007  0.9997916  1.0002971  1.0007923
 1.0012572  1.0016718  1.0020205  1.0022913  1.0024766  1.0025725
 1.0025805  1.0025036  1.0023491  1.0021253  1.0018448  1.0015175
 1.0011575  1.0007756  1.0003829  0.99998957 0.99960417]","[[0.82151544 1.0694001  1.1319473 ]
 [1.5412381  5.9047194  5.5491962 ]
 [1.7727808  3.7065704  4.3997073 ]]",trotter
34,34,2,True,"[0.9999998  0.9999951  0.9999818  0.99996495 0.9999484  0.99993455
 0.99992466 0.9999196  0.9999192  0.9999228  0.99992985 0.99993914
 0.9999498  0.9999607  0.9999711  0.99998033 0.99998784 0.9999935
 0.99999726 0.99999934 1.         0.9999995  0.9999983  0.9999968
 0.9999954  0.99999416 0.9999933  0.999993   0.9999932  0.9999936
 0.9999945  0.99999547 0.9999964  0.9999974  0.9999981  0.99999887
 0.9999992  0.9999996  0.99999964 0.9999998  0.9999997  0.9999996
 0.9999996  0.9999994  0.99999934 0.9999992  0.99999917 0.999999
 0.999999   0.99999887 0.99999875 0.99999875 0.99999875 0.9999988
 0.999999   0.9999991  0.9999993  0.99999946 0.9999996  0.9999998
 0.9999998  0.9999998  0.9999998  0.99999976 0.9999996  0.9999995
 0.9999994  0.9999994  0.99999934 0.9999992  0.99999917 0.9999991
 0.999999   0.99999875 0.9999986  0.99999857 0.9999987  0.99999887
 0.9999993  0.99999964 0.9999999  0.9999998  0.99999887 0.99999714
 0.99999386 0.999989   0.9999823  0.9999742  0.99996465 0.99995446
 0.99994475 0.99993616 0.9999302  0.99992776 0.99992985 0.9999368
 0.99994856 0.9999638  0.9999802  0.99999404 0.99999994]","[[1.4932048 1.2286103 0.6819966]
 [5.104051  2.0774207 2.7824812]
 [3.7540562 5.7289705 2.906644 ]]",trotter
35,35,2,False,"[1.0009339  0.99984545 0.99895644 0.99826    0.9977483  0.99740934
 0.9972296  0.99719095 0.9972753  0.9974628  0.9977314  0.99805987
 0.9984252  0.9988061  0.99918306 0.999537   0.9998522  1.0001146
 1.0003141  1.0004443  1.0005014  1.0004866  1.0004025  1.0002571
 1.0000596  0.9998216  0.9995573  0.9992799  0.9990042  0.9987436
 0.99851096 0.9983172  0.99817103 0.99807906 0.9980447  0.99807036
 0.99815446 0.99829435 0.9984851  0.99872005 0.99899226 0.9992933
 0.9996148  0.9999476  1.0002837  1.0006148  1.0009332  1.0012323
 1.0015054  1.0017464  1.0019506  1.002113   1.0022292  1.0022955
 1.0023094  1.0022674  1.0021685  1.0020113  1.0017973  1.0015275
 1.001206   1.0008382  1.0004319  0.9999964  0.9995439  0.9990876
 0.99864364 0.9982265  0.99785346 0.9975404  0.9973009  0.9971481
 0.9970914  0.9971352  0.9972813  0.9975257  0.9978611  0.99827355
 0.998747   0.9992616  0.999795   1.000324   1.0008254  1.001277
 1.0016596  1.0019575  1.002159   1.0022573  1.002252   1.0021467
 1.0019515  1.0016811  1.0013548  1.0009956  1.0006298  1.0002851
 0.99999154 0.9997785  0.99967474 0.9997087  0.99990577]","[[1.4932048 1.2286103 0.6819966]
 [5.104051  2.0774207 2.7824812]
 [3.7540562 5.7289705 2.906644 ]]",trotter
36,36,2,True,"[0.99999976 0.99999875 0.9999973  0.99999607 0.99999535 0.9999952
 0.9999955  0.99999624 0.999997   0.99999774 0.99999833 0.9999986
 0.9999986  0.99999833 0.9999978  0.9999971  0.9999964  0.9999959
 0.9999953  0.999995   0.999995   0.99999523 0.9999957  0.99999636
 0.99999714 0.9999978  0.9999986  0.9999991  0.9999995  0.9999997
 0.99999976 0.9999995  0.9999992  0.9999989  0.99999857 0.99999833
 0.9999982  0.9999982  0.9999982  0.99999833 0.9999986  0.99999887
 0.99999905 0.9999991  0.9999991  0.999999   0.9999987  0.99999845
 0.99999815 0.9999979  0.99999785 0.9999979  0.99999803 0.99999833
 0.9999986  0.999999   0.9999991  0.99999917 0.9999991  0.99999887
 0.9999985  0.9999979  0.9999973  0.9999968  0.9999965  0.99999624
 0.9999962  0.99999636 0.99999666 0.99999726 0.99999774 0.99999833
 0.9999989  0.9999992  0.9999995  0.9999998  0.9999999  1.
 1.         1.         0.99999994 0.9999999  0.99999976 0.99999976
 0.9999995  0.99999934 0.999999   0.99999857 0.99999815 0.99999774
 0.99999744 0.9999973  0.9999972  0.99999756 0.999998   0.9999987
 0.99999934 0.9999997  0.9999993  0.99999744 0.99999326]","[[1.3200309  1.3426094  1.0504361 ]
 [0.49252883 1.1417994  5.83313   ]
 [3.4695387  3.272621   4.494118  ]]",trotter
37,37,2,False,"[1.0023056  1.0013181  1.0004497  0.999698   0.99905735 0.99852407
 0.9980941  0.9977615  0.997521   0.9973681  0.9972962  0.9973
 0.9973731  0.9975084  0.9977005  0.997942   0.9982253  0.99854267
 0.9988869  0.9992494  0.9996218  0.99999654 1.0003643  1.0007174
 1.0010473  1.0013474  1.00161    1.0018302  1.0020013  1.0021209
 1.002186   1.002196   1.0021509  1.0020533  1.0019065  1.0017158
 1.0014881  1.0012308  1.0009521  1.0006617  1.0003686  1.000082
 0.99981004 0.99956137 0.99934125 0.99915564 0.99900705 0.99889815
 0.9988284  0.99879664 0.9987994  0.99883276 0.9988929  0.9989737
 0.9990704  0.9991786  0.9992937  0.9994128  0.9995331  0.99965435
 0.9997753  0.9998969  1.0000199  1.0001464  1.0002766  1.0004115
 1.0005506  1.0006931  1.0008365  1.0009766  1.0011076  1.0012238
 1.0013171  1.0013797  1.001403   1.0013788  1.0013     1.0011606
 1.0009564  1.0006857  1.0003482  0.9999487  0.99949306 0.99899113
 0.99845546 0.99790215 0.9973494  0.9968188  0.996333   0.99591726
 0.99559844 0.99540335 0.99536026 0.9954977  0.99584204 0.99642146
 0.9972624  0.99838823 0.9998228  1.0015863  1.0036987 ]","[[1.3200309  1.3426094  1.0504361 ]
 [0.49252883 1.1417994  5.83313   ]
 [3.4695387  3.272621   4.494118  ]]",trotter
38,38,2,True,"[1.         0.99998534 0.9999505  0.9999084  0.99986804 0.9998357
 0.9998146  0.9998061  0.9998092  0.9998225  0.99984294 0.999868
 0.9998947  0.99992067 0.9999439  0.99996334 0.9999783  0.99998885
 0.99999547 0.99999887 0.99999994 0.99999976 0.9999987  0.99999756
 0.99999654 0.9999959  0.9999956  0.99999535 0.9999953  0.9999953
 0.9999952  0.9999951  0.9999948  0.99999446 0.99999404 0.99999356
 0.9999933  0.99999344 0.99999386 0.9999948  0.99999624 0.99999774
 0.999999   0.9999998  0.9999995  0.99999785 0.9999947  0.9999901
 0.9999845  0.9999786  0.9999731  0.9999689  0.9999667  0.999967
 0.99996954 0.99997455 0.9999809  0.99998784 0.99999404 0.99999845
 1.         0.999998   0.9999922  0.9999827  0.99997014 0.9999555
 0.9999399  0.999925   0.9999121  0.9999023  0.999897   0.9998965
 0.99990124 0.9999106  0.9999239  0.99993986 0.9999569  0.9999733
 0.99998707 0.9999964  1.         0.99999636 0.9999851  0.99996597
 0.9999398  0.99990755 0.9998713  0.99983346 0.99979675 0.9997643
 0.9997393  0.99972427 0.9997215  0.99973285 0.9997581  0.9997963
 0.9998447  0.9998978  0.9999486  0.99998677 0.9999995 ]","[[1.1558377  1.4674253  0.5452838 ]
 [5.5094028  5.166731   0.30764446]
 [6.194573   3.2887914  3.1757302 ]]",trotter
39,39,2,False,"[0.99972296 1.0009276  1.0020288  1.0030246  1.0039096  1.004674
 1.0053079  1.0058007  1.0061412  1.0063192  1.0063287  1.0061657
 1.0058315  1.0053337  1.0046849  1.0039046  1.0030184  1.0020573
 1.0010582  1.0000603  0.99910504 0.99823165 0.9974806  0.9968832
 0.9964663  0.9962468  0.9962317  0.9964179  0.9967903  0.99732536
 0.99798936 0.9987431  0.99954283 1.0003448  1.0011052  1.0017847
 1.0023522  1.0027839  1.0030653  1.0031917  1.0031688  1.0030091
 1.0027335  1.0023663  1.001936   1.0014706  1.0009979  1.0005416
 1.0001228  0.99975693 0.99945414 0.999221   0.9990586  0.9989649
 0.998935   0.9989616  0.9990371  0.9991535  0.99930257 0.9994768
 0.99966997 0.99987626 1.0000908  1.0003097  1.0005279  1.0007428
 1.0009494  1.0011437  1.0013205  1.0014747  1.0015997  1.0016892
 1.0017364  1.0017347  1.0016783  1.001561   1.0013785  1.0011284
 1.0008091  1.0004221  0.99997187 0.9994638  0.99890786 0.99831647
 0.99770445 0.99708945 0.9964921  0.99593437 0.9954414  0.9950378
 0.99475116 0.99460804 0.99463534 0.9948592  0.99530494 0.99599504
 0.9969505  0.9981895  0.99972594 1.0015706  1.003729  ]","[[1.1558377  1.4674253  0.5452838 ]
 [5.5094028  5.166731   0.30764446]
 [6.194573   3.2887914  3.1757302 ]]",trotter
40,40,2,True,"[0.99999505 0.9999959  0.9999963  0.99999636 0.9999963  0.9999962
 0.99999595 0.99999577 0.99999565 0.99999565 0.99999577 0.9999962
 0.9999966  0.99999714 0.9999977  0.9999983  0.9999988  0.99999934
 0.9999996  0.99999976 0.99999976 0.9999998  0.9999995  0.99999917
 0.99999875 0.9999984  0.99999785 0.99999756 0.9999974  0.9999972
 0.9999973  0.99999744 0.9999978  0.99999815 0.99999857 0.999999
 0.9999994  0.99999964 0.9999999  0.99999994 0.9999999  0.9999998
 0.9999996  0.9999995  0.99999934 0.9999993  0.99999905 0.9999989
 0.9999988  0.9999987  0.9999985  0.9999984  0.9999984  0.99999857
 0.99999875 0.99999905 0.9999992  0.9999996  0.99999964 0.99999964
 0.9999996  0.99999934 0.99999905 0.99999887 0.9999988  0.99999887
 0.99999905 0.9999992  0.9999992  0.9999992  0.9999988  0.99999815
 0.9999973  0.9999965  0.999996   0.9999959  0.99999624 0.99999714
 0.9999983  0.99999946 0.99999994 0.99999946 0.9999974  0.99999326
 0.9999868  0.99997836 0.999968   0.9999566  0.99994504 0.9999346
 0.9999264  0.99992156 0.9999211  0.99992555 0.99993485 0.9999483
 0.9999644  0.99998057 0.999993   0.9999971  0.999987  ]","[[1.4480706 1.0217555 0.8782989]
 [5.369176  1.0100698 4.8004394]
 [1.7712412 4.4206333 1.2724292]]",trotter
41,41,2,False,"[1.0051675  1.0023954  1.0000083  0.9979873  0.99631375 0.9949681
 0.99393004 0.99317986 0.99269676 0.9924608  0.9924496  0.99264216
 0.9930151  0.9935464  0.99421257 0.99498975 0.99585336 0.9967795
 0.99774414 0.9987237  0.9996955  1.0006378  1.0015305  1.002355
 1.0030954  1.0037366  1.0042685  1.0046806  1.0049679  1.0051258
 1.0051539  1.0050528  1.0048281  1.0044856  1.004035   1.0034877
 1.0028585  1.0021628  1.0014193  1.0006489  0.99987286 0.999114
 0.99839485 0.99774003 0.99716884 0.9967015  0.9963539  0.99613667
 0.9960576  0.996116   0.99630797 0.9966215  0.9970401  0.9975421
 0.9981023  0.99869365 0.99928766 0.99985814 1.0003808  1.0008348
 1.0012071  1.0014884  1.0016761  1.0017737  1.0017903  1.0017384
 1.0016341  1.0014937  1.0013342  1.0011697  1.0010134  1.0008726
 1.0007517  1.0006506  1.0005659  1.0004901  1.0004148  1.0003288
 1.000223   1.0000877  0.9999157  0.9997023  0.9994474  0.99915284
 0.9988253  0.998475   0.9981154  0.9977626  0.99743617 0.9971562
 0.9969442  0.9968224  0.9968129  0.99693614 0.9972128  0.9976606
 0.99829555 0.999132   1.0001807  1.0014504  1.0029476 ]","[[1.4480706 1.0217555 0.8782989]
 [5.369176  1.0100698 4.8004394]
 [1.7712412 4.4206333 1.2724292]]",trotter
42,42,2,True,"[0.9999999  0.9999998  0.9999993  0.99999857 0.9999978  0.9999972
 0.9999968  0.99999654 0.99999666 0.99999684 0.9999972  0.99999756
 0.999998   0.99999845 0.99999887 0.99999917 0.9999994  0.9999997
 0.9999998  1.         0.99999994 1.         0.99999994 0.9999998
 0.9999997  0.99999964 0.9999995  0.99999934 0.99999917 0.9999989
 0.99999887 0.9999987  0.99999857 0.99999857 0.9999985  0.99999845
 0.9999985  0.99999857 0.9999986  0.9999988  0.9999989  0.9999991
 0.99999917 0.9999994  0.9999996  0.9999997  0.9999999  0.9999998
 0.9999999  0.99999994 0.9999999  0.9999998  0.99999976 0.9999997
 0.9999995  0.9999994  0.9999992  0.9999991  0.99999905 0.999999
 0.999999   0.99999887 0.999999   0.9999991  0.99999917 0.9999994
 0.99999946 0.9999996  0.9999997  0.9999999  0.9999999  0.9999999
 0.9999999  0.9999998  0.9999996  0.9999994  0.99999905 0.99999875
 0.99999845 0.9999981  0.99999774 0.99999744 0.99999714 0.999997
 0.999997   0.99999696 0.99999714 0.9999974  0.99999785 0.9999983
 0.9999988  0.9999993  0.99999964 0.99999976 0.99999934 0.9999986
 0.999997   0.9999944  0.9999904  0.9999847  0.9999769 ]","[[0.68465316 0.82278526 1.0452654 ]
 [1.8736093  1.8076488  3.9341786 ]
 [5.363626   2.1529915  3.1061177 ]]",trotter
43,43,2,False,"[1.0007089  1.0002669  0.9999021  0.99960846 0.99937826 0.999206
 0.9990858  0.99900997 0.99897385 0.9989712  0.9989972  0.99904776
 0.99911726 0.9992023  0.99929994 0.999406   0.99951833 0.9996343
 0.99975234 0.9998699  0.9999855  1.0000973  1.0002046  1.0003054
 1.0003988  1.0004829  1.0005568  1.0006195  1.0006692  1.0007054
 1.0007266  1.0007322  1.0007216  1.0006952  1.000652   1.0005926
 1.0005192  1.0004314  1.0003318  1.0002215  1.0001043  0.99998236
 0.99985844 0.9997363  0.99961907 0.99950975 0.9994121  0.99932945
 0.99926394 0.99921745 0.9991933  0.99919224 0.99921507 0.99926186
 0.9993326  0.99942553 0.9995398  0.9996724  0.9998215  0.99998266
 1.0001519  1.0003259  1.0005002  1.0006697  1.0008297  1.0009763
 1.0011046  1.0012103  1.0012903  1.0013405  1.0013577  1.0013409
 1.0012883  1.0011983  1.0010722  1.0009103  1.0007143  1.0004873
 1.0002332  0.9999561  0.9996621  0.99935687 0.99904865 0.99874467
 0.9984546  0.9981881  0.99795437 0.9977658  0.9976327  0.99756765
 0.997583   0.99769133 0.99790573 0.99823886 0.99870455 0.99931574
 1.0000857  1.0010273  1.0021539  1.0034778  1.0050117 ]","[[0.68465316 0.82278526 1.0452654 ]
 [1.8736093  1.8076488  3.9341786 ]
 [5.363626   2.1529915  3.1061177 ]]",trotter
44,44,2,True,"[0.9999998  0.99999815 0.9999912  0.9999819  0.99997187 0.9999628
 0.9999558  0.99995124 0.9999495  0.9999505  0.99995375 0.9999589
 0.9999652  0.99997205 0.99997884 0.9999852  0.99999064 0.9999948
 0.9999978  0.9999995  1.         0.9999997  0.9999988  0.9999977
 0.9999965  0.9999956  0.99999505 0.9999948  0.999995   0.9999955
 0.99999636 0.99999714 0.99999803 0.99999875 0.9999993  0.9999997
 0.9999999  1.         0.99999994 0.9999999  0.9999998  0.99999976
 0.9999997  0.9999998  0.9999998  0.99999964 0.9999998  0.9999998
 0.9999998  0.9999997  0.99999946 0.9999994  0.9999991  0.99999887
 0.99999833 0.999998   0.99999744 0.9999969  0.9999965  0.99999595
 0.99999565 0.9999954  0.99999547 0.9999956  0.99999595 0.9999966
 0.9999974  0.99999815 0.9999989  0.9999995  0.9999998  0.9999999
 0.9999997  0.9999987  0.99999744 0.9999956  0.9999933  0.9999907
 0.99998766 0.9999846  0.9999817  0.9999789  0.9999765  0.9999746
 0.99997354 0.9999732  0.99997365 0.99997485 0.99997693 0.9999797
 0.9999828  0.99998605 0.99998915 0.9999918  0.99999326 0.9999934
 0.99999166 0.9999875  0.99998057 0.9999704  0.9999566 ]","[[0.62607014 0.8113409  0.80272895]
 [3.3281627  5.292923   4.5403776 ]
 [1.6372687  2.2703393  3.0475054 ]]",trotter
45,45,2,False,"[1.0008576  1.0000931  0.99947244 0.9989883  0.99862975 0.9983878
 0.9982501  0.99820477 0.9982387  0.99833786 0.9984893  0.99867964
 0.99889493 0.99912274 0.9993505  0.99956775 0.9997656  0.9999349
 1.000071   1.000169   1.0002273  1.000246   1.0002265  1.0001733
 1.0000914  0.9999871  0.99986696 0.9997395  0.99961203 0.99949074
 0.9993815  0.9992895  0.99921674 0.99916595 0.99913627 0.9991269
 0.99913406 0.99915475 0.9991839  0.9992179  0.99925184 0.99928284
 0.9993076  0.9993253  0.9993348  0.9993375  0.99933517 0.99933136
 0.9993298  0.9993342  0.9993499  0.9993803  0.9994292  0.99949884
 0.99959123 0.99970615 0.9998418  0.999996   1.0001639  1.0003408
 1.0005184  1.000691   1.0008495  1.0009854  1.0010905  1.0011574
 1.0011784  1.0011476  1.0010608  1.0009135  1.0007049  1.0004355
 1.0001066  0.99972236 0.9992889  0.9988138  0.9983059  0.9977764
 0.99723744 0.99670285 0.9961866  0.9957044  0.9952724  0.9949067
 0.99462485 0.9944439  0.9943798  0.9944504  0.99467194 0.9950604
 0.99563175 0.9964006  0.9973817  0.99858844 1.0000343  1.0017302
 1.0036885  1.0059191  1.008432   1.011236   1.0143392 ]","[[0.62607014 0.8113409  0.80272895]
 [3.3281627  5.292923   4.5403776 ]
 [1.6372687  2.2703393  3.0475054 ]]",trotter
46,46,2,True,"[0.9999945  0.9999962  0.99998796 0.9999744  0.99995935 0.99994516
 0.9999338  0.9999259  0.9999223  0.9999225  0.9999263  0.99993306
 0.9999419  0.99995196 0.99996245 0.9999726  0.9999816  0.9999892
 0.9999948  0.9999983  0.9999997  0.99999905 0.9999966  0.99999255
 0.9999875  0.9999819  0.999976   0.9999703  0.9999652  0.9999613
 0.9999583  0.9999567  0.9999565  0.9999575  0.9999598  0.99996316
 0.9999672  0.99997175 0.9999765  0.9999812  0.9999857  0.9999896
 0.9999929  0.9999956  0.99999744 0.9999985  0.99999905 0.999999
 0.99999857 0.9999979  0.99999714 0.99999636 0.99999565 0.9999952
 0.99999493 0.99999493 0.9999951  0.9999955  0.9999961  0.99999666
 0.9999973  0.99999785 0.9999984  0.99999857 0.9999987  0.9999985
 0.9999983  0.99999785 0.99999726 0.9999968  0.9999962  0.99999577
 0.9999955  0.9999956  0.9999958  0.9999964  0.9999972  0.999998
 0.99999887 0.9999996  0.99999994 0.9999998  0.99999905 0.99999744
 0.9999952  0.9999921  0.9999885  0.9999843  0.9999801  0.9999762
 0.99997294 0.99997085 0.9999701  0.9999709  0.99997354 0.99997777
 0.99998325 0.9999894  0.99999505 0.999999   0.9999996 ]","[[0.5667877  0.94746566 1.1449991 ]
 [3.3883584  0.12691729 5.7925396 ]
 [3.6711245  5.773665   1.0983462 ]]",trotter
47,47,2,False,"[1.004832   1.003066   1.0015081  1.0001571  0.9990082  0.99805635
 0.9972929  0.99670935 0.99629444 0.996037   0.99592394 0.99594235
 0.9960778  0.9963164  0.996642   0.9970419  0.9974999  0.9980025
 0.99853516 0.9990849  0.99963856 1.0001844  1.0007114  1.0012102
 1.0016713  1.0020869  1.0024508  1.0027579  1.003004   1.0031865
 1.003304   1.0033561  1.0033438  1.0032693  1.003136   1.0029472
 1.002709   1.0024273  1.0021075  1.0017585  1.0013877  1.0010024
 1.0006123  1.0002258  0.999851   0.99949676 0.9991701  0.9988797
 0.998631   0.99842924 0.99827975 0.9981848  0.9981456  0.9981626
 0.99823433 0.9983579  0.9985282  0.9987397  0.99898565 0.9992579
 0.9995489  0.9998495  1.000151   1.0004456  1.0007252  1.0009828
 1.001212   1.0014079  1.0015657  1.0016829  1.0017565  1.0017867
 1.0017717  1.0017118  1.0016083  1.0014619  1.0012754  1.0010504
 1.0007895  1.0004969  1.000177   0.9998341  0.99947363 0.9991032
 0.9987295  0.99836147 0.9980082  0.99768037 0.997389   0.9971464
 0.99696493 0.99685687 0.9968362  0.99691594 0.9971095  0.9974294
 0.9978878  0.99849737 0.99926925 1.0002127  1.0013379 ]","[[0.5667877  0.94746566 1.1449991 ]
 [3.3883584  0.12691729 5.7925396 ]
 [3.6711245  5.773665   1.0983462 ]]",trotter
48,48,2,True,"[1.         0.99999964 0.99999875 0.9999976  0.9999966  0.99999565
 0.99999523 0.9999948  0.9999949  0.99999523 0.99999565 0.99999636
 0.999997   0.9999977  0.99999833 0.9999988  0.99999917 0.9999996
 0.99999976 0.9999998  0.9999999  0.9999999  0.99999976 0.99999964
 0.9999997  0.99999946 0.99999946 0.9999994  0.99999934 0.99999934
 0.99999934 0.99999917 0.9999993  0.9999993  0.9999993  0.9999992
 0.9999993  0.99999934 0.99999946 0.9999996  0.9999996  0.9999997
 0.99999976 0.99999976 0.9999998  0.9999998  0.99999976 0.99999976
 0.99999976 0.9999997  0.99999964 0.99999964 0.9999995  0.9999996
 0.9999994  0.9999994  0.99999934 0.9999993  0.99999934 0.99999934
 0.9999993  0.9999993  0.9999993  0.99999934 0.99999934 0.9999993
 0.99999934 0.99999946 0.9999994  0.99999946 0.9999995  0.9999995
 0.9999996  0.9999996  0.99999964 0.9999997  0.9999997  0.9999997
 0.99999976 0.99999976 0.99999976 0.99999964 0.9999996  0.9999995
 0.9999994  0.9999992  0.9999991  0.9999989  0.99999875 0.99999857
 0.9999985  0.9999984  0.9999985  0.9999985  0.99999875 0.999999
 0.99999917 0.9999995  0.9999997  0.99999976 0.99999946]","[[0.6176979  0.94472    1.4893535 ]
 [2.4240391  3.446392   1.0648569 ]
 [0.73762363 4.0274487  4.924231  ]]",trotter
49,49,2,False,"[1.0001632  0.9996725  0.9993113  0.9990646  0.9989164  0.99885094
 0.9988529  0.99890834 0.99900395 0.9991265  0.99926543 0.99941146
 0.9995565  0.9996932  0.99981785 0.9999262  1.0000165  1.0000879
 1.0001407  1.0001757  1.0001951  1.0002015  1.0001967  1.0001847
 1.0001673  1.0001469  1.0001264  1.0001069  1.0000907  1.0000776
 1.0000685  1.0000633  1.0000618  1.0000627  1.0000651  1.0000683
 1.0000712  1.0000722  1.0000707  1.0000658  1.0000569  1.0000433
 1.0000259  1.000004   0.9999791  0.9999509  0.999921   0.99989086
 0.999861   0.99983317 0.99980855 0.99978834 0.99977374 0.9997658
 0.9997651  0.9997725  0.9997882  0.9998124  0.9998446  0.9998848
 0.9999323  0.99998564 1.0000441  1.0001062  1.0001705  1.0002346
 1.0002975  1.0003574  1.0004115  1.0004586  1.0004961  1.0005236
 1.0005383  1.0005394  1.0005256  1.0004959  1.0004506  1.0003889
 1.0003115  1.0002189  1.0001127  0.9999944  0.9998661  0.999731
 0.99959195 0.9994529  0.999318   0.99919164 0.9990796  0.99898666
 0.9989183  0.9988811  0.9988816  0.99892557 0.99902016 0.9991722
 0.999388   0.9996745  1.0000385  1.0004864  1.0010251 ]","[[0.6176979  0.94472    1.4893535 ]
 [2.4240391  3.446392   1.0648569 ]
 [0.73762363 4.0274487  4.924231  ]]",trotter
50,50,2,True,"[0.99999994 0.99999815 0.9999935  0.9999877  0.9999823  0.9999777
 0.9999745  0.999973   0.999973   0.9999743  0.99997663 0.9999799
 0.9999835  0.9999871  0.9999906  0.9999936  0.99999607 0.9999979
 0.99999905 0.9999998  1.         0.9999997  0.9999993  0.99999875
 0.9999981  0.9999977  0.9999973  0.9999972  0.9999972  0.9999974
 0.99999774 0.99999815 0.99999857 0.99999887 0.9999993  0.9999995
 0.99999976 0.99999976 0.99999976 0.9999997  0.9999995  0.9999995
 0.99999946 0.99999934 0.9999993  0.9999994  0.99999946 0.99999964
 0.9999997  0.9999998  0.9999999  0.99999994 0.99999994 0.99999976
 0.99999964 0.9999995  0.9999995  0.99999934 0.9999992  0.99999917
 0.9999991  0.99999905 0.99999905 0.9999988  0.9999984  0.999998
 0.9999973  0.99999666 0.99999595 0.9999951  0.99999464 0.9999942
 0.99999404 0.9999943  0.99999493 0.9999959  0.999997   0.9999982
 0.9999991  0.99999976 0.99999976 0.99999887 0.99999684 0.9999938
 0.99998945 0.9999842  0.99997824 0.9999719  0.9999656  0.99996
 0.99995553 0.99995285 0.9999524  0.9999545  0.9999592  0.99996626
 0.9999752  0.99998486 0.9999936  0.9999991  0.9999986 ]","[[0.6645944 1.3622572 0.6749589]
 [4.9603333 3.7403147 4.582604 ]
 [3.6819348 3.089082  2.1534884]]",trotter
51,51,2,False,"[0.9999782  1.0000113  1.0000618  1.0001252  1.0001975  1.0002753
 1.0003537  1.0004282  1.0004948  1.0005502  1.0005908  1.0006145
 1.0006185  1.0006015  1.0005635  1.0005046  1.0004257  1.000329
 1.0002166  1.0000924  0.9999596  0.99982244 0.9996861  0.9995554
 0.9994344  0.9993285  0.9992406  0.9991761  0.9991368  0.9991246
 0.9991421  0.9991881  0.99926376 0.99936616 0.9994931  0.99964124
 0.9998062  0.99998397 1.000169   1.0003564  1.0005401  1.0007153
 1.0008767  1.0010192  1.0011392  1.001232   1.0012944  1.0013242
 1.0013199  1.0012802  1.0012041  1.0010936  1.0009502  1.0007769
 1.0005772  1.0003562  1.0001197  0.9998742  0.9996269  0.99938506
 0.9991571  0.9989491  0.9987693  0.99862355 0.9985163  0.99845195
 0.99843216 0.9984573  0.9985259  0.9986347  0.9987787  0.9989517
 0.9991457  0.9993523  0.9995622  0.9997666  0.9999562  1.000123
 1.000259   1.0003576  1.000415   1.0004277  1.0003945  1.0003164
 1.0001963  1.0000378  0.9998479  0.9996343  0.9994065  0.99917465
 0.99895    0.9987452  0.9985719  0.9984434  0.99837184 0.9983699
 0.9984488  0.9986189  0.9988913  0.9992738  0.9997738 ]","[[0.6645944 1.3622572 0.6749589]
 [4.9603333 3.7403147 4.582604 ]
 [3.6819348 3.089082  2.1534884]]",trotter
52,52,2,True,"[0.99999726 0.9999997  0.99999934 0.9999971  0.999994   0.9999907
 0.99998766 0.9999853  0.99998367 0.9999829  0.99998295 0.99998367
 0.99998516 0.9999869  0.99998903 0.9999911  0.99999326 0.9999951
 0.9999967  0.9999981  0.999999   0.9999996  0.99999976 0.9999997
 0.99999934 0.99999887 0.99999815 0.99999744 0.9999967  0.99999607
 0.9999954  0.999995   0.9999947  0.9999944  0.9999943  0.9999942
 0.9999944  0.9999945  0.99999493 0.99999523 0.99999565 0.9999961
 0.9999967  0.9999972  0.99999774 0.9999983  0.9999987  0.9999991
 0.9999995  0.9999997  0.9999999  0.9999999  0.9999999  0.9999996
 0.9999993  0.999999   0.9999984  0.999998   0.99999744 0.99999684
 0.99999624 0.9999956  0.999995   0.99999464 0.99999416 0.9999939
 0.9999938  0.99999374 0.999994   0.9999943  0.99999475 0.99999547
 0.99999636 0.99999714 0.999998   0.9999988  0.9999994  0.9999997
 0.9999998  0.99999946 0.9999986  0.99999744 0.9999957  0.9999937
 0.9999914  0.999989   0.99998647 0.9999844  0.9999826  0.9999815
 0.9999813  0.99998194 0.9999836  0.9999862  0.9999895  0.99999326
 0.9999967  0.99999917 0.9999996  0.9999964  0.9999881 ]","[[0.5215007  1.2775478  0.9861312 ]
 [1.1406322  3.5915883  1.8769971 ]
 [1.1211698  2.817739   0.39797255]]",trotter
53,53,2,False,"[0.9994614  0.9995584  0.99966806 0.9997883  0.9999129  1.0000396
 1.0001642  1.0002828  1.0003911  1.0004866  1.0005664  1.0006278
 1.0006676  1.0006858  1.0006803  1.0006515  1.000599   1.0005249
 1.0004294  1.000316   1.0001869  1.0000461  0.9998972  0.9997441
 0.999592   0.99944586 0.999309   0.99918675 0.9990833  0.99900234
 0.9989472  0.9989195  0.9989219  0.9989538  0.99901605 0.9991068
 0.99922395 0.9993638  0.99952173 0.9996943  0.9998753  1.0000592
 1.000239   1.0004097  1.0005655  1.0007005  1.0008104  1.0008916
 1.0009412  1.000957   1.0009395  1.000888   1.0008048  1.0006928
 1.000556   1.0003991  1.0002269  1.0000454  0.9998608  0.9996787
 0.999505   0.99934524 0.99920386 0.999085   0.9989919  0.9989265
 0.99889034 0.9988833  0.99890494 0.9989533  0.99902576 0.999119
 0.9992296  0.99935305 0.9994855  0.9996216  0.9997574  0.9998881
 1.0000105  1.0001205  1.0002161  1.0002943  1.0003533  1.0003937
 1.0004137  1.0004152  1.0003989  1.0003669  1.0003215  1.0002657
 1.0002033  1.0001366  1.0000709  1.0000093  0.99995565 0.99991447
 0.9998885  0.99988115 0.9998958  0.9999353  1.000001  ]","[[0.5215007  1.2775478  0.9861312 ]
 [1.1406322  3.5915883  1.8769971 ]
 [1.1211698  2.817739   0.39797255]]",trotter
54,54,2,True,"[0.9999998  0.9999989  0.99999577 0.9999922  0.9999889  0.9999866
 0.9999856  0.9999856  0.99998647 0.999988   0.9999896  0.99999166
 0.9999933  0.9999948  0.99999595 0.9999968  0.99999744 0.999998
 0.9999983  0.9999985  0.9999986  0.9999987  0.9999987  0.99999857
 0.99999857 0.9999984  0.99999815 0.9999979  0.9999976  0.9999974
 0.9999973  0.9999974  0.9999974  0.99999774 0.999998   0.9999983
 0.99999857 0.99999887 0.999999   0.99999905 0.9999991  0.99999887
 0.99999857 0.9999982  0.99999774 0.9999972  0.9999966  0.9999961
 0.99999577 0.9999955  0.99999535 0.9999953  0.9999954  0.9999957
 0.9999962  0.9999966  0.99999714 0.9999975  0.9999978  0.99999785
 0.99999756 0.99999696 0.9999962  0.99999505 0.9999938  0.9999924
 0.9999908  0.99998945 0.9999883  0.9999873  0.99998677 0.99998665
 0.9999869  0.9999876  0.9999888  0.9999901  0.99999166 0.99999326
 0.99999475 0.999996   0.99999684 0.99999714 0.99999696 0.99999607
 0.9999945  0.99999255 0.99999    0.9999872  0.9999844  0.9999817
 0.9999793  0.99997747 0.99997646 0.99997616 0.9999768  0.99997807
 0.99997956 0.9999809  0.9999809  0.9999787  0.9999726 ]","[[0.55411583 1.4425358  0.80085313]
 [2.5072637  4.81016    1.0474542 ]
 [1.6726202  3.1359084  3.752337  ]]",trotter
55,55,2,False,"[1.0002856  1.0002434  1.0001986  1.0001501  1.000094   1.0000278
 0.99995154 0.999862   0.9997621  0.9996515  0.99953306 0.99941045
 0.9992898  0.9991757  0.99907583 0.99899673 0.99894506 0.99892795
 0.9989501  0.99901587 0.999128   0.9992853  0.9994859  0.9997252
 0.9999952  1.0002861  1.0005864  1.0008833  1.0011629  1.0014106
 1.0016143  1.0017618  1.0018432  1.0018514  1.0017823  1.0016358
 1.0014142  1.0011243  1.000775   1.000378   0.9999487  0.9995022
 0.9990549  0.9986237  0.9982249  0.99787384 0.9975826  0.9973637
 0.99722415 0.99717003 0.9972041  0.99732655 0.9975337  0.9978205
 0.99817854 0.9985987  0.999069   0.9995768  1.0001082  1.0006497
 1.0011865  1.0017048  1.0021911  1.0026326  1.0030174  1.0033357
 1.0035777  1.0037364  1.0038058  1.0037819  1.0036621  1.0034466
 1.0031369  1.0027359  1.0022495  1.0016847  1.0010504  1.0003574
 0.9996191  0.99884915 0.9980641  0.9972812  0.9965194  0.99579924
 0.99514234 0.99457127 0.9941099  0.9937829  0.99361515 0.9936325
 0.9938609  0.99432695 0.9950569  0.9960768  0.9974122  0.99908805
 1.0011295  1.0035598  1.0064015  1.0096759  1.0134029 ]","[[0.55411583 1.4425358  0.80085313]
 [2.5072637  4.81016    1.0474542 ]
 [1.6726202  3.1359084  3.752337  ]]",trotter
56,56,2,True,"[0.9999997  0.9999984  0.99999255 0.9999835  0.9999727  0.9999616
 0.9999515  0.9999433  0.9999381  0.999936   0.999937   0.9999412
 0.9999477  0.99995583 0.9999648  0.9999739  0.9999822  0.9999893
 0.99999475 0.99999815 0.9999997  0.9999993  0.99999726 0.9999939
 0.99998975 0.99998486 0.99998003 0.9999756  0.9999718  0.99996895
 0.99996704 0.9999663  0.99996686 0.9999684  0.99997073 0.99997383
 0.99997735 0.999981   0.9999845  0.99998784 0.99999064 0.9999928
 0.99999434 0.9999952  0.99999547 0.999995   0.9999941  0.999993
 0.999992   0.99999094 0.99999005 0.9999895  0.99998945 0.9999897
 0.9999901  0.9999909  0.99999166 0.99999225 0.9999926  0.9999926
 0.9999921  0.99999094 0.9999893  0.99998724 0.9999851  0.9999829
 0.999981   0.99997956 0.999979   0.9999794  0.99998075 0.999983
 0.99998605 0.99998957 0.99999315 0.99999624 0.99999833 0.9999989
 0.99999774 0.99999404 0.9999877  0.99997884 0.9999674  0.9999539
 0.9999389  0.99992317 0.9999077  0.9998935  0.9998815  0.9998732
 0.9998693  0.9998705  0.9998772  0.99988955 0.9999068  0.9999278
 0.99995077 0.9999728  0.9999904  0.9999993  0.99999374]","[[0.6704896  0.82639694 1.2707587 ]
 [0.7700505  3.2046888  4.677844  ]
 [3.3543105  1.070951   1.7857518 ]]",trotter
57,57,2,False,"[1.0005492  0.9989616  0.9978469  0.99714476 0.99679273 0.9967272
 0.9968855  0.9972084  0.99764186 0.9981351  0.9986458  0.99913865
 0.9995834  0.9999598  1.0002531  1.000455   1.0005634  1.0005808
 1.0005137  1.0003731  1.0001707  0.9999214  0.99964046 0.9993437
 0.9990464  0.99876344 0.9985081  0.99829245 0.99812627 0.9980175
 0.9979716  0.99799174 0.998079   0.9982312  0.9984442  0.998712
 0.9990262  0.9993765  0.999751   1.0001369  1.0005218  1.0008909
 1.0012302  1.0015283  1.0017724  1.001953   1.0020616  1.0020927
 1.0020432  1.0019131  1.0017047  1.0014235  1.0010782  1.0006788
 1.0002394  0.99977255 0.9992948  0.9988211  0.998368   0.9979507
 0.9975827  0.9972765  0.99704146 0.99688554 0.996813   0.99682564
 0.9969217  0.9970979  0.9973471  0.9976603  0.99802643 0.9984332
 0.99886745 0.99931425 0.99976015 1.0001913  1.000595   1.0009594
 1.0012751  1.0015332  1.0017288  1.0018572  1.0019165  1.0019081
 1.0018349  1.0017008  1.0015128  1.0012795  1.0010101  1.0007149
 1.0004059  1.0000947  0.9997938  0.999515   0.9992703  0.99907124
 0.9989276  0.9988496  0.99884474 0.99892074 0.9990831 ]","[[0.6704896  0.82639694 1.2707587 ]
 [0.7700505  3.2046888  4.677844  ]
 [3.3543105  1.070951   1.7857518 ]]",trotter
58,58,2,True,"[1.         1.         0.9999999  0.99999964 0.99999934 0.99999917
 0.99999905 0.999999   0.999999   0.999999   0.99999917 0.9999993
 0.9999994  0.9999995  0.99999964 0.99999976 0.9999998  0.9999998
 0.99999994 0.99999994 0.99999994 0.9999999  1.         0.99999994
 1.         0.99999994 0.9999999  0.9999999  0.9999999  0.9999999
 0.9999999  0.9999999  0.9999999  0.9999998  0.9999999  0.9999998
 0.9999999  0.9999999  0.9999999  0.9999998  0.99999994 0.9999999
 1.         0.9999999  1.         1.         1.         0.99999994
 0.99999994 0.99999994 0.99999994 0.99999994 0.99999994 0.9999999
 0.9999999  0.99999994 0.9999999  0.9999999  0.99999994 0.9999999
 0.9999999  0.9999999  0.9999999  0.9999998  0.99999976 0.9999997
 0.9999998  0.99999976 0.9999997  0.99999964 0.99999964 0.99999964
 0.99999964 0.99999964 0.99999964 0.99999976 0.9999998  0.9999999
 0.99999994 1.         1.         0.99999994 0.9999998  0.99999976
 0.9999995  0.9999993  0.999999   0.9999987  0.9999982  0.9999978
 0.99999744 0.9999972  0.99999696 0.999997   0.99999714 0.99999756
 0.9999981  0.99999875 0.99999946 0.9999999  0.99999994]","[[1.1350294 1.4646997 0.8497849]
 [1.0104278 1.7907796 2.7196853]
 [2.6669347 4.0866117 6.075138 ]]",trotter
59,59,2,False,"[1.000192   1.0000594  0.99996465 0.99990207 0.9998649  0.99984944
 0.9998505  0.9998639  0.999886   0.999913   0.99994254 0.99997205
 0.99999976 1.0000242  1.0000446  1.0000597  1.00007    1.0000752
 1.000075   1.0000703  1.0000618  1.0000498  1.0000355  1.0000198
 1.0000027  0.99998605 0.9999699  0.99995506 0.99994177 0.99993134
 0.9999232  0.999918   0.9999156  0.99991584 0.9999189  0.9999242
 0.99993193 0.9999412  0.999952   0.9999635  0.99997586 0.9999881
 1.0000001  1.0000117  1.0000219  1.0000308  1.0000378  1.0000433
 1.000047   1.0000479  1.0000472  1.0000446  1.0000402  1.0000339
 1.0000262  1.0000175  1.0000079  0.9999984  0.99998856 0.9999793
 0.999971   0.99996436 0.99995893 0.9999561  0.9999551  0.99995667
 0.9999614  0.9999678  0.9999771  0.99998844 1.0000014  1.0000155
 1.0000304  1.0000453  1.0000591  1.0000716  1.0000815  1.0000885
 1.0000917  1.0000902  1.000084   1.0000728  1.0000563  1.0000348
 1.0000085  0.999978   0.99994504 0.9999099  0.9998743  0.99984026
 0.99980986 0.99978495 0.9997687  0.99976283 0.99977064 0.9997949
 0.9998385  0.9999042  0.99999523 1.0001136  1.0002627 ]","[[1.1350294 1.4646997 0.8497849]
 [1.0104278 1.7907796 2.7196853]
 [2.6669347 4.0866117 6.075138 ]]",trotter
60,60,2,True,"[0.99999994 0.9999967  0.9999894  0.9999809  0.9999736  0.9999682
 0.9999654  0.9999652  0.9999673  0.9999709  0.99997556 0.99998057
 0.9999854  0.9999898  0.9999935  0.99999624 0.9999982  0.9999993
 0.9999998  1.         0.99999976 0.9999994  0.99999917 0.9999989
 0.99999887 0.9999989  0.9999989  0.99999917 0.9999994  0.9999995
 0.9999997  0.9999999  0.9999999  0.9999999  0.9999998  0.99999976
 0.9999997  0.99999964 0.9999996  0.9999995  0.9999995  0.99999946
 0.9999996  0.9999996  0.99999964 0.99999976 0.99999976 0.99999976
 0.9999997  0.99999976 0.99999976 0.9999997  0.9999997  0.99999976
 0.99999976 0.99999976 0.99999976 0.99999976 0.99999964 0.9999994
 0.99999917 0.9999987  0.9999981  0.9999973  0.99999636 0.9999953
 0.9999942  0.9999933  0.99999255 0.999992   0.99999195 0.9999923
 0.9999932  0.99999446 0.99999595 0.9999977  0.999999   0.99999976
 0.9999996  0.9999981  0.99999505 0.9999903  0.9999838  0.9999755
 0.999966   0.9999556  0.9999449  0.99993485 0.9999263  0.99992
 0.99991685 0.9999175  0.99992234 0.9999314  0.99994403 0.9999593
 0.9999754  0.9999897  0.99999875 0.9999979  0.99998194]","[[0.7793446  0.66016346 0.81560546]
 [5.6450567  5.4587135  3.3392572 ]
 [0.50153244 4.3298974  0.1110374 ]]",trotter
61,61,2,False,"[0.9999332  1.0006152  1.0012336  1.0017828  1.0022581  1.002656
 1.00297    1.0031973  1.0033356  1.0033839  1.0033419  1.0032136
 1.0030036  1.0027177  1.0023652  1.0019561  1.0015037  1.0010209
 1.000523   1.0000234  0.9995387  0.9990828  0.99866885 0.9983096
 0.99801457 0.9977925  0.99764764 0.99758434 0.99760276 0.9977006
 0.9978736  0.9981161  0.99841946 0.99877465 0.99917156 0.99959874
 1.0000448  1.0004992  1.0009503  1.0013876  1.0018011  1.0021807
 1.0025179  1.0028057  1.003036   1.0032036  1.0033023  1.0033292
 1.0032811  1.0031568  1.0029563  1.0026813  1.0023351  1.0019233
 1.001453   1.0009325  1.0003732  0.99978745 0.9991881  0.9985904
 0.9980089  0.9974591  0.99695617 0.99651325 0.99614376 0.99585813
 0.9956653  0.9955708  0.99557865 0.9956883  0.9958985  0.9962024
 0.99659395 0.9970609  0.99759203 0.99817204 0.99878716 0.99942064
 1.0000564  1.0006784  1.0012718  1.0018214  1.0023155  1.0027418
 1.0030909  1.0033545  1.0035273  1.0036043  1.0035833  1.0034633
 1.0032444  1.002928   1.0025163  1.0020125  1.0014197  1.0007408
 0.99998003 0.99914026 0.998223   0.9972309  0.9961646 ]","[[0.7793446  0.66016346 0.81560546]
 [5.6450567  5.4587135  3.3392572 ]
 [0.50153244 4.3298974  0.1110374 ]]",trotter
62,62,2,True,"[0.99999785 0.99999887 0.99999875 0.9999982  0.9999976  0.999997
 0.99999666 0.99999654 0.99999666 0.999997   0.9999974  0.99999785
 0.99999815 0.99999845 0.9999987  0.9999988  0.9999988  0.9999988
 0.99999875 0.9999987  0.99999875 0.9999988  0.9999989  0.9999991
 0.99999934 0.9999995  0.9999997  0.9999999  0.9999999  0.9999999
 0.99999994 0.99999976 0.99999964 0.99999946 0.9999994  0.9999993
 0.99999917 0.99999905 0.999999   0.9999989  0.999999   0.999999
 0.999999   0.999999   0.99999905 0.99999905 0.9999991  0.99999917
 0.99999905 0.99999905 0.9999991  0.9999991  0.9999992  0.99999934
 0.99999946 0.99999964 0.99999976 0.99999994 1.         0.99999994
 0.99999976 0.99999976 0.9999996  0.9999994  0.9999993  0.9999991
 0.9999992  0.9999993  0.99999934 0.99999946 0.99999964 0.99999964
 0.99999964 0.99999964 0.99999934 0.9999992  0.9999991  0.99999905
 0.99999917 0.9999993  0.99999934 0.99999934 0.99999905 0.99999833
 0.9999971  0.99999523 0.9999928  0.99998987 0.99998647 0.9999832
 0.9999802  0.999978   0.99997693 0.99997747 0.99997956 0.9999833
 0.99998826 0.99999356 0.9999979  0.99999934 0.999995  ]","[[0.9536786  1.1881608  1.406493  ]
 [2.1519802  1.5472337  4.690934  ]
 [4.7979474  0.61936647 2.2488947 ]]",trotter
63,63,2,False,"[1.0035572  1.0011516  0.99912405 0.997455   0.9961216  0.99510074
 0.9943679  0.9938972  0.99366254 0.99363786 0.9937951  0.9941083
 0.9945517  0.9950988  0.9957258  0.9964101  0.9971293  0.9978653
 0.998599   0.9993151  0.99999994 1.0006411  1.0012296  1.0017567
 1.0022157  1.0026025  1.0029118  1.0031421  1.0032915  1.0033591
 1.0033449  1.0032505  1.0030777  1.0028301  1.0025125  1.002131
 1.0016927  1.001208   1.0006866  1.0001407  0.99958426 0.99903184
 0.9984971  0.9979962  0.9975425  0.9971489  0.99682754 0.9965875
 0.9964352  0.9963746  0.9964066  0.99652797 0.9967344  0.9970163
 0.9973637  0.9977639  0.9982033  0.998668   0.99914366 0.9996161
 1.0000736  1.0005049  1.0009016  1.0012568  1.0015653  1.0018244
 1.0020325  1.0021898  1.0022964  1.0023541  1.0023642  1.0023273
 1.0022453  1.0021173  1.0019445  1.0017262  1.0014623  1.0011533
 1.0007999  1.0004039  0.9999691  0.9995007  0.9990056  0.9984929
 0.9979746  0.9974637  0.9969763  0.996529   0.99614155 0.9958331
 0.9956249  0.99553776 0.9955928  0.9958113  0.99621284 0.9968161
 0.997639   0.9986965  1.000003   1.0015693  1.0034051 ]","[[0.9536786  1.1881608  1.406493  ]
 [2.1519802  1.5472337  4.690934  ]
 [4.7979474  0.61936647 2.2488947 ]]",trotter
64,64,2,True,"[0.9999964  0.9999987  0.9999996  0.9999995  0.999999   0.99999803
 0.99999696 0.9999959  0.9999951  0.9999945  0.9999941  0.99999404
 0.99999416 0.9999945  0.99999493 0.99999547 0.9999962  0.99999684
 0.9999975  0.9999982  0.9999986  0.9999991  0.99999946 0.99999964
 0.9999997  0.99999976 0.99999976 0.99999964 0.99999946 0.9999993
 0.99999917 0.99999905 0.9999988  0.9999986  0.9999985  0.99999857
 0.9999984  0.99999857 0.9999985  0.9999986  0.9999987  0.99999887
 0.9999989  0.9999991  0.9999993  0.99999934 0.99999946 0.99999964
 0.99999976 0.9999998  0.99999994 1.         1.         0.99999994
 0.99999994 0.9999999  0.9999998  0.9999996  0.9999995  0.99999946
 0.9999993  0.9999992  0.99999917 0.9999991  0.9999991  0.9999989
 0.9999989  0.999999   0.9999989  0.999999   0.99999905 0.9999991
 0.9999993  0.99999934 0.9999995  0.99999964 0.99999976 0.9999999
 0.9999999  0.9999999  0.99999976 0.99999964 0.9999992  0.9999988
 0.9999981  0.9999974  0.9999965  0.99999577 0.9999949  0.9999942
 0.99999374 0.9999934  0.99999344 0.99999386 0.9999946  0.99999565
 0.99999696 0.9999984  0.9999994  0.99999994 0.9999992 ]","[[0.71403277 0.8534533  0.7212709 ]
 [4.0904493  0.51062804 2.9583995 ]
 [5.753084   4.5067616  5.851153  ]]",trotter
65,65,2,False,"[1.0014292  1.0009408  1.0005248  1.0001767  0.99989057 0.99966145
 0.9994832  0.9993509  0.999259   0.9992035  0.9991778  0.99917793
 0.9991999  0.9992383  0.9992901  0.9993509  0.9994182  0.9994889
 0.9995605  0.9996311  0.9996994  0.99976337 0.99982244 0.99987644
 0.9999246  0.9999673  1.0000049  1.0000377  1.0000663  1.0000925
 1.0001156  1.0001373  1.0001583  1.0001793  1.0002003  1.0002226
 1.0002453  1.0002692  1.0002936  1.0003184  1.0003424  1.0003651
 1.0003858  1.0004026  1.0004151  1.0004218  1.0004216  1.0004143
 1.0003978  1.0003724  1.0003375  1.0002934  1.00024    1.0001783
 1.0001094  1.0000346  0.99995524 0.9998736  0.9997912  0.99971116
 0.99963534 0.9995662  0.99950564 0.999456   0.9994188  0.9993956
 0.99938697 0.999394   0.9994165  0.9994547  0.9995063  0.99957126
 0.99964637 0.9997309  0.9998213  0.9999151  1.0000098  1.0001016
 1.0001884  1.0002667  1.0003344  1.0003891  1.0004294  1.000453
 1.0004604  1.0004501  1.0004233  1.0003814  1.0003244  1.0002558
 1.0001782  1.0000948  1.0000091  0.99992555 0.99984896 0.99978346
 0.9997346  0.99970734 0.9997071  0.999739   0.9998078 ]","[[0.71403277 0.8534533  0.7212709 ]
 [4.0904493  0.51062804 2.9583995 ]
 [5.753084   4.5067616  5.851153  ]]",trotter
66,66,2,True,"[0.99999964 0.99999726 0.9999906  0.99998206 0.9999735  0.9999661
 0.9999608  0.99995774 0.9999571  0.99995875 0.99996215 0.99996686
 0.99997246 0.99997824 0.99998385 0.9999889  0.99999315 0.9999963
 0.99999845 0.99999964 1.         0.9999995  0.9999988  0.99999774
 0.99999666 0.99999577 0.99999493 0.9999946  0.99999434 0.99999446
 0.99999493 0.99999535 0.9999959  0.9999966  0.9999972  0.99999774
 0.9999983  0.9999986  0.99999905 0.99999934 0.99999946 0.9999996
 0.99999976 0.99999976 0.9999998  0.99999976 0.9999998  0.99999976
 0.99999976 0.9999996  0.9999996  0.9999994  0.9999994  0.9999993
 0.9999993  0.9999992  0.99999934 0.9999993  0.9999994  0.9999995
 0.9999995  0.9999997  0.99999976 0.9999999  0.9999999  0.9999999
 0.99999976 0.9999996  0.99999934 0.99999917 0.99999887 0.99999857
 0.9999984  0.99999833 0.9999982  0.99999845 0.9999987  0.9999989
 0.9999994  0.9999997  0.9999998  0.99999994 0.9999995  0.99999875
 0.9999976  0.9999959  0.99999386 0.9999915  0.999989   0.9999865
 0.9999844  0.9999828  0.99998206 0.99998236 0.9999837  0.9999861
 0.99998957 0.99999344 0.9999971  0.9999995  0.99999946]","[[0.8114479 1.2601564 1.2062732]
 [4.523516  4.0820885 3.2541943]
 [4.200386  2.9265969 1.35592  ]]",trotter
67,67,2,False,"[1.001774   1.0006208  0.99966997 0.9989107  0.99833226 0.9979213
 0.9976617  0.9975363  0.9975289  0.99761975 0.9977906  0.9980216
 0.99829495 0.9985938  0.99890095 0.9992013  0.99948263 0.99973404
 0.9999473  1.0001177  1.000241   1.0003175  1.0003488  1.0003394
 1.0002949  1.0002228  1.000131   1.0000283  0.99992377 0.9998248
 0.9997384  0.99967045 0.9996251  0.9996039  0.9996082  0.9996365
 0.99968594 0.9997521  0.99982953 0.9999138  0.9999981  1.0000767
 1.0001446  1.0001975  1.0002325  1.0002465  1.0002398  1.0002114
 1.0001637  1.0000988  1.0000188  0.99992925 0.99983263 0.99973476
 0.99963874 0.99954957 0.99947107 0.9994064  0.99935937 0.9993325
 0.9993278  0.9993468  0.99939054 0.9994584  0.9995504  0.9996642
 0.9997976  0.99994737 1.0001086  1.0002757  1.0004431  1.0006031
 1.0007483  1.0008703  1.000961   1.0010128  1.0010173  1.000969
 1.0008624  1.0006937  1.0004611  1.0001655  0.99981034 0.99940115
 0.9989471  0.99846    0.99795437 0.9974475  0.99695945 0.9965127
 0.9961318  0.99584264 0.9956727  0.9956512  0.99580604 0.99616706
 0.9967625  0.9976204  0.9987684  1.0002313  1.0020317 ]","[[0.8114479 1.2601564 1.2062732]
 [4.523516  4.0820885 3.2541943]
 [4.200386  2.9265969 1.35592  ]]",trotter
68,68,2,True,"[0.999999   0.9999998  0.9999996  0.9999989  0.999998   0.99999696
 0.9999961  0.9999955  0.99999523 0.9999953  0.9999954  0.9999958
 0.99999636 0.9999969  0.99999756 0.9999982  0.9999987  0.9999992
 0.9999995  0.9999997  1.         0.99999994 1.         0.9999998
 0.9999997  0.9999996  0.9999994  0.9999993  0.9999991  0.99999905
 0.9999989  0.9999989  0.999999   0.99999905 0.999999   0.9999991
 0.9999992  0.9999993  0.9999994  0.9999994  0.9999995  0.9999996
 0.9999997  0.9999997  0.9999998  0.9999998  0.9999998  0.9999999
 0.9999998  0.99999976 0.9999998  0.9999998  0.99999976 0.99999964
 0.9999996  0.9999995  0.99999946 0.9999994  0.9999994  0.99999934
 0.9999993  0.9999992  0.99999917 0.9999992  0.9999992  0.99999917
 0.9999992  0.9999992  0.9999992  0.9999993  0.99999934 0.99999934
 0.9999994  0.99999946 0.99999946 0.9999995  0.9999996  0.99999976
 0.99999976 0.9999998  0.9999998  0.9999998  0.99999964 0.99999946
 0.99999934 0.99999905 0.99999857 0.99999803 0.9999975  0.9999969
 0.99999636 0.9999958  0.9999956  0.99999547 0.9999956  0.9999961
 0.9999969  0.9999979  0.99999887 0.9999996  0.99999994]","[[1.1467513  0.53303146 0.61135346]
 [0.10448089 3.636524   4.847174  ]
 [1.9403652  5.0770164  0.05316474]]",trotter
69,69,2,False,"[1.0005953  1.0002408  0.9999568  0.9997376  0.9995759  0.99946594
 0.9994009  0.9993743  0.9993802  0.99941194 0.99946374 0.9995302
 0.9996065  0.99968773 0.99977005 0.99984974 0.9999233  0.99998885
 1.0000446  1.0000889  1.0001217  1.0001417  1.0001501  1.000147
 1.0001345  1.0001127  1.0000836  1.0000498  1.0000122  0.999973
 0.99993414 0.99989754 0.9998642  0.9998362  0.9998141  0.9997986
 0.9997907  0.9997905  0.9997981  0.9998132  0.9998345  0.9998626
 0.9998956  0.9999326  0.9999729  1.0000143  1.0000566  1.0000979
 1.0001369  1.0001729  1.0002044  1.000231   1.000252   1.0002661
 1.0002736  1.0002744  1.0002685  1.0002557  1.0002371  1.0002127
 1.0001837  1.0001512  1.0001159  1.0000787  1.0000416  1.0000054
 0.99997103 0.9999402  0.9999135  0.99989176 0.9998759  0.9998661
 0.9998628  0.9998658  0.9998746  0.999889   0.9999077  0.99992985
 0.9999542  0.99997944 1.0000038  1.0000259  1.0000442  1.0000578
 1.0000652  1.0000662  1.0000596  1.0000463  1.0000261  1.0000014
 0.99997145 0.99994063 0.9999109  0.9998855  0.9998691  0.9998653
 0.99987954 0.9999173  0.99998397 1.0000858  1.0002289 ]","[[1.1467513  0.53303146 0.61135346]
 [0.10448089 3.636524   4.847174  ]
 [1.9403652  5.0770164  0.05316474]]",trotter
70,70,2,True,"[0.9999923  0.9999951  0.99999714 0.9999985  0.99999934 0.9999999
 0.99999994 0.99999994 0.9999998  0.9999997  0.9999995  0.99999934
 0.9999992  0.9999991  0.99999917 0.9999993  0.9999992  0.9999993
 0.99999934 0.9999995  0.9999996  0.99999964 0.99999976 0.9999999
 0.9999998  0.9999999  0.99999994 0.9999999  0.99999994 0.9999999
 0.99999994 0.9999999  0.9999998  0.9999998  0.99999976 0.9999997
 0.99999976 0.99999976 0.9999997  0.99999976 0.99999976 0.99999976
 0.9999998  0.99999976 0.9999998  0.9999998  0.9999999  0.99999994
 0.99999994 0.99999994 1.         1.         1.         0.99999994
 0.99999994 0.99999994 1.         0.9999999  0.9999998  0.9999997
 0.99999964 0.9999996  0.9999994  0.9999993  0.9999992  0.9999991
 0.999999   0.9999989  0.9999988  0.9999989  0.99999887 0.9999989
 0.99999905 0.9999992  0.9999992  0.99999946 0.99999964 0.9999999
 0.99999994 1.         0.99999994 0.9999998  0.9999995  0.99999917
 0.99999875 0.9999982  0.99999756 0.99999666 0.999996   0.9999953
 0.99999475 0.9999945  0.99999434 0.9999946  0.99999505 0.9999959
 0.99999696 0.99999815 0.9999992  0.9999998  0.9999998 ]","[[0.92762417 0.68069464 1.3817048 ]
 [3.4201646  0.8016322  0.11506872]
 [2.3971596  2.9884531  2.652992  ]]",trotter
71,71,2,False,"[1.0035429  1.002705   1.0019594  1.0013024  1.0007287  1.0002334
 0.9998124  0.99946016 0.9991722  0.9989434  0.99876887 0.99864453
 0.9985648  0.9985261  0.99852335 0.99855226 0.9986092  0.99869007
 0.99879026 0.99890816 0.99903816 0.9991789  0.9993271  0.99948025
 0.99963516 0.9997903  0.9999432  1.0000926  1.0002363  1.0003732
 1.0005019  1.000621   1.0007298  1.0008265  1.0009106  1.0009818
 1.0010389  1.001081   1.0011075  1.0011182  1.0011128  1.0010903
 1.001051   1.0009948  1.0009214  1.0008311  1.000725   1.0006033
 1.0004671  1.0003171  1.0001557  0.999984   0.99980474 0.99961954
 0.99943155 0.99924326 0.9990576  0.9988773  0.9987062  0.99854696
 0.9984026  0.99827635 0.998171   0.9980881  0.99803054 0.9979998
 0.9979971  0.9980231  0.9980781  0.9981615  0.9982722  0.9984091
 0.99857    0.99875206 0.998953   0.9991687  0.9993957  0.9996295
 0.9998667  1.0001017  1.0003313  1.0005499  1.0007544  1.0009395
 1.0011022  1.0012385  1.0013449  1.0014186  1.0014571  1.0014585
 1.0014212  1.0013441  1.0012258  1.0010666  1.0008659  1.0006243
 1.0003427  1.0000217  0.99966276 0.9992672  0.9988364 ]","[[0.92762417 0.68069464 1.3817048 ]
 [3.4201646  0.8016322  0.11506872]
 [2.3971596  2.9884531  2.652992  ]]",trotter
72,72,2,True,"[0.9999999  0.99999994 0.99999946 0.9999988  0.99999803 0.9999974
 0.9999967  0.99999624 0.9999958  0.9999957  0.99999577 0.9999959
 0.9999962  0.9999966  0.9999971  0.9999976  0.9999981  0.99999857
 0.9999989  0.9999992  0.9999996  0.9999997  0.9999998  0.99999976
 0.9999997  0.9999994  0.9999992  0.999999   0.99999875 0.9999985
 0.99999833 0.99999803 0.99999803 0.9999979  0.99999785 0.9999978
 0.9999979  0.99999803 0.99999815 0.9999984  0.99999857 0.9999987
 0.99999905 0.99999917 0.9999994  0.9999995  0.99999964 0.9999997
 0.99999976 0.9999998  0.99999976 0.99999976 0.99999964 0.9999994
 0.99999934 0.99999905 0.9999989  0.99999875 0.9999985  0.9999984
 0.99999815 0.99999803 0.999998   0.9999979  0.9999979  0.9999979
 0.99999803 0.9999981  0.9999982  0.99999845 0.9999987  0.99999887
 0.99999905 0.9999992  0.99999934 0.99999946 0.99999946 0.99999934
 0.9999992  0.99999887 0.9999985  0.999998   0.9999974  0.9999966
 0.9999958  0.999995   0.9999941  0.9999933  0.9999926  0.99999213
 0.99999183 0.9999918  0.999992   0.99999267 0.99999356 0.9999948
 0.99999624 0.9999977  0.99999905 0.9999999  0.9999997 ]","[[0.76574254 0.63229    1.3204421 ]
 [0.41995052 3.9368753  1.772093  ]
 [3.323197   4.7027326  3.811816  ]]",trotter
73,73,2,False,"[1.0005411  1.0003175  1.0001312  0.99997973 0.99985963 0.99976987
 0.99970627 0.99966633 0.9996468  0.9996449  0.99965763 0.9996827
 0.9997164  0.99975723 0.9998014  0.99984825 0.9998952  0.99994075
 0.99998313 1.0000225  1.0000566  1.0000854  1.0001084  1.0001255
 1.0001373  1.0001427  1.0001428  1.0001384  1.0001299  1.0001179
 1.0001032  1.0000862  1.0000681  1.0000488  1.0000299  1.0000117
 0.9999949  0.999979   0.99996644 0.9999554  0.9999468  0.9999416
 0.99993825 0.99993813 0.99994016 0.99994516 0.9999514  0.99995995
 0.9999697  0.9999806  0.9999925  1.0000045  1.0000167  1.0000286
 1.0000398  1.00005    1.000059   1.000067   1.0000728  1.0000776
 1.0000796  1.0000811  1.0000801  1.0000775  1.0000736  1.0000682
 1.0000614  1.0000535  1.0000452  1.0000364  1.0000273  1.0000181
 1.000009   0.9999994  0.9999909  0.9999828  0.9999747  0.99996746
 0.9999608  0.99995476 0.9999484  0.9999426  0.99993724 0.999932
 0.9999266  0.9999215  0.99991715 0.9999125  0.999909   0.9999065
 0.9999053  0.99990606 0.99990946 0.9999162  0.9999268  0.99994224
 0.99996275 0.9999903  1.0000253  1.0000685  1.0001204 ]","[[0.76574254 0.63229    1.3204421 ]
 [0.41995052 3.9368753  1.772093  ]
 [3.323197   4.7027326  3.811816  ]]",trotter
74,74,2,True,"[1.         1.         1.         1.         0.99999994 0.9999999
 0.9999999  0.9999998  0.9999998  0.99999994 0.99999976 0.9999999
 0.9999998  0.9999998  0.99999994 0.99999994 0.99999994 1.
 0.99999994 1.         1.0000001  0.9999999  0.99999994 1.
 0.99999994 0.99999994 0.99999994 0.9999999  0.9999999  0.9999998
 0.99999976 0.9999998  0.9999998  0.99999976 0.9999998  0.99999976
 0.9999998  0.9999998  0.9999999  0.9999998  0.9999999  0.9999999
 0.9999999  0.99999994 0.99999994 1.         1.         0.99999994
 0.99999994 0.99999994 0.99999994 1.         0.99999994 0.9999999
 0.9999998  0.9999998  0.9999999  0.9999998  0.99999976 0.99999976
 0.99999976 0.9999997  0.9999997  0.99999976 0.9999998  0.9999998
 0.9999998  0.9999999  0.99999994 0.99999994 0.99999994 0.99999994
 0.99999994 0.99999994 0.9999999  0.99999976 0.99999964 0.9999995
 0.99999934 0.9999991  0.9999989  0.9999987  0.99999845 0.99999833
 0.99999815 0.99999785 0.9999979  0.99999785 0.99999785 0.9999981
 0.99999815 0.99999845 0.9999988  0.99999905 0.99999946 0.9999997
 1.         0.9999999  0.9999996  0.9999988  0.9999974 ]","[[0.8125561 1.0543287 0.6134689]
 [1.0395712 1.5427653 2.6555989]
 [5.286765  1.4123666 1.3247669]]",trotter
75,75,2,False,"[1.0004338  1.0001951  1.0000085  0.9998677  0.9997667  0.99969995
 0.9996618  0.999647   0.99965096 0.99966806 0.9996945  0.9997273
 0.9997626  0.9997984  0.9998329  0.9998643  0.9998915  0.99991465
 0.99993217 0.9999453  0.9999533  0.9999571  0.9999577  0.99995476
 0.9999498  0.9999435  0.9999356  0.9999277  0.99992    0.99991304
 0.999907   0.99990207 0.9998989  0.9998968  0.99989676 0.99989796
 0.99990094 0.9999048  0.99990976 0.9999157  0.9999224  0.99992967
 0.9999373  0.9999453  0.99995285 0.9999608  0.99996823 0.9999757
 0.999983   0.9999898  0.9999963  1.000003   1.000009   1.000015
 1.0000207  1.000027   1.0000321  1.0000373  1.0000423  1.0000467
 1.0000511  1.0000551  1.000058   1.0000602  1.0000613  1.0000615
 1.0000604  1.0000576  1.0000526  1.0000463  1.0000379  1.0000275
 1.0000145  0.9999992  0.9999819  0.9999625  0.99994093 0.9999175
 0.99989283 0.99986684 0.9998403  0.9998137  0.9997875  0.99976295
 0.99974024 0.9997209  0.99970526 0.9996954  0.99969167 0.9996958
 0.999709   0.99973285 0.9997686  0.99981785 0.9998826  0.9999644
 1.0000645  1.000185   1.000328   1.0004942  1.0006866 ]","[[0.8125561 1.0543287 0.6134689]
 [1.0395712 1.5427653 2.6555989]
 [5.286765  1.4123666 1.3247669]]",trotter
76,76,2,True,"[0.9999996  0.99999994 0.9999997  0.99999917 0.9999985  0.999998
 0.9999977  0.99999744 0.99999744 0.9999976  0.9999978  0.9999982
 0.9999987  0.999999   0.9999992  0.9999995  0.9999997  0.99999994
 0.99999994 0.99999994 0.99999994 0.9999999  0.99999976 0.9999998
 0.99999976 0.9999997  0.9999997  0.9999999  0.9999998  0.99999994
 1.         1.         1.         0.9999999  0.9999997  0.9999997
 0.9999995  0.9999994  0.9999992  0.9999991  0.99999905 0.9999991
 0.99999905 0.9999991  0.9999992  0.9999994  0.99999946 0.9999996
 0.99999976 0.9999997  0.99999976 0.9999997  0.99999964 0.9999995
 0.99999934 0.9999992  0.9999989  0.9999989  0.99999875 0.99999875
 0.9999986  0.99999857 0.9999987  0.9999987  0.99999875 0.99999887
 0.999999   0.99999905 0.99999917 0.9999993  0.99999934 0.9999994
 0.9999994  0.9999994  0.9999995  0.9999995  0.9999996  0.9999997
 0.9999998  0.9999998  0.99999994 0.9999999  0.99999994 0.99999994
 0.9999999  0.99999976 0.99999964 0.9999995  0.9999994  0.9999993
 0.99999917 0.9999991  0.99999917 0.99999917 0.9999992  0.9999994
 0.9999996  0.9999996  0.99999934 0.9999987  0.9999971 ]","[[0.8318595  1.411148   0.71772265]
 [1.4751767  1.768959   3.4086082 ]
 [6.011354   3.1028457  0.15617433]]",trotter
77,77,2,False,"[0.9975441  0.9982551  0.9989003  0.99948007 0.9999937  1.0004411
 1.0008234  1.0011415  1.0013964  1.0015903  1.0017248  1.0018029
 1.001828   1.0018029  1.0017327  1.0016209  1.0014724  1.0012925
 1.0010865  1.00086    1.0006183  1.0003676  1.0001132  0.9998601
 0.9996148  0.9993812  0.9991639  0.9989671  0.9987942  0.99864835
 0.99853086 0.99844307 0.99838597 0.9983596  0.9983621  0.9983929
 0.9984491  0.9985286  0.9986271  0.99874157 0.9988682  0.99900275
 0.99914145 0.9992806  0.9994159  0.99954426 0.9996639  0.9997714
 0.99986583 0.999946   1.0000119  1.0000638  1.0001026  1.0001303
 1.000149   1.0001602  1.0001673  1.0001731  1.0001795  1.0001899
 1.000206   1.0002285  1.0002601  1.0003     1.0003481  1.0004033
 1.0004641  1.0005269  1.0005891  1.0006473  1.0006965  1.0007325
 1.0007507  1.0007467  1.0007167  1.0006567  1.0005641  1.0004371
 1.0002751  1.0000787  0.99984974 0.99959195 0.99931026 0.9990115
 0.9987039  0.99839795 0.9981038  0.99783486 0.9976055  0.99742967
 0.99732345 0.99730337 0.9973854  0.99758655 0.9979227  0.9984096
 0.99906266 0.99989545 1.0009205  1.0021495  1.0035905 ]","[[0.8318595  1.411148   0.71772265]
 [1.4751767  1.768959   3.4086082 ]
 [6.011354   3.1028457  0.15617433]]",trotter
78,78,2,True,"[0.9999115  0.99993706 0.9999572  0.9999725  0.9999838  0.9999916
 0.9999965  0.9999989  0.9999996  0.9999989  0.9999973  0.9999952
 0.99999285 0.99999064 0.9999887  0.9999872  0.99998623 0.9999858
 0.9999862  0.99998677 0.999988   0.9999895  0.9999913  0.99999297
 0.9999948  0.9999964  0.9999978  0.9999988  0.9999996  0.9999999
 0.99999994 0.9999996  0.999999   0.9999983  0.99999744 0.9999966
 0.9999958  0.9999952  0.9999949  0.99999475 0.9999949  0.9999952
 0.99999577 0.9999965  0.99999714 0.9999978  0.99999857 0.99999917
 0.9999995  0.99999976 0.99999994 0.9999998  0.99999976 0.9999994
 0.99999905 0.9999988  0.9999985  0.9999982  0.999998   0.99999803
 0.99999803 0.99999815 0.9999983  0.99999845 0.9999986  0.99999887
 0.99999905 0.9999992  0.9999994  0.9999997  0.99999964 0.99999976
 0.99999976 0.9999997  0.99999964 0.9999996  0.9999995  0.9999994
 0.9999993  0.999999   0.9999987  0.9999984  0.999998   0.99999744
 0.99999684 0.9999961  0.99999547 0.9999948  0.9999942  0.9999937
 0.99999344 0.9999933  0.99999356 0.9999941  0.9999951  0.9999963
 0.99999756 0.99999875 0.9999996  0.9999996  0.99999803]","[[1.1634005  0.57270634 0.85059106]
 [2.005766   4.857333   3.7561603 ]
 [2.5090542  2.003396   5.08913   ]]",trotter
79,79,2,False,"[1.0048926  1.0035828  1.0024401  1.0014563  1.0006206  0.9999239
 0.9993562  0.9989072  0.9985668  0.9983249  0.998172   0.9980974
 0.9980921  0.9981459  0.9982495  0.99839383 0.9985706  0.99876976
 0.9989848  0.99920726 0.9994306  0.9996487  0.9998553  1.0000453
 1.000215   1.0003605  1.0004797  1.00057    1.0006311  1.0006635
 1.0006667  1.000643   1.0005947  1.0005248  1.0004368  1.0003341
 1.0002218  1.0001036  0.9999845  0.99986833 0.99975985 0.9996616
 0.9995773  0.9995092  0.9994594  0.9994279  0.9994158  0.9994218
 0.99944484 0.9994827  0.99953264 0.9995921  0.9996578  0.9997263
 0.99979484 0.9998601  0.9999201  0.9999725  1.000016   1.0000494
 1.0000725  1.0000861  1.000091   1.0000882  1.0000794  1.0000665
 1.000051   1.0000356  1.0000206  1.0000083  0.99999887 0.9999928
 0.9999894  0.99998814 0.9999873  0.99998575 0.9999809  0.9999705
 0.9999521  0.9999233  0.99988204 0.99982643 0.999756   0.9996692
 0.99956745 0.9994511  0.9993239  0.99918795 0.9990486  0.9989114
 0.99878234 0.99866956 0.9985814  0.998527   0.9985163  0.9985605
 0.99866945 0.9988539  0.99912596 0.99949604 0.9999749 ]","[[1.1634005  0.57270634 0.85059106]
 [2.005766   4.857333   3.7561603 ]
 [2.5090542  2.003396   5.08913   ]]",trotter
80,80,2,True,"[0.9999989  0.9999997  0.9999971  0.9999925  0.99998724 0.99998206
 0.9999775  0.99997425 0.999972   0.99997115 0.9999715  0.999973
 0.99997514 0.99997807 0.9999812  0.9999846  0.99998796 0.9999909
 0.9999935  0.9999957  0.9999974  0.99999857 0.9999992  0.9999997
 0.9999997  0.9999995  0.9999993  0.9999989  0.99999857 0.9999983
 0.999998   0.9999979  0.9999978  0.9999979  0.999998   0.9999981
 0.9999983  0.99999845 0.99999875 0.9999989  0.99999905 0.99999917
 0.9999994  0.9999994  0.9999994  0.9999994  0.99999946 0.9999995
 0.9999996  0.9999996  0.9999996  0.9999996  0.99999964 0.9999997
 0.9999997  0.9999996  0.9999996  0.99999946 0.9999992  0.99999905
 0.9999988  0.9999985  0.99999815 0.9999977  0.9999972  0.9999968
 0.9999964  0.9999961  0.999996   0.999996   0.9999961  0.9999965
 0.99999696 0.99999744 0.99999815 0.9999987  0.9999993  0.9999996
 0.9999998  0.9999995  0.999999   0.9999981  0.9999968  0.9999951
 0.99999315 0.999991   0.99998885 0.99998677 0.99998504 0.9999837
 0.999983   0.9999831  0.9999841  0.99998575 0.99998826 0.9999913
 0.9999946  0.99999756 0.9999995  0.99999964 0.9999967 ]","[[0.8306288  0.92758536 0.659383  ]
 [3.2756476  3.5326703  2.2029974 ]
 [6.071146   0.12503965 5.085226  ]]",trotter
81,81,2,False,"[0.99941653 0.99957854 0.9997388  0.9998959  1.0000476  1.000191
 1.0003244  1.0004449  1.0005498  1.0006366  1.0007038  1.0007486
 1.0007708  1.0007684  1.0007416  1.0006905  1.0006152  1.0005181
 1.0004004  1.0002652  1.0001155  0.99995506 0.9997881  0.9996191
 0.9994518  0.9992923  0.99914473 0.9990131  0.9989014  0.9988144
 0.99875355 0.99872166 0.99872094 0.9987504  0.99881005 0.99889994
 0.99901557 0.99915504 0.99931425 0.9994886  0.99967283 0.9998619
 1.0000504  1.0002329  1.0004038  1.0005591  1.0006938  1.0008054
 1.0008905  1.0009478  1.0009767  1.0009773  1.0009507  1.0008987
 1.000825   1.0007321  1.0006242  1.0005058  1.0003812  1.0002549
 1.0001305  1.0000129  0.99990493 0.99980944 0.9997291  0.9996649
 0.9996181  0.9995884  0.99957496 0.9995765  0.99959177 0.9996178
 0.999652   0.99969184 0.99973375 0.9997752  0.9998132  0.9998454
 0.9998694  0.9998839  0.99988765 0.99987984 0.9998607  0.9998313
 0.99979264 0.9997468  0.9996969  0.9996459  0.9995976  0.9995562
 0.99952656 0.9995141  0.999523   0.99956006 0.9996305  0.99973935
 0.99989295 1.0000962  1.0003546  1.0006737  1.001057  ]","[[0.8306288  0.92758536 0.659383  ]
 [3.2756476  3.5326703  2.2029974 ]
 [6.071146   0.12503965 5.085226  ]]",trotter
82,82,2,True,"[1.         0.9999998  0.9999994  0.99999875 0.9999982  0.9999977
 0.99999714 0.9999968  0.99999654 0.99999654 0.9999968  0.999997
 0.99999744 0.99999774 0.99999833 0.99999875 0.99999917 0.9999994
 0.9999998  0.99999994 0.99999994 0.99999994 0.9999998  0.9999997
 0.9999994  0.9999991  0.99999887 0.9999986  0.9999985  0.9999984
 0.9999984  0.9999984  0.9999986  0.9999988  0.99999905 0.9999993
 0.9999996  0.99999976 0.99999994 0.99999994 0.99999994 0.99999994
 0.99999976 0.99999964 0.99999934 0.99999917 0.999999   0.99999875
 0.9999986  0.99999857 0.9999985  0.9999986  0.9999986  0.9999989
 0.9999991  0.9999992  0.9999994  0.9999996  0.9999997  0.99999976
 0.9999997  0.99999964 0.9999995  0.99999934 0.9999991  0.9999989
 0.9999987  0.9999985  0.9999984  0.99999815 0.9999982  0.99999815
 0.9999982  0.9999984  0.9999985  0.99999875 0.999999   0.9999992
 0.9999996  0.99999976 0.9999998  0.99999976 0.99999946 0.9999988
 0.9999978  0.9999965  0.99999464 0.99999255 0.99999034 0.99998784
 0.9999856  0.99998367 0.99998236 0.99998194 0.99998266 0.99998456
 0.9999875  0.99999136 0.9999954  0.99999875 0.99999994]","[[0.5272853 1.3036817 1.386164 ]
 [3.7648802 3.0380409 3.9557102]
 [0.348099  1.7423401 1.9906597]]",trotter
83,83,2,False,"[1.0000613  0.9993624  0.99890304 0.99864733 0.9985587  0.9986018
 0.998741   0.9989436  0.99918133 0.99942917 0.9996683  0.99988264
 1.0000627  1.0002024  1.0002989  1.0003539  1.0003716  1.000357
 1.0003161  1.0002575  1.0001868  1.0001117  1.000038   0.99997073
 0.99991345 0.9998684  0.9998379  0.99982125 0.99981856 0.9998285
 0.9998487  0.99987733 0.9999117  0.99994874 0.9999871  1.0000234
 1.0000561  1.0000834  1.0001042  1.0001181  1.000124   1.0001227
 1.0001142  1.0000992  1.0000794  1.0000556  1.0000297  1.0000026
 0.9999763  0.99995214 0.9999312  0.9999147  0.99990296 0.99989647
 0.99989545 0.99989885 0.99990714 0.99991804 0.9999315  0.99994546
 0.99995965 0.9999723  0.99998283 0.99999064 0.9999956  0.9999983
 0.9999982  0.9999972  0.9999965  0.99999666 0.999999   1.0000046
 1.0000147  1.000029   1.0000471  1.0000689  1.0000917  1.0001141
 1.0001336  1.0001475  1.000153   1.0001476  1.0001284  1.0000945
 1.0000442  0.9999788  0.9998982  0.9998055  0.99970394 0.99959767
 0.99949276 0.9993953  0.99931234 0.9992506  0.9992181  0.9992223
 0.9992703  0.9993693  0.99952507 0.9997426  1.0000267 ]","[[0.5272853 1.3036817 1.386164 ]
 [3.7648802 3.0380409 3.9557102]
 [0.348099  1.7423401 1.9906597]]",trotter
84,84,2,True,"[0.99999976 1.         0.9999999  0.9999995  0.9999993  0.999999
 0.9999987  0.9999985  0.99999833 0.9999982  0.9999982  0.9999983
 0.9999984  0.9999985  0.9999986  0.9999989  0.9999991  0.9999993
 0.9999994  0.99999964 0.9999997  0.9999999  0.9999999  0.9999999
 0.9999999  0.9999999  0.9999998  0.9999997  0.9999997  0.9999995
 0.99999946 0.9999993  0.9999993  0.9999992  0.9999991  0.99999905
 0.9999991  0.99999905 0.9999991  0.9999992  0.9999993  0.99999934
 0.99999946 0.99999946 0.9999996  0.99999964 0.9999998  0.9999998
 0.9999999  1.         0.99999994 1.         1.         0.99999994
 0.9999999  0.99999976 0.99999964 0.99999946 0.9999994  0.9999993
 0.9999991  0.999999   0.9999989  0.9999988  0.9999988  0.9999988
 0.9999988  0.99999887 0.999999   0.99999905 0.99999917 0.9999993
 0.99999946 0.9999996  0.9999997  0.9999998  0.9999999  0.99999994
 0.99999994 0.99999994 0.9999998  0.9999997  0.9999996  0.9999994
 0.99999917 0.99999905 0.9999988  0.9999986  0.99999845 0.9999984
 0.9999984  0.9999984  0.9999985  0.9999986  0.99999887 0.99999917
 0.99999946 0.9999997  0.9999998  0.99999976 0.9999994 ]","[[1.4737006  0.62816995 1.306119  ]
 [0.24741356 0.04288227 1.7278744 ]
 [5.3460383  3.362591   3.8545563 ]]",trotter
85,85,2,False,"[1.0004265  1.0001839  0.9999903  0.99983996 0.99972886 0.9996517
 0.99960333 0.99957913 0.9995752  0.999587   0.9996113  0.9996444
 0.99968374 0.9997265  0.99977005 0.99981475 0.99985754 0.99989754
 0.9999344  0.99996716 0.99999654 1.0000219  1.0000439  1.0000621
 1.0000778  1.00009    1.0001     1.0001084  1.0001148  1.0001194
 1.0001227  1.0001246  1.0001252  1.0001248  1.0001229  1.0001198
 1.0001149  1.0001086  1.0001005  1.0000907  1.0000789  1.0000659
 1.0000513  1.0000349  1.0000181  1.0000006  0.9999829  0.99996525
 0.99994904 0.9999342  0.9999216  0.9999113  0.99990445 0.9999012
 0.99990195 0.99990726 0.99991673 0.9999309  0.9999493  0.99997187
 0.9999982  1.0000277  1.0000594  1.0000925  1.0001264  1.0001594
 1.000191   1.0002193  1.0002435  1.0002627  1.0002755  1.0002807
 1.0002776  1.0002657  1.000244   1.0002127  1.0001714  1.0001208
 1.000061   0.9999928  0.9999179  0.99983734 0.9997532  0.9996675
 0.9995829  0.9995017  0.99942714 0.99936235 0.9993102  0.9992752
 0.9992602  0.9992695  0.9993062  0.99937457 0.9994779  0.99962026
 0.9998046  1.0000347  1.0003133  1.0006431  1.0010266 ]","[[1.4737006  0.62816995 1.306119  ]
 [0.24741356 0.04288227 1.7278744 ]
 [5.3460383  3.362591   3.8545563 ]]",trotter
86,86,2,True,"[0.99999994 0.9999984  0.99999434 0.99998945 0.99998486 0.99998116
 0.99997884 0.9999779  0.9999782  0.9999795  0.9999816  0.9999842
 0.99998695 0.99998975 0.9999924  0.99999464 0.9999964  0.9999979
 0.999999   0.9999996  0.9999998  0.9999998  0.9999996  0.9999993
 0.99999875 0.9999982  0.99999774 0.99999726 0.99999696 0.9999967
 0.99999666 0.99999666 0.9999967  0.999997   0.9999973  0.99999774
 0.99999815 0.99999857 0.99999887 0.9999993  0.99999946 0.99999964
 0.9999996  0.9999995  0.99999934 0.99999905 0.9999988  0.9999985
 0.9999982  0.9999979  0.99999785 0.99999774 0.99999785 0.9999979
 0.9999982  0.99999845 0.99999875 0.99999905 0.9999993  0.9999994
 0.99999946 0.9999994  0.9999991  0.9999986  0.99999803 0.99999744
 0.9999968  0.9999961  0.9999956  0.99999505 0.9999947  0.99999464
 0.99999475 0.9999951  0.99999577 0.9999965  0.99999744 0.9999983
 0.9999991  0.9999997  0.99999994 0.9999995  0.9999987  0.999997
 0.9999946  0.99999154 0.9999878  0.99998355 0.9999792  0.9999747
 0.99997073 0.99996775 0.99996597 0.99996585 0.99996775 0.9999716
 0.9999773  0.99998426 0.99999154 0.9999975  0.9999999 ]","[[1.311836   1.1003497  0.85390323]
 [1.9128374  5.0939493  1.2270724 ]
 [2.2622721  0.34301648 1.1041532 ]]",trotter
87,87,2,False,"[1.0000232  0.9999808  0.9999795  1.0000095  1.0000603  1.0001233
 1.0001901  1.0002538  1.000308   1.0003481  1.0003713  1.000376
 1.000361   1.0003278  1.0002785  1.0002152  1.000143   1.0000647
 0.99998474 0.99990815 0.99983776 0.9997771  0.9997298  0.99969715
 0.9996802  0.99967855 0.99969226 0.9997202  0.99976    0.99980927
 0.9998653  0.99992514 0.99998593 1.0000451  1.0001005  1.0001496
 1.0001913  1.0002247  1.0002486  1.0002632  1.0002692  1.0002661
 1.0002562  1.0002396  1.0002176  1.0001922  1.0001642  1.0001355
 1.0001067  1.0000794  1.0000542  1.0000324  1.0000138  0.9999996
 0.99998915 0.9999827  0.99998057 0.99998176 0.9999859  0.9999922
 1.0000001  1.0000088  1.000018   1.0000261  1.0000339  1.0000398
 1.0000448  1.0000482  1.00005    1.000051   1.0000511  1.0000513
 1.0000519  1.0000527  1.0000541  1.0000557  1.0000573  1.0000579
 1.0000561  1.0000509  1.0000408  1.0000238  0.9999983  0.9999629
 0.9999171  0.9998606  0.9997931  0.9997169  0.9996338  0.9995484
 0.9994651  0.99939054 0.99933213 0.99929917 0.9993015  0.99935
 0.9994565  0.9996332  0.99989337 1.0002488  1.0007123 ]","[[1.311836   1.1003497  0.85390323]
 [1.9128374  5.0939493  1.2270724 ]
 [2.2622721  0.34301648 1.1041532 ]]",trotter
88,88,2,True,"[0.99999774 0.99998003 0.99991065 0.9998108  0.9996987  0.9995884
 0.9994909  0.99941385 0.99936163 0.9993364  0.99933755 0.99936295
 0.9994089  0.9994707  0.99954313 0.99962074 0.99969846 0.9997718
 0.99983674 0.99989074 0.99993193 0.99995977 0.9999748  0.99997824
 0.99997216 0.99995923 0.99994195 0.99992317 0.99990517 0.9998904
 0.99987984 0.9998745  0.9998747  0.99988    0.9998897  0.99990255
 0.99991745 0.9999332  0.9999485  0.99996257 0.9999745  0.9999841
 0.9999912  0.9999957  0.9999981  0.99999857 0.99999774 0.99999595
 0.9999938  0.99999154 0.9999896  0.99998814 0.9999874  0.99998736
 0.99998796 0.99998915 0.9999908  0.99999267 0.99999434 0.9999958
 0.99999696 0.99999756 0.9999975  0.9999969  0.99999577 0.9999942
 0.9999925  0.9999908  0.99998915 0.9999879  0.99998707 0.99998695
 0.99998736 0.99998826 0.99998975 0.99999166 0.9999937  0.9999959
 0.9999978  0.9999992  0.9999999  0.9999996  0.9999978  0.99999434
 0.99998903 0.99998194 0.99997294 0.99996233 0.9999507  0.9999388
 0.9999276  0.9999182  0.9999121  0.99991024 0.9999138  0.9999231
 0.999938   0.9999569  0.999977   0.99999356 0.9999998 ]","[[0.57811904 1.4921892  1.3579671 ]
 [2.9916003  6.0031495  3.579344  ]
 [6.1039724  3.0723515  1.6225024 ]]",trotter
89,89,2,False,"[0.9993403  0.9992164  0.9992053  0.9993094  0.99952525 0.9998471
 1.000262   1.0007551  1.0013058  1.0018926  1.00249    1.0030719
 1.0036116  1.0040817  1.0044578  1.0047163  1.0048376  1.004806
 1.0046104  1.004245   1.0037102  1.0030121  1.0021645  1.0011847
 1.000098   0.99893284 0.99772215 0.9965013  0.9953084  0.9941796
 0.99315006 0.99225426 0.9915203  0.9909724  0.990628   0.9904977
 0.9905866  0.99088895 0.9913966  0.9920913  0.99294984 0.99394584
 0.9950472  0.9962195  0.9974284  0.99863905 0.99981797 1.0009334
 1.0019578  1.0028676  1.0036438  1.0042726  1.0047455  1.0050594
 1.0052156  1.0052203  1.005084   1.0048203  1.0044447  1.0039763
 1.0034333  1.002836   1.0022029  1.001553   1.0009044  1.0002722
 0.9996709  0.9991142  0.99861306 0.99817693 0.9978144  0.997532
 0.9973356  0.997229   0.9972145  0.997293   0.99746174 0.99771833
 0.9980556  0.99846405 0.9989322  0.9994455  0.99998784 1.0005409
 1.0010848  1.0016007  1.0020691  1.0024728  1.0027965  1.0030265
 1.003155   1.0031762  1.003088   1.0028934  1.0025976  1.0022093
 1.0017406  1.0012038  1.0006133  0.99998266 0.99932635]","[[0.57811904 1.4921892  1.3579671 ]
 [2.9916003  6.0031495  3.579344  ]
 [6.1039724  3.0723515  1.6225024 ]]",trotter
90,90,2,True,"[1.         0.99999547 0.99998456 0.9999713  0.9999584  0.99994797
 0.999941   0.99993783 0.9999386  0.9999426  0.9999491  0.99995714
 0.99996585 0.99997455 0.99998236 0.9999888  0.99999386 0.9999972
 0.99999917 0.99999976 0.99999964 0.99999875 0.99999774 0.9999967
 0.99999595 0.99999547 0.9999954  0.99999565 0.99999624 0.9999969
 0.99999774 0.99999845 0.9999989  0.99999946 0.99999976 0.9999998
 0.9999999  0.9999997  0.9999996  0.99999934 0.99999917 0.99999905
 0.99999887 0.99999875 0.9999988  0.9999988  0.99999875 0.99999887
 0.9999988  0.999999   0.9999991  0.99999917 0.9999992  0.99999946
 0.9999995  0.99999964 0.99999976 0.9999998  0.9999999  0.99999994
 0.99999976 0.99999964 0.99999917 0.99999875 0.9999979  0.99999696
 0.9999959  0.99999464 0.9999933  0.999992   0.9999911  0.9999904
 0.99999017 0.9999905  0.99999154 0.99999297 0.99999475 0.99999666
 0.99999845 0.99999964 0.99999994 0.9999989  0.9999963  0.999992
 0.9999859  0.99997807 0.9999689  0.9999591  0.99994904 0.99993986
 0.99993217 0.999927   0.999925   0.99992704 0.99993306 0.9999431
 0.99995625 0.9999713  0.9999858  0.99999654 0.9999996 ]","[[0.9762152 1.1089823 0.9447455]
 [4.117367  4.0984044 4.701866 ]
 [5.418803  0.9514659 1.1642284]]",trotter
91,91,2,False,"[1.0000207  0.99875706 0.9978152  0.99716634 0.9967802  0.9966227
 0.99666065 0.9968595  0.9971851  0.99760336 0.99808186 0.9985895
 0.9990983  0.9995832  1.0000224  1.0003985  1.000698   1.0009125
 1.0010382  1.0010742  1.0010259  1.0009011  1.0007111  1.0004698
 1.000193   0.99989676 0.99959785 0.99931073 0.99905115 0.9988308
 0.9986591  0.99854296 0.99848664 0.99849176 0.9985564  0.9986773
 0.9988481  0.9990619  0.99930996 0.9995832  0.9998713  1.0001655
 1.0004561  1.000734   1.0009915  1.001221   1.0014161  1.0015718
 1.0016837  1.001748   1.0017632  1.0017284  1.0016438  1.0015107
 1.0013325  1.0011135  1.0008591  1.0005763  1.0002731  0.9999581
 0.999642   0.9993338  0.99904376 0.99878246 0.9985577  0.9983779
 0.9982488  0.9981752  0.99815786 0.99819726 0.9982905  0.998431
 0.9986131  0.998827   0.99906164 0.99930567 0.9995476  0.9997752
 0.9999771  1.0001448  1.0002697  1.0003451  1.0003687  1.0003387
 1.0002569  1.0001283  0.99995863 0.99975765 0.9995361  0.99930614
 0.9990826  0.9988798  0.9987131  0.99859786 0.9985496  0.9985828
 0.9987109  0.99894637 0.9993002  0.9997807  1.0003958 ]","[[0.9762152 1.1089823 0.9447455]
 [4.117367  4.0984044 4.701866 ]
 [5.418803  0.9514659 1.1642284]]",trotter
92,92,2,True,"[1.         0.99999946 0.9999983  0.999997   0.999996   0.9999955
 0.9999954  0.99999577 0.9999964  0.9999971  0.999998   0.99999857
 0.9999991  0.99999946 0.99999976 0.9999997  0.9999997  0.99999964
 0.99999946 0.99999946 0.99999946 0.9999995  0.9999995  0.9999995
 0.99999964 0.9999997  0.99999964 0.99999964 0.9999996  0.9999997
 0.9999997  0.99999964 0.9999997  0.9999997  0.99999976 0.9999998
 0.9999998  0.99999976 0.99999976 0.99999976 0.9999997  0.99999976
 0.9999997  0.99999964 0.99999964 0.99999964 0.9999995  0.9999996
 0.9999996  0.9999996  0.99999964 0.9999996  0.9999995  0.9999996
 0.99999964 0.9999996  0.9999996  0.9999996  0.9999996  0.9999996
 0.99999964 0.9999997  0.99999964 0.9999997  0.99999976 0.99999976
 0.99999976 0.99999976 0.99999976 0.9999998  0.9999998  0.9999998
 0.9999998  0.9999997  0.9999996  0.9999994  0.99999905 0.99999887
 0.99999875 0.9999985  0.9999986  0.9999988  0.99999905 0.9999992
 0.9999992  0.9999989  0.99999785 0.9999961  0.99999374 0.99999046
 0.99998695 0.99998313 0.9999798  0.9999775  0.99997675 0.9999779
 0.99998134 0.99998647 0.99999255 0.9999979  0.99999994]","[[1.430538  1.0681887 1.0725282]
 [1.4433823 3.8450756 5.467553 ]
 [4.473244  2.0808733 0.8775599]]",trotter
93,93,2,False,"[1.0000631  0.9993545  0.99887186 0.99859065 0.9984832  0.9985203
 0.9986717  0.9989056  0.9991928  0.9995047  0.9998168  1.0001069
 1.0003574  1.0005566  1.000695   1.0007708  1.0007848  1.0007427
 1.0006529  1.0005271  1.000377   1.0002161  1.0000569  0.99991035
 0.99978673 0.9996927  0.99963284 0.99960965 0.99962157 0.9996661
 0.99973834 0.99983186 0.9999389  1.0000523  1.0001638  1.0002666
 1.0003536  1.0004191  1.0004598  1.0004724  1.0004567  1.0004116
 1.0003406  1.0002468  1.0001339  1.0000088  0.9998779  0.9997476
 0.9996267  0.99952155 0.9994396  0.9993868  0.99936724 0.9993852
 0.99944055 0.99953306 0.99965924 0.9998135  0.99998814 1.0001729
 1.000358   1.0005312  1.0006813  1.0007973  1.0008696  1.0008917
 1.0008595  1.0007714  1.0006313  1.0004448  1.0002215  0.9999742
 0.99971646 0.9994647  0.9992341  0.99903923 0.99889314 0.99880666
 0.9987865  0.99883515 0.9989532  0.99913615 0.9993759  0.9996623
 0.9999816  1.0003204  1.0006626  1.0009931  1.0012972  1.0015606
 1.0017716  1.0019194  1.0019953  1.0019931  1.0019072  1.0017351
 1.0014747  1.0011249  1.0006857  1.0001578  0.99954116]","[[1.430538  1.0681887 1.0725282]
 [1.4433823 3.8450756 5.467553 ]
 [4.473244  2.0808733 0.8775599]]",trotter
94,94,2,True,"[0.99999976 0.9999986  0.9999946  0.99999064 0.9999881  0.99998766
 0.99998873 0.99999076 0.9999931  0.9999952  0.9999967  0.99999774
 0.9999983  0.99999833 0.9999982  0.9999981  0.99999815 0.9999983
 0.9999986  0.999999   0.9999993  0.9999995  0.99999946 0.9999992
 0.99999887 0.99999833 0.99999785 0.99999744 0.9999972  0.999997
 0.99999726 0.99999756 0.99999803 0.9999985  0.999999   0.99999946
 0.9999997  0.9999997  0.99999976 0.9999997  0.9999996  0.99999964
 0.9999996  0.9999996  0.99999964 0.9999997  0.9999999  0.9999998
 1.         0.99999994 0.9999999  0.9999999  0.99999994 0.9999999
 0.99999976 0.99999976 0.9999997  0.9999995  0.99999946 0.99999934
 0.99999934 0.9999994  0.99999946 0.9999996  0.9999997  0.9999996
 0.9999994  0.9999989  0.9999982  0.99999726 0.99999624 0.9999953
 0.99999434 0.9999939  0.99999386 0.99999446 0.9999954  0.9999967
 0.9999982  0.99999946 1.         0.99999946 0.9999977  0.99999416
 0.9999888  0.9999817  0.9999733  0.9999639  0.99995404 0.9999447
 0.9999367  0.999931   0.99992824 0.99992925 0.9999343  0.99994326
 0.9999555  0.9999698  0.9999841  0.99999547 1.        ]","[[1.2472806 1.43004   1.1484714]
 [2.0942168 3.8165946 4.8834343]
 [4.27669   2.780794  1.9621471]]",trotter
95,95,2,False,"[1.0015006  0.99994886 0.99863356 0.9975653  0.99674815 0.99617535
 0.99583566 0.995709   0.99577063 0.99599254 0.99634284 0.99679
 0.9973028  0.99785066 0.9984085  0.99895203 0.99946415 0.99993044
 1.0003415  1.000691   1.0009779  1.0012028  1.0013684  1.001479
 1.001539   1.0015534  1.0015261  1.0014611  1.0013605  1.0012271
 1.0010628  1.0008688  1.0006484  1.0004035  1.0001401  0.9998637
 0.9995824  0.9993046  0.99904346 0.9988086  0.9986125  0.99846727
 0.998382   0.99836487 0.9984206  0.9985501  0.9987507  0.99901533
 0.99933296 0.99968845 1.0000647  1.0004421  1.0008006  1.0011196
 1.0013821  1.0015724  1.0016794  1.0016954  1.00162    1.0014555
 1.0012102  1.0008967  1.0005313  1.0001321  0.9997195  0.99931455
 0.99893564 0.99860144 0.9983262  0.9981215  0.99799514 0.99795055
 0.9979865  0.9980989  0.9982796  0.9985181  0.99880075 0.99911374
 0.999442   0.9997704  1.0000849  1.0003726  1.0006231  1.0008272
 1.0009792  1.0010759  1.0011159  1.0011016  1.0010372  1.0009296
 1.0007869  1.000619   1.0004377  1.0002551  1.0000833  0.9999358
 0.9998244  0.99976146 0.99975777 0.9998239  0.9999678 ]","[[1.2472806 1.43004   1.1484714]
 [2.0942168 3.8165946 4.8834343]
 [4.27669   2.780794  1.9621471]]",trotter
96,96,2,True,"[0.99998    0.9999889  0.9999935  0.99999434 0.9999916  0.9999856
 0.9999765  0.99996465 0.9999503  0.99993366 0.99991524 0.9998958
 0.9998759  0.99985623 0.99983793 0.9998214  0.99980766 0.99979746
 0.99979115 0.99978924 0.99979174 0.9997988  0.9998101  0.9998248
 0.9998427  0.9998625  0.9998834  0.9999044  0.9999246  0.999943
 0.999959   0.99997216 0.99998206 0.99998885 0.99999267 0.9999941
 0.99999374 0.99999213 0.9999901  0.9999881  0.99998647 0.9999853
 0.9999845  0.9999839  0.99998313 0.99998146 0.99997866 0.9999745
 0.9999689  0.9999619  0.99995446 0.99994695 0.9999405  0.9999361
 0.9999344  0.999936   0.99994093 0.9999492  0.99995995 0.9999719
 0.99998343 0.999993   0.99999845 0.9999983  0.9999906  0.99997455
 0.99994916 0.9999143  0.99987066 0.9998191  0.99976134 0.9996996
 0.9996362  0.99957407 0.999516   0.99946517 0.9994241  0.9993954
 0.99938077 0.99938184 0.9993992  0.9994328  0.99948156 0.9995435
 0.9996158  0.99969465 0.9997754  0.99985254 0.9999196  0.9999699
 0.999996   0.99999046 0.99994534 0.99985343 0.9997076  0.9995012
 0.9992289  0.9988859  0.9984695  0.9979777  0.9974107 ]","[[0.61656964 1.4539195  0.86964375]
 [2.1340275  6.142425   6.0002847 ]
 [3.0509772  4.630647   4.9144206 ]]",trotter
97,97,2,False,"[1.0058753  1.0013902  0.99760836 0.9944995  0.99203235 0.99017376
 0.9888862  0.9881321  0.98787135 0.9880633  0.9886638  0.98962903
 0.99091285 0.99247056 0.9942536  0.9962147  0.9983059  1.0004796
 1.0026882  1.0048847  1.0070232  1.0090597  1.0109519  1.0126599
 1.0141473  1.0153811  1.0163336  1.0169811  1.0173061  1.0172974
 1.0169501  1.0162674  1.0152596  1.0139447  1.0123479  1.0105021
 1.0084466  1.0062267  1.0038934  1.0015     0.99910384 0.9967618
 0.99453056 0.9924639  0.99061185 0.98901904 0.9877211  0.9867476
 0.98611766 0.9858408  0.98591626 0.9863333  0.9870722  0.98810405
 0.98939216 0.99089336 0.992561   0.99434334 0.9961898  0.99804753
 0.9998676  1.0016053  1.0032173  1.0046684  1.0059301  1.0069788
 1.0077995  1.0083836  1.0087279  1.0088376  1.0087217  1.0083946
 1.0078744  1.0071839  1.0063472  1.0053904  1.0043416  1.0032296
 1.0020831  1.00093    0.9997978  0.99871445 0.99770427 0.9967906
 0.99599767 0.9953442  0.9948501  0.9945311  0.99440295 0.99447846
 0.99476874 0.9952842  0.9960335  0.9970232  0.99825984 0.99974847
 1.0014938  1.0035002  1.0057718  1.0083126  1.0111275 ]","[[0.61656964 1.4539195  0.86964375]
 [2.1340275  6.142425   6.0002847 ]
 [3.0509772  4.630647   4.9144206 ]]",trotter
98,98,2,True,"[1.0000001  0.99999857 0.9999951  0.9999909  0.99998677 0.99998343
 0.99998105 0.9999798  0.99997973 0.99998057 0.99998224 0.99998444
 0.9999871  0.9999898  0.99999243 0.99999475 0.9999967  0.9999982
 0.9999993  0.9999998  1.         0.9999998  0.9999992  0.99999857
 0.9999978  0.999997   0.9999963  0.99999577 0.9999954  0.9999953
 0.9999954  0.9999957  0.99999624 0.99999684 0.99999744 0.99999815
 0.99999875 0.9999993  0.99999964 0.9999999  1.         0.9999999
 0.99999964 0.9999993  0.99999887 0.99999845 0.99999803 0.99999774
 0.99999756 0.99999744 0.99999744 0.9999976  0.99999785 0.9999982
 0.9999987  0.99999905 0.9999994  0.9999997  0.99999994 0.99999994
 0.9999999  0.99999964 0.99999934 0.99999905 0.9999986  0.9999982
 0.99999785 0.9999976  0.99999756 0.99999756 0.9999977  0.99999785
 0.99999815 0.9999985  0.9999989  0.99999934 0.9999996  0.9999998
 0.99999994 0.9999999  0.9999997  0.9999994  0.99999905 0.9999987
 0.9999981  0.9999977  0.9999973  0.9999971  0.999997   0.999997
 0.99999726 0.9999977  0.99999815 0.9999986  0.9999991  0.9999996
 0.9999998  0.99999976 0.99999917 0.9999982  0.9999967 ]","[[0.70756286 0.5516748  0.54450536]
 [0.1012704  3.9954786  6.021897  ]
 [3.2922642  3.6284938  4.451614  ]]",trotter
99,99,2,False,"[1.0004134  1.0001231  0.9998737  0.9996644  0.9994937  0.9993591
 0.99925786 0.99918854 0.9991476  0.9991327  0.9991412  0.99917066
 0.9992181  0.99928176 0.9993588  0.99944687 0.9995447  0.9996494
 0.9997601  0.9998743  0.99999064 1.000108   1.0002245  1.0003387
 1.0004495  1.0005555  1.0006552  1.0007466  1.0008291  1.0009006
 1.0009604  1.0010067  1.0010378  1.0010533  1.0010513  1.0010318
 1.0009931  1.0009359  1.0008599  1.0007651  1.000653   1.0005246
 1.0003815  1.0002264  1.000062   0.999891   0.99971706 0.99954396
 0.9993755  0.99921644 0.99906975 0.99893945 0.99882984 0.9987437
 0.9986838  0.99865294 0.9986514  0.9986806  0.99874043 0.9988299
 0.9989471  0.9990902  0.99925464 0.99943763 0.9996339  0.9998389
 1.0000471  1.0002537  1.0004525  1.0006386  1.0008069  1.0009528
 1.001073   1.0011631  1.0012211  1.0012453  1.0012343  1.0011888
 1.0011092  1.0009975  1.0008569  1.0006905  1.0005026  1.0002993
 1.0000851  0.99986684 0.999652   0.9994468  0.9992588  0.9990966
 0.99896705 0.99887866 0.9988397  0.99885726 0.9989391  0.9990929
 0.9993265  0.9996465  1.00006    1.0005723  1.0011914 ]","[[0.70756286 0.5516748  0.54450536]
 [0.1012704  3.9954786  6.021897  ]
 [3.2922642  3.6284938  4.451614  ]]",trotter
100,100,3,True,"[0.9999996  0.99999374 0.99997663 0.9999554  0.9999349  0.9999185
 0.99990785 0.99990356 0.99990517 0.9999119  0.9999224  0.999935
 0.9999484  0.9999614  0.99997294 0.99998254 0.99998987 0.99999493
 0.99999785 0.99999917 0.99999934 0.9999988  0.9999981  0.9999973
 0.99999684 0.9999966  0.9999967  0.999997   0.9999975  0.9999979
 0.99999833 0.9999987  0.9999989  0.999999   0.9999991  0.9999991
 0.99999905 0.9999991  0.99999917 0.99999917 0.99999917 0.9999992
 0.99999917 0.99999905 0.9999989  0.9999988  0.9999987  0.9999985
 0.9999985  0.9999985  0.9999985  0.9999986  0.9999988  0.99999887
 0.9999991  0.9999992  0.9999993  0.99999934 0.99999934 0.99999934
 0.9999994  0.9999994  0.99999946 0.99999946 0.9999995  0.99999946
 0.99999934 0.9999991  0.9999986  0.9999981  0.9999974  0.9999966
 0.9999959  0.9999953  0.999995   0.99999505 0.9999955  0.9999963
 0.9999974  0.9999985  0.9999994  0.99999964 0.9999991  0.9999973
 0.9999941  0.9999895  0.99998343 0.9999765  0.9999688  0.99996126
 0.9999544  0.99994934 0.9999466  0.9999469  0.9999504  0.99995714
 0.9999667  0.9999777  0.9999883  0.9999958  0.99999654]","[[1.0237432  1.1930034  0.91620433 0.9341004  0.5135687  0.62840897]
 [4.0820456  4.669509   0.22994228 4.7770085  2.9410093  5.383318  ]
 [1.0936639  0.2523317  2.1005278  2.0274165  1.4714665  3.9072945 ]]",trotter
101,101,3,False,"[1.0008581  0.9999678  0.99936295 0.99900943 0.9988708  0.998909
 0.99908555 0.9993619  0.9997015  1.0000684  1.0004313  1.0007619
 1.0010363  1.0012357  1.0013481  1.0013645  1.0012842  1.001111
 1.0008535  1.0005252  1.0001427  0.99972564 0.9992945  0.9988702
 0.99847347 0.99812186 0.99783146 0.99761415 0.9974779  0.99742717
 0.99746174 0.99757725 0.99776644 0.9980192  0.9983228  0.998664
 0.9990283  0.9994019  0.99977195 1.0001266  1.0004559  1.0007517
 1.0010085  1.001222   1.0013903  1.0015134  1.0015911  1.0016255
 1.0016193  1.0015749  1.0014954  1.0013832  1.0012419  1.0010743
 1.0008831  1.0006722  1.0004449  1.0002053  0.99995875 0.9997107
 0.99946743 0.9992367  0.99902576 0.9988429  0.99869597 0.9985928
 0.99853945 0.99854046 0.998599   0.99871504 0.9988862  0.9991065
 0.9993678  0.99965805 0.99996346 1.0002679  1.0005537  1.0008037
 1.0010003  1.0011276  1.0011727  1.0011249  1.000979   1.0007331
 1.0003915  0.9999637  0.999464   0.99891275 0.9983349  0.99776
 0.9972213  0.99675465 0.99639887 0.99619395 0.9961798  0.99639726
 0.99688464 0.99767953 0.99881655 1.0003272  1.0022389 ]","[[1.0237432  1.1930034  0.91620433 0.9341004  0.5135687  0.62840897]
 [4.0820456  4.669509   0.22994228 4.7770085  2.9410093  5.383318  ]
 [1.0936639  0.2523317  2.1005278  2.0274165  1.4714665  3.9072945 ]]",trotter
102,102,3,True,"[0.9999996  0.9999987  0.9999949  0.9999897  0.99998444 0.99997985
 0.99997646 0.9999744  0.99997383 0.9999745  0.99997634 0.99997896
 0.99998206 0.99998546 0.99998873 0.99999183 0.99999446 0.99999654
 0.9999981  0.99999917 0.99999964 0.9999996  0.9999993  0.9999986
 0.9999979  0.9999971  0.99999624 0.99999565 0.99999505 0.99999475
 0.9999945  0.9999946  0.99999464 0.999995   0.99999535 0.9999959
 0.9999964  0.9999969  0.99999744 0.999998   0.9999984  0.9999987
 0.9999989  0.9999991  0.99999917 0.99999905 0.99999887 0.9999986
 0.9999984  0.9999981  0.99999785 0.9999977  0.9999975  0.9999974
 0.9999975  0.9999976  0.9999979  0.9999982  0.9999986  0.999999
 0.9999993  0.9999994  0.99999934 0.9999992  0.99999875 0.9999981
 0.99999726 0.99999624 0.9999953  0.99999434 0.9999936  0.99999315
 0.99999297 0.99999326 0.9999939  0.9999949  0.99999607 0.9999974
 0.9999986  0.99999946 0.99999994 0.9999995  0.99999833 0.99999624
 0.99999326 0.99998933 0.9999849  0.99998015 0.9999755  0.99997133
 0.9999681  0.9999663  0.99996614 0.999968   0.9999717  0.9999772
 0.9999835  0.99998987 0.99999446 0.99999535 0.9999898 ]","[[0.87247807 0.8989135  0.64142275 0.5252656  0.50244147 0.6000097 ]
 [4.4327545  2.2964892  5.40395    5.9418216  3.6556566  2.047062  ]
 [4.823949   4.9731326  2.4653986  4.120095   0.6887872  0.07277952]]",trotter
103,103,3,False,"[1.0013918  1.0001944  0.9992361  0.9984965  0.99795383 0.9975861
 0.9973718  0.9972891  0.99731755 0.9974365  0.99762726 0.9978717
 0.99815315 0.9984568  0.9987693  0.9990788  0.99937624 0.9996528
 0.9999027  1.0001211  1.0003057  1.0004536  1.0005662  1.000643
 1.0006862  1.000699   1.0006839  1.0006447  1.0005854  1.0005099
 1.000422   1.0003265  1.0002258  1.0001245  1.0000249  0.99993014
 0.9998431  0.999765   0.9996976  0.99964255 0.99960035 0.99957097
 0.9995551  0.99955165 0.9995601  0.99957895 0.99960697 0.99964243
 0.9996837  0.9997285  0.999775   0.9998212  0.9998659  0.99990714
 0.9999445  0.99997693 1.0000043  1.0000268  1.0000455  1.0000618
 1.000076   1.0000908  1.0001073  1.0001272  1.000152   1.0001824
 1.0002186  1.0002607  1.0003071  1.0003566  1.0004066  1.0004538
 1.0004944  1.0005239  1.0005381  1.0005327  1.0005035  1.0004469
 1.0003598  1.0002403  1.0000883  0.99990416 0.99969065 0.99945146
 0.9991925  0.9989218  0.9986477  0.9983823  0.9981372  0.99792635
 0.9977643  0.9976673  0.99765176 0.99773395 0.9979319  0.99826205
 0.99874127 0.99938565 1.0002112  1.0012316  1.002461  ]","[[0.87247807 0.8989135  0.64142275 0.5252656  0.50244147 0.6000097 ]
 [4.4327545  2.2964892  5.40395    5.9418216  3.6556566  2.047062  ]
 [4.823949   4.9731326  2.4653986  4.120095   0.6887872  0.07277952]]",trotter
104,104,3,True,"[0.9999955  0.99999774 0.9999948  0.9999891  0.9999826  0.9999766
 0.9999718  0.99996877 0.9999677  0.99996823 0.9999703  0.9999735
 0.99997735 0.9999816  0.99998575 0.9999897  0.999993   0.99999565
 0.9999977  0.9999989  0.9999995  0.99999964 0.9999993  0.9999985
 0.99999774 0.9999968  0.9999958  0.99999523 0.9999946  0.9999943
 0.9999941  0.9999942  0.99999446 0.99999493 0.99999547 0.9999962
 0.99999684 0.99999744 0.999998   0.99999845 0.9999987  0.99999887
 0.99999887 0.99999875 0.9999984  0.9999981  0.9999977  0.9999974
 0.99999696 0.99999666 0.99999654 0.9999965  0.9999966  0.9999968
 0.99999714 0.99999756 0.999998   0.99999833 0.9999987  0.9999989
 0.99999905 0.9999989  0.9999987  0.9999983  0.99999774 0.99999714
 0.9999965  0.99999577 0.99999523 0.99999475 0.99999464 0.9999946
 0.9999948  0.9999952  0.9999958  0.99999654 0.9999973  0.99999803
 0.9999987  0.99999905 0.9999991  0.99999875 0.9999978  0.99999636
 0.9999943  0.99999154 0.9999883  0.99998456 0.99998057 0.9999765
 0.9999729  0.9999699  0.99996793 0.99996763 0.9999691  0.9999725
 0.9999778  0.9999846  0.9999918  0.9999977  0.99999994]","[[0.83311516 0.8330051  1.2100323  0.7548353  0.58873564 0.94640815]
 [6.275804   4.4110866  2.7069502  3.002384   5.0282493  1.2023329 ]
 [2.673816   5.5007796  5.366035   4.3358107  3.2312558  5.0022116 ]]",trotter
105,105,3,False,"[1.0026957  1.0010684  0.99974024 0.9986879  0.9978879  0.99731433
 0.9969413  0.9967438  0.9966961  0.9967735  0.9969522  0.9972092
 0.9975243  0.9978776  0.9982524  0.99863327 0.9990079  0.9993655
 0.9996969  0.99999696 1.0002602  1.0004843  1.0006678  1.0008106
 1.0009142  1.0009801  1.0010115  1.001011   1.000982   1.0009286
 1.0008545  1.0007632  1.0006588  1.000545   1.0004256  1.0003036
 1.0001826  1.0000657  0.99995524 0.9998539  0.9997636  0.9996857
 0.9996213  0.999571   0.9995354  0.999514   0.9995063  0.999511
 0.99952805 0.9995554  0.9995923  0.9996372  0.99968904 0.99974614
 0.99980736 0.9998723  0.99993885 1.000006   1.0000728  1.0001379
 1.0001998  1.0002568  1.000308   1.000352   1.0003862  1.000411
 1.0004245  1.0004269  1.0004175  1.0003968  1.0003662  1.0003273
 1.0002817  1.0002315  1.0001789  1.0001265  1.000077   1.0000317
 0.99999213 0.9999589  0.99993247 0.9999117  0.9998956  0.9998819
 0.99986863 0.9998537  0.99983454 0.99980944 0.9997776  0.9997387
 0.99969465 0.99964774 0.99960226 0.9995646  0.99954224 0.99954456
 0.99958193 0.99966633 0.9998104  1.0000275  1.0003309 ]","[[0.83311516 0.8330051  1.2100323  0.7548353  0.58873564 0.94640815]
 [6.275804   4.4110866  2.7069502  3.002384   5.0282493  1.2023329 ]
 [2.673816   5.5007796  5.366035   4.3358107  3.2312558  5.0022116 ]]",trotter
106,106,3,True,"[0.9999987  0.9999949  0.9999803  0.9999608  0.9999407  0.9999233
 0.9999102  0.9999023  0.9999     0.99990267 0.9999097  0.99991995
 0.9999323  0.99994564 0.9999588  0.9999711  0.9999815  0.9999898
 0.9999956  0.9999989  1.         0.999999   0.99999666 0.9999933
 0.99998945 0.9999858  0.9999829  0.9999808  0.99997985 0.99998003
 0.99998134 0.9999834  0.9999861  0.9999891  0.99999195 0.99999446
 0.9999965  0.99999785 0.9999985  0.9999985  0.9999981  0.99999726
 0.9999961  0.9999951  0.9999942  0.9999935  0.9999931  0.99999297
 0.9999932  0.9999937  0.9999944  0.99999523 0.99999607 0.9999968
 0.9999975  0.99999785 0.9999981  0.9999978  0.9999973  0.99999636
 0.9999951  0.9999934  0.9999914  0.99998885 0.9999861  0.99998295
 0.9999798  0.99997663 0.9999737  0.99997115 0.99996954 0.9999689
 0.9999695  0.9999715  0.999975   0.99997956 0.999985   0.99999046
 0.99999535 0.99999875 0.9999996  0.9999971  0.9999905  0.99997956
 0.99996394 0.9999443  0.9999216  0.9998972  0.9998728  0.9998508
 0.9998333  0.99982256 0.9998205  0.9998284  0.99984664 0.9998742
 0.99990857 0.9999452  0.99997735 0.9999954  0.99998707]","[[0.5330183  1.1681495  1.2039063  0.50140357 0.93474096 1.0682993 ]
 [2.1307192  4.917888   5.283161   2.9895778  4.118884   5.221603  ]
 [3.9768589  4.9415464  3.0220695  1.2703621  2.988828   4.335414  ]]",trotter
107,107,3,False,"[1.002947   1.0010898  0.9995472  0.9983024  0.99733514 0.9966241
 0.9961457  0.9958761  0.99578965 0.9958612  0.9960653  0.99637663
 0.996771   0.9972241  0.9977136  0.9982189  0.99872017 0.9992003
 0.99964404 1.0000387  1.0003741  1.0006428  1.0008407  1.0009655
 1.0010186  1.0010045  1.0009288  1.0008013  1.0006322  1.0004336
 1.0002189  1.0000008  0.9997925  0.9996059  0.9994506  0.9993349
 0.9992649  0.9992431  0.99927    0.999344   0.99946    0.9996126
 0.9997934  0.99999493 1.0002071  1.0004209  1.0006278  1.0008193
 1.0009884  1.0011275  1.0012323  1.0012974  1.0013189  1.0012953
 1.0012254  1.0011091  1.0009483  1.0007472  1.0005106  1.0002464
 0.99996346 0.99967235 0.99938494 0.99911344 0.9988705  0.9986677
 0.99851525 0.99842125 0.998391   0.998426   0.9985249  0.99868137
 0.99888676 0.99912757 0.9993893  0.9996541  0.99990374 1.0001209
 1.0002878  1.0003898  1.0004153  1.0003567  1.0002099  0.99997747
 0.9996658  0.9992873  0.9988584  0.9984012  0.9979417  0.9975083
 0.99713343 0.9968508  0.99669486 0.9967003  0.99690133 0.99732995
 0.99801654 0.9989875  1.0002657  1.0018702  1.0038145 ]","[[0.5330183  1.1681495  1.2039063  0.50140357 0.93474096 1.0682993 ]
 [2.1307192  4.917888   5.283161   2.9895778  4.118884   5.221603  ]
 [3.9768589  4.9415464  3.0220695  1.2703621  2.988828   4.335414  ]]",trotter
108,108,3,True,"[0.9999999  0.9999996  0.9999988  0.9999979  0.9999972  0.99999666
 0.9999964  0.9999964  0.99999666 0.9999971  0.99999756 0.99999803
 0.99999845 0.99999875 0.999999   0.99999917 0.9999993  0.9999993
 0.9999993  0.9999992  0.99999917 0.99999917 0.99999917 0.99999917
 0.99999917 0.9999993  0.9999994  0.99999946 0.9999995  0.9999995
 0.9999996  0.99999964 0.99999964 0.99999964 0.9999996  0.99999946
 0.99999946 0.99999946 0.99999934 0.99999934 0.99999934 0.99999934
 0.9999993  0.9999993  0.9999993  0.99999934 0.99999934 0.9999994
 0.9999994  0.9999995  0.9999995  0.9999996  0.9999996  0.99999964
 0.9999997  0.99999976 0.9999997  0.99999976 0.99999976 0.99999976
 0.9999997  0.9999996  0.9999995  0.9999994  0.9999993  0.9999992
 0.9999991  0.99999905 0.9999989  0.9999989  0.999999   0.999999
 0.99999905 0.99999917 0.99999934 0.99999946 0.99999964 0.99999976
 0.9999999  0.99999994 0.9999999  0.99999976 0.9999996  0.9999991
 0.9999987  0.9999981  0.9999974  0.99999666 0.9999959  0.99999523
 0.9999947  0.99999434 0.9999943  0.9999945  0.9999951  0.99999607
 0.9999972  0.99999833 0.99999934 0.99999964 0.99999875]","[[0.8100479  0.6974692  1.0950689  1.0510755  0.863877   0.74658924]
 [3.83913    2.0061874  1.348043   3.3488786  0.1664165  3.3562248 ]
 [5.249676   3.9768007  0.5849152  1.2798978  3.0278552  3.2915618 ]]",trotter
109,109,3,False,"[1.0007534  1.0002555  0.9998717  0.99958664 0.99938583 0.9992564
 0.99918526 0.999161   0.99917334 0.99921244 0.9992706  0.9993413
 0.9994185  0.999498   0.9995759  0.99965054 0.9997203  0.99978435
 0.9998424  0.99989516 0.9999433  0.99998724 1.000028   1.0000666
 1.0001034  1.0001388  1.0001725  1.0002047  1.0002347  1.0002615
 1.0002847  1.0003027  1.0003146  1.0003194  1.0003155  1.000303
 1.0002809  1.0002491  1.000208   1.0001581  1.0000999  1.000035
 0.9999653  0.99989206 0.9998174  0.99974364 0.99967265 0.9996066
 0.999548   0.9994982  0.99945897 0.9994318  0.99941754 0.9994175
 0.99943143 0.99946016 0.9995028  0.999559   0.999628   0.9997086
 0.9997989  0.99989766 1.0000023  1.0001105  1.0002203  1.0003287
 1.0004324  1.0005295  1.0006167  1.0006906  1.000749   1.0007888
 1.0008076  1.0008037  1.0007749  1.0007199  1.0006386  1.0005305
 1.0003964  1.0002377  1.0000566  0.9998562  0.9996408  0.9994148
 0.9991841  0.9989552  0.99873537 0.99853265 0.9983558  0.998214
 0.99811715 0.9980749  0.9980984  0.9981974  0.9983828  0.99866515
 0.9990545  0.99956113 1.0001941  1.0009625  1.0018748 ]","[[0.8100479  0.6974692  1.0950689  1.0510755  0.863877   0.74658924]
 [3.83913    2.0061874  1.348043   3.3488786  0.1664165  3.3562248 ]
 [5.249676   3.9768007  0.5849152  1.2798978  3.0278552  3.2915618 ]]",trotter
110,110,3,True,"[0.9999991  0.9999988  0.9999962  0.9999927  0.99998933 0.99998647
 0.9999846  0.9999839  0.9999841  0.9999849  0.99998647 0.9999882
 0.99999    0.99999183 0.99999344 0.99999475 0.9999959  0.9999967
 0.9999973  0.9999976  0.999998   0.9999981  0.9999982  0.99999833
 0.9999984  0.99999833 0.9999984  0.99999833 0.9999983  0.99999815
 0.99999803 0.999998   0.9999979  0.9999979  0.99999803 0.9999981
 0.9999982  0.99999833 0.99999845 0.99999857 0.9999986  0.9999986
 0.99999857 0.99999845 0.99999833 0.99999815 0.9999979  0.9999978
 0.99999774 0.99999774 0.99999774 0.99999774 0.99999785 0.99999803
 0.99999815 0.9999983  0.9999984  0.9999984  0.99999833 0.9999982
 0.999998   0.99999774 0.9999974  0.99999696 0.9999966  0.99999636
 0.9999961  0.99999595 0.9999959  0.99999595 0.999996   0.99999624
 0.9999965  0.9999968  0.999997   0.99999714 0.9999972  0.99999714
 0.9999969  0.9999965  0.9999959  0.99999505 0.999994   0.9999928
 0.9999914  0.99999005 0.9999887  0.99998724 0.99998605 0.9999852
 0.99998474 0.99998474 0.9999852  0.99998623 0.99998766 0.9999892
 0.99999034 0.9999903  0.99998814 0.9999823  0.99997085]","[[0.7595359  1.1775708  0.60012513 1.3376378  0.74509454 1.3444241 ]
 [4.9595203  2.9975367  4.7937946  1.0343715  3.8861072  5.035596  ]
 [1.7480804  3.2711768  4.7580123  3.3197353  6.280495   2.5664792 ]]",trotter
111,111,3,False,"[1.0015333  1.0003029  0.9993218  0.9985666  0.99801373 0.9976403
 0.9974223  0.997337   0.9973625  0.99747705 0.99766195 0.9978983
 0.9981701  0.99846333 0.99876493 0.9990648  0.9993546  0.99962735
 0.99987894 1.0001053  1.0003045  1.0004755  1.0006188  1.0007341
 1.0008223  1.0008847  1.0009221  1.0009353  1.0009261  1.0008954
 1.0008444  1.0007747  1.0006884  1.000587   1.0004736  1.0003504
 1.0002213  1.0000893  0.9999575  0.9998306  0.9997102  0.9996001
 0.9995017  0.999417   0.999347   0.99929154 0.99925005 0.99922216
 0.99920624 0.99920136 0.9992064  0.9992208  0.9992438  0.9992755
 0.99931675 0.9993689  0.999433   0.999511   0.99960494 0.9997159
 0.999845   0.9999927  1.0001581  1.0003396  1.0005345  1.0007393
 1.0009482  1.0011555  1.0013543  1.0015371  1.0016959  1.001822
 1.0019081  1.0019459  1.0019288  1.0018511  1.0017079  1.0014961
 1.0012149  1.0008645  1.0004483  0.9999717  0.9994422  0.9988708
 0.99827033 0.99765676 0.99704903 0.9964679  0.995937   0.9954825
 0.9951325  0.99491715 0.99486834 0.99501854 0.9954032  0.996056
 0.997013   0.9983093  0.99997985 1.002059   1.0045793 ]","[[0.7595359  1.1775708  0.60012513 1.3376378  0.74509454 1.3444241 ]
 [4.9595203  2.9975367  4.7937946  1.0343715  3.8861072  5.035596  ]
 [1.7480804  3.2711768  4.7580123  3.3197353  6.280495   2.5664792 ]]",trotter
112,112,3,True,"[0.99998754 0.9999956  0.9999973  0.99999475 0.9999896  0.99998313
 0.9999766  0.99997056 0.9999655  0.9999619  0.9999599  0.9999593
 0.99996024 0.99996233 0.9999655  0.99996924 0.9999734  0.99997795
 0.99998224 0.9999863  0.9999899  0.99999285 0.99999523 0.999997
 0.9999981  0.9999986  0.9999986  0.9999982  0.99999756 0.99999684
 0.9999959  0.9999951  0.99999446 0.9999939  0.9999936  0.9999935
 0.9999937  0.999994   0.99999446 0.99999505 0.99999565 0.99999636
 0.999997   0.99999756 0.9999981  0.9999985  0.9999988  0.99999905
 0.9999992  0.9999992  0.9999992  0.9999992  0.9999991  0.99999905
 0.99999887 0.9999987  0.99999845 0.99999803 0.9999978  0.9999973
 0.9999968  0.99999624 0.99999577 0.9999952  0.99999475 0.99999434
 0.99999404 0.999994   0.99999404 0.9999942  0.9999947  0.99999523
 0.999996   0.9999968  0.99999756 0.9999983  0.9999987  0.999999
 0.99999887 0.99999833 0.99999726 0.9999958  0.9999939  0.9999916
 0.999989   0.99998623 0.9999835  0.999981   0.99997896 0.9999776
 0.999977   0.99997735 0.9999788  0.9999812  0.99998456 0.99998844
 0.99999255 0.999996   0.9999981  0.9999976  0.9999931 ]","[[0.9649487  0.6919689  0.6609731  0.8832287  0.6636363  0.6552466 ]
 [2.1026073  0.42453063 4.334527   2.591521   2.5361524  3.8582819 ]
 [2.734842   2.325885   4.3569307  1.0117794  3.167729   3.1722457 ]]",trotter
113,113,3,False,"[1.0024316  1.0015895  1.0008639  1.000249   0.9997393  0.99932843
 0.99900955 0.9987746  0.99861705 0.9985277  0.9985001  0.99852455
 0.99859333 0.99869907 0.9988334  0.9989894  0.9991596  0.9993376
 0.99951756 0.99969363 0.999862   1.0000181  1.0001585  1.0002811
 1.0003841  1.0004665  1.0005275  1.0005683  1.0005888  1.000591
 1.0005765  1.0005474  1.0005058  1.0004547  1.000396   1.0003325
 1.0002662  1.0001998  1.0001346  1.0000725  1.0000148  0.99996215
 0.99991584 0.99987566 0.99984163 0.99981415 0.99979293 0.9997773
 0.99976677 0.9997612  0.9997603  0.999764   0.99977183 0.99978364
 0.9998     0.99982065 0.99984634 0.99987674 0.99991256 0.99995387
 1.0000007  1.0000528  1.0001096  1.0001706  1.0002341  1.0002996
 1.0003642  1.0004262  1.0004826  1.0005312  1.0005685  1.0005918
 1.000598   1.0005838  1.000547   1.0004855  1.0003982  1.0002835
 1.0001417  0.99997425 0.9997825  0.9995701  0.9993411  0.9991016
 0.99885774 0.998618   0.998391   0.99818707 0.99801713 0.9978931
 0.99782735 0.9978328  0.9979229  0.9981113  0.99841076 0.99883485
 0.99939656 1.0001079  1.0009799  1.0020237  1.0032488 ]","[[0.9649487  0.6919689  0.6609731  0.8832287  0.6636363  0.6552466 ]
 [2.1026073  0.42453063 4.334527   2.591521   2.5361524  3.8582819 ]
 [2.734842   2.325885   4.3569307  1.0117794  3.167729   3.1722457 ]]",trotter
114,114,3,True,"[0.9999881  0.99999464 0.99999565 0.9999934  0.99998957 0.9999852
 0.99998116 0.999978   0.99997604 0.99997514 0.9999754  0.9999767
 0.9999787  0.9999812  0.9999841  0.9999869  0.9999896  0.99999213
 0.9999942  0.9999958  0.9999971  0.9999978  0.9999981  0.9999982
 0.9999979  0.99999744 0.9999969  0.99999636 0.99999577 0.99999523
 0.99999493 0.99999464 0.9999945  0.99999446 0.9999946  0.9999949
 0.9999951  0.9999956  0.99999595 0.9999964  0.9999968  0.99999726
 0.9999976  0.999998   0.99999833 0.99999857 0.9999988  0.999999
 0.99999917 0.99999917 0.99999917 0.9999992  0.9999992  0.9999991
 0.99999905 0.99999887 0.9999986  0.99999833 0.99999815 0.99999785
 0.9999976  0.9999973  0.999997   0.99999684 0.99999666 0.99999654
 0.9999964  0.9999964  0.99999654 0.9999967  0.99999696 0.9999973
 0.9999977  0.9999981  0.9999985  0.9999989  0.99999917 0.99999934
 0.9999993  0.99999905 0.99999845 0.99999756 0.9999963  0.9999947
 0.99999285 0.9999906  0.99998814 0.99998575 0.9999833  0.9999813
 0.9999797  0.99997866 0.99997866 0.99997956 0.9999816  0.9999846
 0.99998844 0.99999267 0.99999666 0.9999992  0.99999934]","[[0.75229514 0.71191335 1.060147   0.5996757  1.4551375  0.92570955]
 [4.768362   1.3742992  2.5118234  0.8215831  0.27136004 3.5954282 ]
 [1.0563865  3.779075   0.24791048 3.73734    3.1901402  3.0165462 ]]",trotter
115,115,3,False,"[0.999522   0.9996868  0.9998437  0.9999913  1.0001286  1.0002534
 1.0003648  1.0004601  1.000539   1.0005994  1.0006412  1.000664
 1.0006672  1.0006517  1.0006183  1.000568   1.0005028  1.000425
 1.0003365  1.0002404  1.0001392  1.0000359  0.99993336 0.9998347
 0.9997425  0.9996592  0.99958646 0.9995267  0.9994814  0.9994508
 0.99943554 0.99943656 0.99945164 0.9994815  0.9995243  0.99957865
 0.99964255 0.99971455 0.9997916  0.99987227 0.99995416 1.0000348
 1.0001128  1.000186   1.0002525  1.0003113  1.000361   1.000401
 1.0004303  1.0004488  1.0004563  1.0004529  1.0004393  1.0004151
 1.0003822  1.0003406  1.0002923  1.0002373  1.0001779  1.0001149
 1.0000501  0.99998456 0.99992055 0.999859   0.999802   0.99975073
 0.99970657 0.99967116 0.99964505 0.99962944 0.9996245  0.99963075
 0.99964774 0.9996749  0.9997117  0.99975634 0.99980724 0.9998627
 0.99991995 0.9999772  1.000032   1.0000815  1.0001239  1.0001572
 1.00018    1.0001911  1.0001901  1.000177   1.0001528  1.0001191
 1.0000781  1.0000328  0.9999872  0.9999455  0.99991244 0.9998937
 0.99989456 0.9999215  0.9999804  1.0000771  1.0002176 ]","[[0.75229514 0.71191335 1.060147   0.5996757  1.4551375  0.92570955]
 [4.768362   1.3742992  2.5118234  0.8215831  0.27136004 3.5954282 ]
 [1.0563865  3.779075   0.24791048 3.73734    3.1901402  3.0165462 ]]",trotter
116,116,3,True,"[0.9999996  0.99999505 0.9999817  0.99996454 0.9999477  0.99993354
 0.9999239  0.99991924 0.9999195  0.99992394 0.99993175 0.99994177
 0.9999529  0.999964   0.99997413 0.99998283 0.99998975 0.9999947
 0.9999978  0.99999934 0.9999996  0.9999991  0.99999815 0.99999714
 0.9999963  0.99999577 0.9999955  0.9999956  0.99999595 0.9999965
 0.999997   0.99999756 0.9999979  0.9999983  0.99999857 0.99999875
 0.99999887 0.99999905 0.99999905 0.9999993  0.99999934 0.9999994
 0.9999994  0.99999946 0.99999946 0.99999934 0.9999992  0.9999992
 0.9999991  0.999999   0.9999989  0.9999988  0.99999875 0.99999875
 0.9999987  0.99999875 0.99999875 0.99999887 0.9999989  0.99999905
 0.99999917 0.9999992  0.99999917 0.9999989  0.9999985  0.99999785
 0.99999684 0.9999957  0.9999944  0.99999315 0.99999183 0.99999094
 0.9999904  0.99999046 0.9999912  0.9999924  0.9999941  0.99999607
 0.999998   0.9999994  1.         0.9999992  0.99999684 0.9999926
 0.9999864  0.9999783  0.99996877 0.9999581  0.9999472  0.99993694
 0.9999283  0.9999223  0.99991965 0.9999213  0.9999275  0.999938
 0.9999522  0.9999684  0.99998426 0.99999607 0.9999994 ]","[[1.0797062  1.0692327  0.55786645 1.3809912  0.81459254 0.5883423 ]
 [1.7051662  5.9563675  2.7742207  1.7633631  1.9828365  5.1158447 ]
 [4.158051   0.2246809  2.759846   5.3821316  1.6770554  4.4993153 ]]",trotter
117,117,3,False,"[1.0004592  0.9994877  0.99881434 0.9984092  0.99823946 0.9982688
 0.9984615  0.9987799  0.99918497 0.99964076 1.0001129  1.0005683
 1.0009788  1.0013199  1.0015724  1.0017222  1.0017612  1.0016869
 1.0015025  1.001217   1.0008436  1.0003997  0.9999062  0.9993856
 0.99886143 0.99835753 0.9978956  0.9974961  0.9971756  0.9969473
 0.9968204  0.9967991  0.9968839  0.9970712  0.9973525  0.9977169
 0.9981515  0.9986398  0.9991653  0.999711   1.0002592  1.0007929
 1.001297   1.0017571  1.0021611  1.0024986  1.0027618  1.0029439
 1.0030421  1.0030543  1.0029814  1.0028265  1.0025942  1.0022912
 1.0019268  1.0015107  1.0010548  1.0005717  1.0000755  0.9995798
 0.999099   0.9986469  0.99823624 0.9978788  0.9975846  0.99736077
 0.99721295 0.9971433  0.99715155 0.99723417 0.9973855  0.9975968
 0.9978578  0.99815625 0.99847955 0.99881357 0.99914527 0.9994618
 0.9997517  1.0000048  1.0002135  1.0003725  1.0004783  1.0005302
 1.0005299  1.0004816  1.0003911  1.0002662  1.0001163  0.9999519
 0.9997838  0.9996246  0.99948514 0.9993778  0.99931276 0.9993008
 0.99935055 0.99947    0.9996653  0.9999405  1.0002987 ]","[[1.0797062  1.0692327  0.55786645 1.3809912  0.81459254 0.5883423 ]
 [1.7051662  5.9563675  2.7742207  1.7633631  1.9828365  5.1158447 ]
 [4.158051   0.2246809  2.759846   5.3821316  1.6770554  4.4993153 ]]",trotter
118,118,3,True,"[0.9999993  0.99999624 0.99998343 0.9999664  0.9999488  0.9999335
 0.99992204 0.99991524 0.99991333 0.9999159  0.9999223  0.99993134
 0.9999421  0.9999535  0.9999649  0.99997514 0.99998385 0.9999907
 0.9999956  0.9999985  0.9999996  0.9999994  0.9999981  0.9999961
 0.999994   0.9999919  0.99999005 0.9999888  0.9999881  0.99998796
 0.9999884  0.99998933 0.9999905  0.99999195 0.9999935  0.99999493
 0.99999636 0.9999975  0.9999984  0.999999   0.99999934 0.9999994
 0.99999934 0.99999905 0.9999987  0.99999815 0.9999977  0.99999726
 0.99999684 0.9999965  0.9999963  0.9999963  0.9999965  0.9999967
 0.99999714 0.9999976  0.9999981  0.9999986  0.9999991  0.9999994
 0.9999996  0.9999995  0.9999992  0.9999986  0.9999978  0.9999969
 0.9999959  0.9999948  0.9999938  0.999993   0.9999925  0.9999923
 0.99999243 0.99999297 0.9999939  0.99999505 0.9999963  0.9999976
 0.99999875 0.99999946 0.99999964 0.99999917 0.99999774 0.99999547
 0.99999225 0.9999881  0.9999832  0.9999779  0.99997234 0.99996716
 0.99996257 0.99995923 0.9999577  0.9999582  0.99996114 0.9999665
 0.99997395 0.9999827  0.9999914  0.999998   0.9999992 ]","[[0.975943   1.1684238  0.79313916 0.7705329  0.93125695 0.716421  ]
 [0.9445964  3.5899787  0.4562172  4.704696   4.457333   4.947513  ]
 [0.16926679 4.724607   4.1645966  3.901244   1.074438   0.2566518 ]]",trotter
119,119,3,False,"[1.0007311  0.99992406 0.9993362  0.99894303 0.99872005 0.99864143
 0.9986816  0.9988144  0.9990147  0.999259   0.9995252  0.9997929
 1.0000441  1.0002644  1.0004421  1.000568   1.0006369  1.0006464
 1.0005971  1.0004935  1.0003405  1.0001476  0.99992347 0.9996806
 0.9994297  0.9991832  0.9989519  0.9987469  0.99857706 0.9984497
 0.9983704  0.99834263 0.9983678  0.9984444  0.9985699  0.99873966
 0.99894714 0.99918413 0.9994428  0.99971354 0.9999871  1.0002544
 1.0005068  1.0007366  1.0009366  1.0011019  1.0012274  1.0013111
 1.0013522  1.0013509  1.0013092  1.0012302  1.0011194  1.0009813
 1.0008229  1.0006506  1.0004721  1.0002936  1.0001225  0.9999646
 0.9998252  0.9997086  0.99961805 0.99955434 0.9995193  0.99951136
 0.99952835 0.99956805 0.99962556 0.999697   0.99977726 0.9998615
 0.9999446  1.0000223  1.0000904  1.0001456  1.0001855  1.0002077
 1.000212   1.0001979  1.0001658  1.0001166  1.0000525  0.99997514
 0.9998874  0.99979174 0.9996917  0.99959064 0.99949265 0.99940175
 0.99932337 0.9992623  0.999225   0.99921817 0.9992492  0.99932593
 0.9994572  0.9996521  0.9999202  1.0002716  1.0007156 ]","[[0.975943   1.1684238  0.79313916 0.7705329  0.93125695 0.716421  ]
 [0.9445964  3.5899787  0.4562172  4.704696   4.457333   4.947513  ]
 [0.16926679 4.724607   4.1645966  3.901244   1.074438   0.2566518 ]]",trotter
120,120,3,True,"[0.9999985  0.9999952  0.9999865  0.9999752  0.99996346 0.99995285
 0.99994475 0.9999399  0.99993855 0.99994063 0.9999456  0.99995285
 0.9999614  0.9999704  0.9999791  0.99998665 0.99999267 0.9999968
 0.9999991  0.99999964 0.9999988  0.999997   0.99999464 0.99999225
 0.99999017 0.9999886  0.99998796 0.9999881  0.999989   0.9999903
 0.9999921  0.9999938  0.9999954  0.9999967  0.9999975  0.9999978
 0.9999976  0.999997   0.9999963  0.99999547 0.99999475 0.99999434
 0.99999434 0.99999464 0.9999952  0.999996   0.99999696 0.99999774
 0.99999845 0.9999988  0.99999887 0.99999875 0.9999984  0.9999979
 0.99999744 0.999997   0.9999968  0.9999967  0.9999968  0.999997
 0.99999726 0.9999975  0.9999977  0.9999975  0.99999696 0.999996
 0.99999464 0.9999928  0.99999064 0.9999882  0.99998593 0.9999839
 0.99998266 0.9999824  0.9999834  0.9999854  0.9999885  0.9999922
 0.9999959  0.9999987  0.9999997  0.99999803 0.9999928  0.99998343
 0.9999699  0.9999522  0.9999313  0.9999084  0.999885   0.9998633
 0.9998455  0.99983364 0.9998295  0.99983436 0.99984896 0.99987245
 0.99990296 0.999937   0.99996924 0.9999924  0.99999714]","[[0.6702493  1.1803436  1.4976903  0.6664223  0.98095554 1.0660374 ]
 [3.0031388  5.4280453  4.6194963  4.949122   2.60408    3.0839899 ]
 [0.9507609  5.071899   1.4558238  3.904901   5.4404483  1.6694791 ]]",trotter
121,121,3,False,"[1.0054421  1.0006688  0.9968111  0.993805   0.9915806  0.99006355
 0.98917615 0.9888385  0.988969   0.98948675 0.9903119  0.991368
 0.99258244 0.99388784 0.9952236  0.99653727 0.99778396 0.9989271
 0.99994045 1.0008054  1.0015123  1.0020586  1.0024487  1.0026922
 1.0028034  1.0027987  1.0026968  1.002516   1.0022749  1.0019904
 1.0016774  1.0013485  1.0010133  1.0006812  1.0003572  1.0000474
 0.9997551  0.9994839  0.9992376  0.99901897 0.9988327  0.99868244
 0.99857277 0.9985076  0.9984899  0.99852175 0.9986036  0.99873286
 0.9989061  0.99911547 0.99935174 0.9996034  0.9998563  1.0000962
 1.0003086  1.0004798  1.0005988  1.000656   1.0006471  1.0005717
 1.0004339  1.0002427  1.0000108  0.99975485 0.9994934  0.999246
 0.9990322  0.9988687  0.99876994 0.9987447  0.9987971  0.998925
 0.99911964 0.99936754 0.99964935 0.9999419  1.0002197  1.0004563
 1.0006262  1.0007058  1.0006766  1.000524   1.0002418  0.99982923
 0.999295   0.9986543  0.9979316  0.9971576  0.9963696  0.9956113
 0.9949302  0.9943774  0.9940064  0.99387187 0.9940285  0.9945292
 0.9954253  0.996765   0.9985917  1.000946   1.0038623 ]","[[0.6702493  1.1803436  1.4976903  0.6664223  0.98095554 1.0660374 ]
 [3.0031388  5.4280453  4.6194963  4.949122   2.60408    3.0839899 ]
 [0.9507609  5.071899   1.4558238  3.904901   5.4404483  1.6694791 ]]",trotter
122,122,3,True,"[0.99999976 0.99999946 0.9999979  0.99999577 0.99999374 0.9999922
 0.9999912  0.9999906  0.99999076 0.9999913  0.9999922  0.9999934
 0.99999464 0.9999958  0.99999696 0.9999979  0.9999987  0.9999993
 0.99999964 0.9999998  0.9999999  0.99999994 0.9999998  0.99999964
 0.9999995  0.99999946 0.99999934 0.9999993  0.99999917 0.9999991
 0.9999991  0.99999905 0.9999991  0.99999905 0.999999   0.99999905
 0.9999991  0.99999917 0.9999992  0.9999993  0.9999994  0.9999994
 0.99999946 0.9999996  0.99999964 0.99999964 0.9999997  0.9999997
 0.9999996  0.9999996  0.99999946 0.9999994  0.9999993  0.99999917
 0.99999905 0.999999   0.9999989  0.9999989  0.99999887 0.99999887
 0.9999989  0.999999   0.999999   0.9999991  0.9999992  0.99999934
 0.99999934 0.9999994  0.9999995  0.9999995  0.9999996  0.99999946
 0.9999995  0.9999995  0.9999994  0.99999934 0.9999994  0.9999993
 0.9999993  0.9999993  0.9999992  0.99999917 0.99999905 0.99999887
 0.9999987  0.9999985  0.9999983  0.99999803 0.9999978  0.9999976
 0.99999744 0.99999744 0.9999975  0.9999976  0.999998   0.9999983
 0.9999987  0.99999905 0.99999934 0.99999917 0.9999985 ]","[[1.1245008  0.5897719  0.66330796 1.15281    0.9841704  0.82990813]
 [3.7155585  1.0003781  2.9369924  1.7731235  0.73819363 1.8977469 ]
 [0.34121844 4.4498687  2.5562568  5.3058333  1.927903   5.3335686 ]]",trotter
123,123,3,False,"[1.0018115  1.0006791  0.9997807  0.99909335 0.998594   0.9982597
 0.99806744 0.9979945  0.9980195  0.99812186 0.99828225 0.99848324
 0.99870896 0.99894553 0.9991809  0.9994061  0.9996127  0.99979573
 0.9999513  1.0000782  1.0001764  1.0002468  1.0002923  1.0003161
 1.0003225  1.0003153  1.0002991  1.0002778  1.0002551  1.0002341
 1.000217   1.0002058  1.0002003  1.0002016  1.0002079  1.0002186
 1.0002321  1.0002452  1.0002569  1.0002638  1.0002648  1.0002576
 1.0002413  1.0002149  1.0001782  1.0001315  1.000076   1.0000132
 0.9999446  0.9998728  0.99980086 0.9997304  0.9996649  0.99960726
 0.9995598  0.9995247  0.99950445 0.99949974 0.9995118  0.9995418
 0.999589   0.9996534  0.999734   0.9998289  0.9999362  1.0000538
 1.0001783  1.0003065  1.0004351  1.00056    1.0006768  1.0007815
 1.0008695  1.0009364  1.0009782  1.0009906  1.00097    1.000913
 1.0008168  1.0006801  1.0005021  1.0002831  1.000025   0.9997312
 0.9994065  0.999058   0.9986946  0.99832726 0.99796915 0.9976352
 0.9973432  0.9971122  0.99696356 0.9969206  0.997008   0.9972516
 0.99767846 0.99831605 0.99919266 1.0003359  1.0017731 ]","[[1.1245008  0.5897719  0.66330796 1.15281    0.9841704  0.82990813]
 [3.7155585  1.0003781  2.9369924  1.7731235  0.73819363 1.8977469 ]
 [0.34121844 4.4498687  2.5562568  5.3058333  1.927903   5.3335686 ]]",trotter
124,124,3,True,"[0.99999434 0.9999969  0.999982   0.9999579  0.99993116 0.99990654
 0.9998872  0.9998751  0.9998709  0.9998741  0.9998836  0.9998977
 0.9999147  0.9999328  0.99995035 0.9999659  0.9999788  0.9999885
 0.99999505 0.99999857 0.9999998  0.9999994  0.9999981  0.9999963
 0.9999947  0.9999934  0.9999925  0.999992   0.99999195 0.999992
 0.99999225 0.9999925  0.99999285 0.99999344 0.9999943  0.9999952
 0.9999963  0.9999973  0.9999983  0.9999991  0.9999994  0.99999934
 0.99999875 0.9999978  0.99999654 0.9999952  0.9999938  0.9999926
 0.9999917  0.9999911  0.999991   0.9999911  0.9999916  0.9999924
 0.99999326 0.9999944  0.9999956  0.99999666 0.99999774 0.9999986
 0.9999992  0.9999992  0.9999987  0.9999974  0.9999953  0.9999924
 0.9999887  0.99998444 0.9999799  0.99997556 0.9999716  0.9999687
 0.99996716 0.9999673  0.9999692  0.99997276 0.9999778  0.9999838
 0.99998975 0.9999948  0.99999785 0.999998   0.99999416 0.99998575
 0.9999726  0.99995476 0.99993294 0.99990845 0.99988294 0.99985856
 0.99983764 0.99982244 0.9998154  0.9998179  0.9998309  0.9998541
 0.9998859  0.9999228  0.9999593  0.9999877  0.99999785]","[[1.4157164  0.67090666 1.1531779  0.89691544 0.80947787 0.918699  ]
 [5.9129353  3.0735915  0.00615136 1.075338   6.04578    2.8876102 ]
 [5.772262   3.5885782  5.2192273  1.02128    1.8571659  5.3706517 ]]",trotter
125,125,3,False,"[1.0023991  1.00072    0.9993795  0.99835706 0.9976273  0.99716216
 0.9969308  0.9968997  0.9970333  0.9972959  0.9976522  0.99806625
 0.9985056  0.9989396  0.9993425  0.99969244 0.99997294 1.0001738
 1.0002909  1.0003256  1.0002853  1.0001822  1.0000322  0.9998545
 0.9996691  0.9994951  0.99935055 0.9992501  0.99920344 0.99921614
 0.99928725 0.9994107  0.9995762  0.9997692  0.9999729  1.0001688
 1.0003397  1.0004697  1.0005469  1.0005625  1.0005136  1.0004009
 1.0002311  1.0000143  0.9997641  0.9994957  0.999226   0.99897105
 0.9987458  0.99856293 0.99843204 0.9983595  0.9983479  0.99839634
 0.998501   0.9986552  0.99885017 0.9990764  0.9993233  0.99958104
 0.9998402  1.0000929  1.0003332  1.0005563  1.0007597  1.000942
 1.001103   1.001243   1.0013629  1.0014626  1.0015416  1.0015981
 1.0016286  1.0016278  1.0015895  1.001506   1.0013685  1.0011686
 1.0008982  1.0005504  1.0001206  0.99960744 0.9990132  0.9983441
 0.99761164 0.99683267 0.99602914 0.99522847 0.9944631  0.9937696
 0.9931894  0.9927668  0.99254817 0.9925828  0.99291956 0.99360704
 0.9946931  0.996223   0.99823934 1.0007802  1.0038794 ]","[[1.4157164  0.67090666 1.1531779  0.89691544 0.80947787 0.918699  ]
 [5.9129353  3.0735915  0.00615136 1.075338   6.04578    2.8876102 ]
 [5.772262   3.5885782  5.2192273  1.02128    1.8571659  5.3706517 ]]",trotter
126,126,3,True,"[0.99992067 0.9999691  0.9999818  0.9999714  0.99994814 0.9999202
 0.9998935  0.99987215 0.9998587  0.99985385 0.99985737 0.99986833
 0.99988467 0.9999045  0.99992573 0.9999463  0.9999644  0.99997914
 0.9999898  0.99999636 0.99999917 0.9999989  0.99999666 0.9999933
 0.9999899  0.999987   0.99998516 0.9999842  0.99998426 0.9999849
 0.9999858  0.99998665 0.9999873  0.9999879  0.99998844 0.9999891
 0.9999902  0.9999917  0.9999937  0.9999959  0.9999977  0.9999989
 0.9999993  0.99999833 0.99999624 0.9999932  0.9999895  0.99998564
 0.9999821  0.99997956 0.9999781  0.9999779  0.99997884 0.9999808
 0.9999834  0.9999861  0.9999887  0.9999908  0.99999243 0.9999933
 0.9999937  0.9999937  0.99999344 0.9999932  0.9999931  0.999993
 0.99999297 0.99999285 0.9999925  0.9999917  0.99999034 0.9999884
 0.9999857  0.99998266 0.99997956 0.99997675 0.9999746  0.9999737
 0.99997413 0.9999761  0.99997944 0.9999836  0.9999882  0.9999922
 0.9999948  0.9999951  0.9999926  0.99998695 0.9999783  0.9999673
 0.99995506 0.9999432  0.9999333  0.9999272  0.9999264  0.9999318
 0.9999433  0.99995947 0.99997765 0.99999315 0.9999991 ]","[[1.1351608 1.1696866 1.4623965 1.3756474 1.1502978 0.6001079]
 [1.1753736 5.5287976 6.0899467 3.0050328 3.2195928 0.3262115]
 [4.919305  5.8359504 2.0052392 2.6283183 1.2562011 3.3572361]]",trotter
127,127,3,False,"[1.0086645  1.0042946  1.0006076  0.9975772  0.9951718  0.9933538
 0.9920789  0.9912992  0.9909617  0.9910088  0.9913822  0.9920194
 0.9928593  0.99384123 0.99490577 0.99599755 0.99706656 0.9980682
 0.9989667  0.99973345 1.0003505  1.0008084  1.0011076  1.0012578
 1.0012763  1.0011872  1.0010192  1.0008032  1.000571   1.0003514
 1.0001689  1.000043   0.9999847  0.99999756 1.000077   1.000211
 1.0003812  1.0005653  1.000738   1.0008752  1.000955   1.0009588
 1.0008758  1.0007013  1.0004383  1.0000974  0.999696   0.9992558
 0.99880326 0.998365   0.99796784 0.9976359  0.9973894  0.99724215
 0.9972023  0.9972712  0.99744374 0.99770844 0.9980494  0.9984472
 0.9988805  0.99932736 0.9997671  1.0001814  1.0005561  1.0008804
 1.0011487  1.0013592  1.001515   1.0016222  1.0016884  1.0017225
 1.0017332  1.0017278  1.0017105  1.0016828  1.001642   1.0015818
 1.0014925  1.0013617  1.0011762  1.0009217  1.0005857  1.0001588
 0.99963653 0.9990194  0.99831635 0.99754345 0.99672574 0.9958972
 0.9950992  0.9943822  0.9938024  0.99342275 0.9933095  0.9935334
 0.9941645  0.9952747  0.9969331  0.9992055  1.0021546 ]","[[1.1351608 1.1696866 1.4623965 1.3756474 1.1502978 0.6001079]
 [1.1753736 5.5287976 6.0899467 3.0050328 3.2195928 0.3262115]
 [4.919305  5.8359504 2.0052392 2.6283183 1.2562011 3.3572361]]",trotter
128,128,3,True,"[0.9999995  0.99999636 0.9999881  0.99997616 0.99996275 0.9999496
 0.9999383  0.99993026 0.99992615 0.9999262  0.9999304  0.99993783
 0.9999478  0.99995905 0.9999703  0.99998075 0.9999893  0.9999954
 0.9999988  0.9999995  0.9999979  0.9999945  0.99999    0.9999851
 0.9999804  0.9999765  0.99997383 0.9999727  0.99997294 0.99997455
 0.99997723 0.99998075 0.9999844  0.99998814 0.9999915  0.9999943
 0.99999636 0.99999774 0.9999984  0.9999985  0.9999983  0.9999977
 0.999997   0.99999624 0.99999565 0.99999505 0.99999464 0.9999943
 0.9999941  0.99999404 0.9999942  0.9999945  0.9999951  0.99999577
 0.99999654 0.99999744 0.9999983  0.999999   0.99999946 0.9999997
 0.99999964 0.9999993  0.9999987  0.99999774 0.99999666 0.9999953
 0.9999938  0.99999225 0.99999064 0.99998903 0.99998766 0.9999865
 0.99998593 0.9999861  0.99998707 0.9999889  0.99999136 0.9999943
 0.9999971  0.99999917 1.         0.9999986  0.9999945  0.9999872
 0.99997634 0.9999623  0.9999454  0.9999266  0.9999073  0.9998892
 0.9998739  0.9998632  0.99985886 0.9998621  0.99987346 0.9998927
 0.99991834 0.9999473  0.999975   0.9999949  0.9999979 ]","[[1.4824241  1.2227565  0.54178405 1.3548338  1.3300703  0.8825456 ]
 [4.4415913  2.4788291  4.3027344  1.090446   4.142223   3.8638349 ]
 [5.1356893  0.876594   0.7216924  1.6995274  4.952295   1.0966046 ]]",trotter
129,129,3,False,"[1.0063944  1.0007507  0.9962048  0.9926741  0.9900714  0.98830557
 0.9872806  0.9869003  0.9870664  0.98768175 0.9886521  0.98988676
 0.99130017 0.9928139  0.9943567  0.9958669  0.9972924  0.99859214
 0.99973327 1.000696   1.0014687  1.0020494  1.0024439  1.0026647
 1.0027298  1.0026603  1.0024804  1.002214   1.0018857  1.0015173
 1.001129   1.000738   1.0003583  1.0000014  0.9996751  0.9993858
 0.9991378  0.99893415 0.9987767  0.9986678  0.99860895 0.9986015
 0.9986473  0.99874705 0.9989008  0.9991075  0.9993634  0.99966323
 0.99999845 1.0003582  1.0007287  1.001094   1.0014365  1.0017377
 1.0019798  1.0021462  1.0022229  1.0022001  1.0020726  1.0018401
 1.0015085  1.0010897  1.0006005  1.0000614  0.9994976  0.99893504
 0.9984006  0.9979197  0.997515   0.9972054  0.9970049  0.9969209
 0.9969563  0.99710655 0.99736255 0.99771    0.99813    0.99860257
 0.99910426 0.99961245 1.0001048  1.0005612  1.0009637  1.0012987
 1.0015556  1.001728   1.0018144  1.001817   1.0017419  1.0015986
 1.0013996  1.0011598  1.0008956  1.0006249  1.0003653  1.0001345
 0.9999492  0.9998247  0.9997742  0.9998082  0.9999341 ]","[[1.4824241  1.2227565  0.54178405 1.3548338  1.3300703  0.8825456 ]
 [4.4415913  2.4788291  4.3027344  1.090446   4.142223   3.8638349 ]
 [5.1356893  0.876594   0.7216924  1.6995274  4.952295   1.0966046 ]]",trotter
130,130,3,True,"[1.         0.9999945  0.9999801  0.99996275 0.9999463  0.9999335
 0.99992543 0.99992263 0.9999246  0.9999305  0.9999391  0.9999492
 0.9999598  0.99996996 0.999979   0.99998647 0.99999213 0.9999961
 0.9999985  0.9999996  0.9999997  0.99999917 0.9999982  0.9999971
 0.9999959  0.9999949  0.999994   0.9999934  0.99999297 0.9999928
 0.99999285 0.9999932  0.99999356 0.9999943  0.999995   0.99999577
 0.9999966  0.99999744 0.9999982  0.9999988  0.99999917 0.9999992
 0.9999989  0.9999982  0.9999971  0.99999565 0.99999386 0.99999195
 0.99999017 0.99998844 0.9999872  0.9999866  0.9999865  0.9999873
 0.9999888  0.9999909  0.9999932  0.9999955  0.9999973  0.9999983
 0.999998   0.9999962  0.99999255 0.99998724 0.99998045 0.99997246
 0.999964   0.9999558  0.99994856 0.9999431  0.9999399  0.9999396
 0.9999424  0.9999481  0.9999562  0.99996597 0.9999763  0.9999858
 0.9999934  0.9999975  0.999997   0.9999912  0.9999795  0.9999621
 0.99993944 0.9999127  0.9998836  0.9998542  0.9998268  0.9998039
 0.99978775 0.9997805  0.99978346 0.9997974  0.9998218  0.99985504
 0.9998942  0.99993455 0.9999703  0.99999374 0.9999957 ]","[[1.0975327  1.3091805  0.90958774 1.394012   1.1983045  0.8465782 ]
 [5.1382413  0.5713978  1.2162557  3.6721613  3.5614438  5.0994596 ]
 [3.8247287  5.8582892  0.77294457 0.83130395 1.6541355  3.3276727 ]]",trotter
131,131,3,False,"[0.99987894 0.9995499  0.99942815 0.99947655 0.9996587  0.9999359
 1.0002713  1.0006294  1.000978   1.0012867  1.0015328  1.0016955
 1.0017624  1.0017262  1.001586   1.0013467  1.0010195  1.0006199
 1.0001673  0.9996835  0.99919266 0.9987176  0.99828124 0.9979029
 0.9975991  0.997382   0.9972596  0.99723476 0.9973057  0.9974673
 0.9977104  0.9980228  0.99839115 0.9988005  0.9992355  0.9996814
 1.0001242  1.0005513  1.000951   1.0013142  1.0016325  1.0018995
 1.0021095  1.0022603  1.0023478  1.0023718  1.0023313  1.0022273
 1.002062   1.0018384  1.0015613  1.0012366  1.0008718  1.0004759
 1.0000591  0.9996334  0.9992108  0.998805   0.9984296  0.9980971
 0.9978203  0.9976106  0.9974767  0.99742496 0.9974593  0.9975801
 0.99778396 0.998064   0.9984091  0.9988058  0.99923635 0.9996819
 1.0001197  1.000528   1.0008838  1.0011653  1.0013515  1.0014257
 1.0013728  1.0011841  1.0008541  1.0003844  0.999782   0.9990596
 0.9982371  0.9973397  0.9963994  0.9954524  0.99454063 0.99370974
 0.99300873 0.99248904 0.99220365 0.9922063  0.99255085 0.9932895
 0.99447286 0.9961491  0.9983629  1.0011548  1.0045615 ]","[[1.0975327  1.3091805  0.90958774 1.394012   1.1983045  0.8465782 ]
 [5.1382413  0.5713978  1.2162557  3.6721613  3.5614438  5.0994596 ]
 [3.8247287  5.8582892  0.77294457 0.83130395 1.6541355  3.3276727 ]]",trotter
132,132,3,True,"[0.9999975  0.9999942  0.9999713  0.99993896 0.9999047  0.9998742
 0.99985087 0.9998367  0.99983215 0.9998365  0.99984866 0.9998665
 0.9998879  0.9999108  0.9999332  0.99995345 0.99997056 0.9999837
 0.99999267 0.99999785 0.9999995  0.9999987  0.9999961  0.99999267
 0.99998915 0.99998605 0.9999838  0.99998254 0.9999824  0.9999832
 0.99998456 0.9999864  0.9999885  0.99999064 0.9999926  0.99999434
 0.99999577 0.99999696 0.99999785 0.9999984  0.99999887 0.99999905
 0.9999991  0.99999905 0.9999989  0.9999987  0.9999984  0.99999785
 0.9999973  0.9999967  0.99999607 0.99999547 0.9999949  0.9999946
 0.9999944  0.9999947  0.99999505 0.99999577 0.9999967  0.9999976
 0.99999833 0.99999887 0.999999   0.9999986  0.99999774 0.99999636
 0.99999446 0.9999924  0.9999901  0.999988   0.99998635 0.9999852
 0.9999847  0.99998504 0.9999862  0.999988   0.9999904  0.9999931
 0.99999565 0.9999978  0.99999905 0.9999991  0.9999978  0.99999475
 0.99999    0.9999837  0.9999761  0.99996775 0.9999591  0.999951
 0.9999442  0.99993956 0.99993765 0.9999389  0.99994373 0.9999516
 0.9999619  0.9999733  0.99998367 0.99999017 0.99998915]","[[1.4317478  0.69067866 0.57990277 1.4703825  0.86643916 0.7925415 ]
 [1.6746956  3.0960047  6.0714097  4.747624   4.9477053  5.3311157 ]
 [6.1832623  1.8173739  4.6277847  3.2829185  4.152142   2.045473  ]]",trotter
133,133,3,False,"[1.002694   1.0010805  0.9997586  0.9987158  0.9979357  0.99739784
 0.99707866 0.9969519  0.99698794 0.99715817 0.997431   0.9977761
 0.9981634  0.99856645 0.9989596  0.9993219  0.9996351  0.9998878
 1.000071   1.0001824  1.0002239  1.0002018  1.0001262  1.0000107
 0.99986964 0.99971926 0.9995745  0.99944943 0.999355   0.99929976
 0.99928725 0.99931705 0.9993857  0.99948525 0.99960583 0.99973434
 0.9998589  0.999966   1.0000454  1.000088   1.0000881  1.0000433
 0.9999554  0.9998289  0.99967116 0.9994923  0.999303   0.9991148
 0.9989397  0.99878687 0.9986653  0.99858093 0.9985377  0.99853736
 0.9985799  0.99866253 0.9987824  0.9989343  0.9991146  0.99931806
 0.99954045 0.9997775  1.0000255  1.0002817  1.0005424  1.0008045
 1.0010643  1.0013175  1.0015585  1.0017816  1.0019788  1.002142
 1.0022619  1.0023288  1.0023329  1.0022647  1.002116   1.0018796
 1.0015509  1.001128   1.0006113  1.000006   0.99932027 0.9985675
 0.9977647  0.996934   0.9961014  0.99529773 0.99455774 0.99392074
 0.99342835 0.99312586 0.9930611  0.99328357 0.9938445  0.9947945
 0.996186   0.99806875 1.0004928  1.003505   1.0071495 ]","[[1.4317478  0.69067866 0.57990277 1.4703825  0.86643916 0.7925415 ]
 [1.6746956  3.0960047  6.0714097  4.747624   4.9477053  5.3311157 ]
 [6.1832623  1.8173739  4.6277847  3.2829185  4.152142   2.045473  ]]",trotter
134,134,3,True,"[0.9999977  0.99999374 0.99997604 0.99995255 0.9999293  0.99991006
 0.9998968  0.9998905  0.99989074 0.9998965  0.9999065  0.9999191
 0.99993294 0.99994665 0.9999591  0.9999699  0.99997866 0.9999853
 0.9999898  0.9999928  0.99999446 0.99999523 0.99999535 0.9999951
 0.99999475 0.9999942  0.99999356 0.9999928  0.99999213 0.99999124
 0.9999904  0.9999895  0.9999887  0.99998796 0.9999875  0.99998736
 0.99998766 0.9999883  0.99998933 0.9999907  0.99999213 0.9999936
 0.99999493 0.99999577 0.9999962  0.9999958  0.9999947  0.999993
 0.99999076 0.9999883  0.999986   0.9999841  0.99998283 0.9999826
 0.9999835  0.9999853  0.9999878  0.9999907  0.9999933  0.9999949
 0.9999948  0.9999924  0.99998707 0.99997884 0.99996763 0.99995404
 0.9999391  0.9999239  0.99991006 0.99989897 0.9998922  0.9998906
 0.99989486 0.9999049  0.99991983 0.99993813 0.9999576  0.9999757
 0.99998957 0.9999961  0.99999315 0.99997854 0.9999515  0.99991184
 0.99986106 0.99980134 0.9997363  0.9996705  0.999609   0.999557
 0.99952    0.9995022  0.9995071  0.99953645 0.9995895  0.999663
 0.99975073 0.99984276 0.99992573 0.99998206 0.9999904 ]","[[0.8733471  1.2048786  1.2014065  0.9034632  1.0377598  1.2591388 ]
 [0.5730484  4.7790112  2.9021564  3.8572712  5.9428034  5.247745  ]
 [2.4302797  4.186223   2.3291342  3.4733205  2.3512158  0.37845984]]",trotter
135,135,3,False,"[0.99982977 0.99960476 0.9995667  0.9996828  0.9999187  1.0002396
 1.00061    1.000997   1.001368   1.0016958  1.001956   1.0021293
 1.0022025  1.0021683  1.0020264  1.00178    1.0014412  1.0010235
 1.0005468  1.0000329  0.99950445 0.99898505 0.9984975  0.99806124
 0.9976935  0.9974069  0.9972101  0.99710697 0.9970969  0.9971759
 0.99733645 0.9975679  0.9978589  0.9981966  0.99856865 0.9989632
 0.9993689  0.9997768  1.0001792  1.0005692  1.0009414  1.0012909
 1.001614   1.0019058  1.0021617  1.0023768  1.002545   1.0026603
 1.002716   1.0027062  1.002625   1.0024688  1.0022353  1.0019253
 1.0015426  1.0010945  1.0005914  1.0000473  0.99948037 0.9989103
 0.9983586  0.9978481  0.9974008  0.99703705 0.9967744  0.99662685
 0.9966028  0.99670565 0.996932   0.997272   0.99771106 0.99822736
 0.99879515 0.99938434 0.9999636  1.0005004  1.000963   1.0013213
 1.0015509  1.001632   1.0015504  1.001301   1.0008857  1.000315
 0.99960774 0.99879134 0.9979001  0.996975   0.99606246 0.995214
 0.9944837  0.99392766 0.99360275 0.9935645  0.993867   0.99456084
 0.99569225 0.9973023  0.99942666 1.002093   1.0053222 ]","[[0.8733471  1.2048786  1.2014065  0.9034632  1.0377598  1.2591388 ]
 [0.5730484  4.7790112  2.9021564  3.8572712  5.9428034  5.247745  ]
 [2.4302797  4.186223   2.3291342  3.4733205  2.3512158  0.37845984]]",trotter
136,136,3,True,"[0.99999994 0.9999922  0.9999731  0.9999505  0.9999294  0.99991316
 0.9999035  0.9999006  0.9999039  0.99991226 0.9999239  0.9999374
 0.9999513  0.9999642  0.9999755  0.99998456 0.9999913  0.99999577
 0.9999982  0.9999993  0.99999934 0.99999875 0.9999979  0.999997
 0.99999624 0.99999577 0.99999547 0.99999535 0.9999954  0.9999955
 0.9999959  0.99999636 0.99999684 0.9999973  0.9999979  0.9999984
 0.99999887 0.9999992  0.99999946 0.9999995  0.99999946 0.9999993
 0.99999887 0.99999845 0.999998   0.9999975  0.99999714 0.99999684
 0.99999666 0.99999666 0.99999684 0.99999714 0.99999756 0.999998
 0.99999845 0.99999887 0.99999917 0.9999993  0.9999994  0.9999992
 0.9999989  0.99999857 0.99999815 0.9999977  0.9999974  0.999997
 0.9999968  0.9999968  0.9999968  0.99999696 0.9999971  0.9999974
 0.99999756 0.99999785 0.99999803 0.9999982  0.99999845 0.99999857
 0.9999986  0.99999857 0.9999983  0.9999977  0.99999666 0.9999951
 0.9999929  0.9999903  0.99998695 0.99998325 0.9999795  0.9999759
 0.99997306 0.9999712  0.9999708  0.99997216 0.9999754  0.9999802
 0.9999861  0.99999213 0.9999967  0.9999977  0.99999225]","[[0.6280694 1.3910265 1.0222261 1.3350835 0.5537152 1.1249528]
 [2.2367    6.040213  0.4829735 3.2399495 2.8350453 3.6567235]
 [4.551756  4.0772905 2.2332087 3.6013532 5.679462  1.4649949]]",trotter
137,137,3,False,"[1.0001128  0.999069   0.99838036 0.9980012  0.99788326 0.99797666
 0.99823105 0.99859726 0.9990287  0.9994823  0.99992025 1.0003103
 1.0006275  1.0008541  1.0009803  1.0010033  1.0009284  1.0007664
 1.000534   1.0002513  0.99994165 0.99962837 0.99933445 0.99908
 0.9988825  0.9987546  0.99870366 0.99873126 0.99883497 0.9990057
 0.99923235 0.9994993  0.9997896  1.0000855  1.0003695  1.0006254
 1.0008402  1.0010028  1.001106   1.0011462  1.0011238  1.001042
 1.000907   1.0007275  1.0005143  1.0002791  1.0000335  0.99978995
 0.999559   0.9993511  0.9991732  0.9990318  0.9989316  0.998873
 0.9988567  0.9988801  0.9989397  0.99903    0.9991458  0.9992811
 0.99942946 0.9995853  0.99974376 0.99990124 1.000054   1.0002004
 1.0003393  1.0004699  1.0005918  1.0007044  1.000807   1.0008986
 1.0009756  1.001035   1.0010722  1.0010809  1.0010554  1.0009887
 1.0008742  1.000707   1.0004824  1.0001981  0.99985474 0.99945563
 0.9990072  0.9985203  0.9980087  0.99749    0.9969858  0.9965207
 0.9961219  0.995819   0.99564385 0.9956293  0.99580884 0.99621636
 0.9968851  0.9978476  0.9991346  1.0007752  1.0027968 ]","[[0.6280694 1.3910265 1.0222261 1.3350835 0.5537152 1.1249528]
 [2.2367    6.040213  0.4829735 3.2399495 2.8350453 3.6567235]
 [4.551756  4.0772905 2.2332087 3.6013532 5.679462  1.4649949]]",trotter
138,138,3,True,"[0.99999976 0.9999957  0.999985   0.9999723  0.99996054 0.9999519
 0.9999472  0.9999464  0.9999491  0.99995434 0.99996126 0.99996865
 0.9999758  0.99998206 0.9999872  0.9999909  0.99999326 0.99999475
 0.9999953  0.9999954  0.9999953  0.9999951  0.9999948  0.99999464
 0.9999943  0.9999939  0.9999933  0.9999925  0.9999916  0.9999906
 0.9999897  0.9999889  0.9999886  0.99998873 0.99998945 0.99999064
 0.99999213 0.99999374 0.9999954  0.9999966  0.99999726 0.99999714
 0.99999607 0.9999941  0.9999915  0.9999882  0.99998486 0.9999817
 0.99997914 0.9999775  0.99997693 0.9999776  0.99997956 0.99998254
 0.9999863  0.9999902  0.999994   0.999997   0.9999987  0.9999986
 0.99999636 0.9999917  0.99998474 0.9999754  0.9999643  0.9999521
 0.9999397  0.999928   0.9999181  0.99991095 0.99990743 0.99990815
 0.99991304 0.9999221  0.9999345  0.99994916 0.9999645  0.999979
 0.9999907  0.9999981  0.9999996  0.99999416 0.9999814  0.99996156
 0.9999355  0.99990463 0.9998713  0.999838   0.9998077  0.9997834
 0.9997677  0.99976295 0.9997706  0.9997907  0.9998225  0.9998629
 0.9999075  0.9999496  0.99998    0.9999877  0.99995935]","[[0.58599615 1.464323   0.83110213 1.1369897  0.69528234 1.2030284 ]
 [1.022556   5.332686   6.070926   2.8739195  5.09357    3.5266418 ]
 [4.939631   1.1759751  5.10873    1.7885896  2.8650017  4.6936007 ]]",trotter
139,139,3,False,"[1.0001048  0.9986062  0.99764407 0.9971419  0.9970219  0.99720657
 0.99761873 0.9981862  0.9988408  0.9995205  1.0001719  1.0007497
 1.001219   1.0015553  1.001744   1.0017811  1.0016717  1.0014294
 1.0010742  1.0006311  1.0001289  0.99959654 0.99906373 0.99855787
 0.9981024  0.997717   0.9974167  0.99721175 0.9971061  0.997101
 0.99719334 0.99737674 0.99764246 0.997981   0.99838114 0.9988324
 0.9993233  0.9998432  1.0003814  1.0009273  1.0014701  1.0019989
 1.0025021  1.0029672  1.0033816  1.0037326  1.0040064  1.0041903
 1.0042734  1.0042462  1.0041018  1.0038373  1.0034541  1.0029572
 1.0023578  1.001672   1.0009193  1.0001247  0.99931514 0.99852055
 0.9977701  0.99709344 0.99651736 0.99606484 0.9957541  0.99559706
 0.99559885 0.9957572  0.9960631  0.9964991  0.9970432  0.99766695
 0.99833757 0.99902064 0.9996792  1.0002787  1.0007858  1.0011711
 1.0014111  1.0014875  1.0013913  1.0011195  1.0006785  1.0000833
 0.9993562  0.99852765 0.9976355  0.99672276 0.9958378  0.99503356
 0.99436504 0.9938889  0.9936624  0.9937424  0.99418324 0.9950372
 0.9963524  0.9981729  1.0005372  1.0034794  1.0070257 ]","[[0.58599615 1.464323   0.83110213 1.1369897  0.69528234 1.2030284 ]
 [1.022556   5.332686   6.070926   2.8739195  5.09357    3.5266418 ]
 [4.939631   1.1759751  5.10873    1.7885896  2.8650017  4.6936007 ]]",trotter
140,140,3,True,"[0.999996   0.9999983  0.99999917 0.9999989  0.9999981  0.99999684
 0.9999956  0.99999446 0.9999935  0.9999929  0.99999255 0.99999255
 0.99999285 0.9999934  0.9999941  0.99999493 0.99999595 0.9999968
 0.9999976  0.9999984  0.999999   0.99999934 0.9999997  0.9999998
 0.9999999  0.9999997  0.9999996  0.99999934 0.9999991  0.99999887
 0.99999875 0.99999857 0.99999845 0.9999984  0.99999833 0.9999984
 0.99999833 0.9999984  0.99999845 0.99999845 0.9999985  0.99999857
 0.9999987  0.99999875 0.9999988  0.9999989  0.99999905 0.99999917
 0.99999934 0.99999946 0.9999996  0.9999997  0.9999997  0.99999964
 0.9999995  0.99999934 0.9999991  0.99999875 0.99999833 0.999998
 0.9999975  0.99999714 0.9999968  0.9999964  0.9999962  0.99999595
 0.9999958  0.9999959  0.9999959  0.9999961  0.9999964  0.99999666
 0.9999971  0.99999756 0.9999979  0.9999984  0.9999988  0.99999917
 0.9999994  0.9999996  0.99999964 0.9999996  0.99999934 0.9999989
 0.9999985  0.99999785 0.99999726 0.9999966  0.999996   0.9999955
 0.9999952  0.9999951  0.99999523 0.9999956  0.9999961  0.9999969
 0.9999976  0.99999815 0.9999984  0.99999785 0.999996  ]","[[0.65885895 1.1036339  0.6584976  0.84381366 0.5926305  0.5353941 ]
 [1.8320963  2.468453   0.80423737 2.3760607  5.1895165  0.8521126 ]
 [4.2784085  5.658637   3.3687196  3.5657094  2.2909184  4.3552995 ]]",trotter
141,141,3,False,"[1.0016146  1.0008309  1.0001873  0.9996726  0.99927694 0.9989885
 0.9987965  0.9986901  0.99865824 0.99868995 0.9987744  0.9989014
 0.99906105 0.99924415 0.99944115 0.9996442  0.99984527 1.000038
 1.000216   1.0003748  1.0005093  1.0006168  1.000695   1.0007426
 1.0007595  1.0007461  1.0007037  1.0006344  1.000542   1.0004292
 1.0003002  1.0001591  1.0000111  0.9998601  0.999711   0.9995679
 0.9994345  0.99931484 0.99921143 0.9991266  0.9990624  0.9990197
 0.99899834 0.99899846 0.99901956 0.9990595  0.9991171  0.99918985
 0.9992759  0.999373   0.9994782  0.99959034 0.9997065  0.99982536
 0.9999456  1.0000657  1.000185   1.0003027  1.0004177  1.0005304
 1.0006396  1.0007452  1.0008463  1.000942   1.0010308  1.0011114
 1.0011822  1.0012404  1.0012839  1.0013099  1.0013157  1.0012985
 1.0012555  1.0011848  1.0010846  1.0009532  1.0007906  1.0005972
 1.0003746  1.0001247  0.9998519  0.9995606  0.9992575  0.99894947
 0.9986453  0.9983548  0.99808806 0.99785674 0.99767303 0.99754953
 0.9974996  0.9975361  0.997673   0.9979233  0.9983003  0.99881667
 0.9994847  1.0003159  1.0013208  1.0025097  1.003891  ]","[[0.65885895 1.1036339  0.6584976  0.84381366 0.5926305  0.5353941 ]
 [1.8320963  2.468453   0.80423737 2.3760607  5.1895165  0.8521126 ]
 [4.2784085  5.658637   3.3687196  3.5657094  2.2909184  4.3552995 ]]",trotter
142,142,3,True,"[0.9999982  0.9999984  0.9999974  0.99999595 0.99999464 0.9999936
 0.9999931  0.99999285 0.9999928  0.99999285 0.9999929  0.9999927
 0.99999243 0.999992   0.9999914  0.9999909  0.99999046 0.99999017
 0.9999901  0.99999034 0.9999909  0.99999166 0.99999267 0.9999938
 0.9999949  0.99999595 0.9999969  0.99999756 0.999998   0.9999982
 0.99999833 0.999998   0.9999978  0.99999744 0.999997   0.99999684
 0.9999966  0.9999964  0.9999963  0.99999607 0.99999577 0.9999955
 0.99999505 0.99999446 0.999994   0.9999935  0.9999931  0.99999285
 0.9999929  0.9999931  0.9999936  0.9999944  0.9999951  0.999996
 0.9999966  0.99999714 0.99999726 0.9999971  0.99999654 0.99999565
 0.99999446 0.999993   0.99999154 0.99999005 0.9999886  0.99998736
 0.99998635 0.99998564 0.9999853  0.99998516 0.9999855  0.9999862
 0.99998707 0.99998844 0.9999901  0.99999183 0.9999937  0.9999956
 0.9999972  0.9999984  0.9999991  0.999999   0.999998   0.9999961
 0.9999933  0.9999897  0.9999856  0.99998105 0.99997663 0.99997264
 0.9999695  0.9999676  0.99996716 0.9999683  0.99997103 0.9999751
 0.99998    0.99998486 0.9999886  0.9999896  0.99998635]","[[0.89103264 1.175899   0.59549576 1.4979641  1.1760212  1.2174926 ]
 [2.3944876  3.1564708  1.4367805  2.6665263  1.5892061  5.56188   ]
 [5.4224005  5.2870107  3.8583016  6.100101   5.0282087  4.882544  ]]",trotter
143,143,3,False,"[1.0025688  0.99981874 0.9976324  0.9959571  0.99473906 0.993928
 0.9934719  0.99332285 0.99343383 0.99376017 0.9942602  0.99489474
 0.99562806 0.9964271  0.99726164 0.99810547 0.9989352  0.99972916
 1.0004708  1.0011448  1.0017388  1.0022427  1.0026499  1.0029552
 1.0031556  1.0032517  1.0032438  1.0031368  1.0029362  1.0026501
 1.0022881  1.0018618  1.0013844  1.0008703  1.0003347  0.9997938
 0.9992633  0.9987591  0.9982958  0.9978871  0.9975439  0.9972756
 0.99708825 0.99698514 0.9969668  0.99702936 0.9971673  0.9973712
 0.99763006 0.9979318  0.99826187 0.9986055  0.9989497  0.99928135
 0.9995892  0.99986446 1.0001013  1.0002955  1.0004476  1.0005593
 1.0006347  1.0006813  1.0007055  1.0007168  1.0007228  1.0007312
 1.000748   1.0007775  1.0008214  1.0008788  1.0009459  1.0010169
 1.0010835  1.0011356  1.0011622  1.0011513  1.0010914  1.0009719
 1.0007844  1.000523   1.0001842  0.9997694  0.999283   0.99873465
 0.9981384  0.99751276 0.9968803  0.9962682  0.99570715 0.99523103
 0.9948771  0.99468374 0.99469185 0.99494296 0.99547875 0.99634063
 0.99756926 0.9992042  1.0012827  1.0038407  1.0069103 ]","[[0.89103264 1.175899   0.59549576 1.4979641  1.1760212  1.2174926 ]
 [2.3944876  3.1564708  1.4367805  2.6665263  1.5892061  5.56188   ]
 [5.4224005  5.2870107  3.8583016  6.100101   5.0282087  4.882544  ]]",trotter
144,144,3,True,"[0.9999996  0.9999968  0.9999871  0.9999747  0.99996245 0.9999521
 0.99994487 0.9999412  0.9999411  0.9999441  0.9999495  0.99995667
 0.9999648  0.9999729  0.99998057 0.9999871  0.99999225 0.99999595
 0.9999981  0.99999905 0.9999989  0.99999815 0.9999971  0.99999595
 0.99999505 0.9999945  0.99999446 0.9999947  0.9999953  0.99999607
 0.9999968  0.9999973  0.99999785 0.9999982  0.9999984  0.99999857
 0.9999986  0.9999988  0.99999887 0.9999989  0.99999905 0.999999
 0.99999887 0.9999987  0.9999984  0.9999981  0.99999774 0.9999976
 0.99999756 0.9999977  0.9999978  0.99999815 0.9999985  0.9999988
 0.9999991  0.99999917 0.9999993  0.99999917 0.999999   0.9999988
 0.9999986  0.9999985  0.99999833 0.9999981  0.9999978  0.9999972
 0.99999624 0.999995   0.9999933  0.99999154 0.9999896  0.9999881
 0.9999869  0.9999866  0.99998724 0.99998885 0.9999913  0.9999942
 0.999997   0.99999905 0.9999995  0.9999977  0.99999297 0.99998474
 0.9999733  0.9999586  0.9999414  0.9999228  0.99990416 0.9998872
 0.9998738  0.9998654  0.9998636  0.9998694  0.999883   0.9999036
 0.9999295  0.99995726 0.99998194 0.9999967  0.9999927 ]","[[0.9549601  1.0660552  1.019386   1.3172163  1.1094774  1.3542584 ]
 [5.6790814  3.2992842  2.6124518  2.0535495  2.9292603  4.698086  ]
 [0.39809597 1.8718864  3.6126342  3.95326    4.238186   3.7599409 ]]",trotter
145,145,3,False,"[1.0012264  0.99989766 0.9987814  0.9978799  0.9971932  0.99671733
 0.9964451  0.99636555 0.99646354 0.99671966 0.99711156 0.99761224
 0.9981921  0.9988194  0.9994614  1.0000852  1.0006601  1.0011578
 1.0015545  1.0018328  1.0019815  1.0019966  1.0018826  1.00165
 1.0013167  1.0009055  1.0004431  0.99995774 0.9994788  0.99903345
 0.9986458  0.9983362  0.9981189  0.99800354 0.9979932  0.99808574
 0.99827486 0.99854916 0.99889517 0.9992974  0.99973905 1.0002025
 1.0006721  1.0011315  1.0015664  1.001964   1.002312   1.0026009
 1.0028219  1.0029678  1.0030324  1.0030116  1.002903   1.0027056
 1.0024215  1.0020546  1.0016117  1.001103   1.0005405  0.9999404
 0.99932003 0.99869937 0.9980995  0.9975417  0.99704635 0.99663234
 0.9963158  0.99610865 0.9960189  0.99604887 0.9961951  0.9964497
 0.9967985  0.9972231  0.99770135 0.9982079  0.99871695 0.99920183
 0.99963737 1.0000011  1.0002745  1.0004435  1.0004991  1.0004393
 1.0002677  0.9999936  0.99963295 0.9992061  0.99873877 0.9982594
 0.9978004  0.9973955  0.99707884 0.99688524 0.99684817 0.9969992
 0.9973674  0.9979779  0.99885327 1.0000101  1.001462  ]","[[0.9549601  1.0660552  1.019386   1.3172163  1.1094774  1.3542584 ]
 [5.6790814  3.2992842  2.6124518  2.0535495  2.9292603  4.698086  ]
 [0.39809597 1.8718864  3.6126342  3.95326    4.238186   3.7599409 ]]",trotter
146,146,3,True,"[0.99997514 0.99998796 0.99999493 0.9999978  0.9999979  0.9999964
 0.9999941  0.9999916  0.99998933 0.9999876  0.9999865  0.999986
 0.99998623 0.9999871  0.99998844 0.9999901  0.999992   0.9999939
 0.9999957  0.99999726 0.99999833 0.9999991  0.9999993  0.99999905
 0.9999984  0.99999726 0.99999595 0.9999945  0.9999931  0.9999919
 0.9999909  0.99999046 0.99999046 0.99999094 0.99999183 0.99999315
 0.99999464 0.99999607 0.99999744 0.9999985  0.99999905 0.99999917
 0.9999986  0.9999976  0.9999963  0.9999949  0.9999935  0.9999923
 0.99999166 0.9999915  0.9999917  0.99999255 0.99999374 0.9999951
 0.9999964  0.9999977  0.9999986  0.99999917 0.9999994  0.9999993
 0.9999988  0.99999833 0.9999978  0.9999974  0.99999696 0.99999666
 0.9999965  0.9999962  0.9999959  0.99999547 0.9999951  0.99999464
 0.9999943  0.99999416 0.9999944  0.99999493 0.9999959  0.9999971
 0.9999983  0.9999992  0.99999946 0.99999875 0.9999967  0.999993
 0.9999876  0.9999805  0.99997187 0.9999623  0.9999523  0.9999429
 0.99993503 0.9999296  0.9999276  0.9999296  0.99993604 0.9999466
 0.99996036 0.99997544 0.99998903 0.9999973  0.9999947 ]","[[0.7217697  0.71317077 1.3710976  1.3563555  1.4848571  1.0823547 ]
 [1.5049651  4.4598136  3.5242822  1.1069764  4.0492787  1.9926374 ]
 [3.537871   2.2824607  5.0930104  5.904192   5.3072505  5.789498  ]]",trotter
147,147,3,False,"[1.0077972  1.00411    1.0010065  0.9984494  0.9964029  0.9948268
 0.99368227 0.9929282  0.9925239  0.99242777 0.9925988  0.9929964
 0.9935808  0.99431306 0.99515605 0.9960742  0.9970343  0.99800485
 0.9989577  0.9998665  1.0007089  1.0014663  1.0021223  1.0026649
 1.0030859  1.0033803  1.0035473  1.0035897  1.0035135  1.0033283
 1.0030462  1.0026821  1.0022535  1.0017782  1.0012764  1.0007675
 1.0002714  0.9998068  0.9993899  0.9990356  0.9987561  0.9985584
 0.9984475  0.99842393 0.9984846  0.9986207  0.99882245 0.9990752
 0.99936235 0.9996667  0.9999687  1.0002509  1.0004965  1.0006908
 1.000823   1.000886   1.0008769  1.000797   1.0006541  1.0004572
 1.0002213  0.99996215 0.99969876 0.9994495  0.9992322  0.99906206
 0.99895173 0.9989099  0.9989391  0.9990389  0.9992026  0.99941903
 0.999673   0.9999473  1.0002213  1.0004746  1.0006871  1.0008415
 1.0009227  1.0009203  1.000828   1.0006458  1.0003778  1.0000341
 0.9996297  0.99918276 0.99871504 0.9982513  0.99781626 0.99743605
 0.9971357  0.99693793 0.9968645  0.9969331  0.99715835 0.9975507
 0.9981172  0.9988609  0.9997797  1.0008693  1.0021205 ]","[[0.7217697  0.71317077 1.3710976  1.3563555  1.4848571  1.0823547 ]
 [1.5049651  4.4598136  3.5242822  1.1069764  4.0492787  1.9926374 ]
 [3.537871   2.2824607  5.0930104  5.904192   5.3072505  5.789498  ]]",trotter
148,148,3,True,"[0.99999976 0.999999   0.9999957  0.9999916  0.99998736 0.9999837
 0.99998116 0.99997973 0.9999796  0.9999805  0.9999823  0.9999847
 0.9999875  0.9999903  0.99999297 0.99999523 0.99999714 0.9999985
 0.9999994  0.99999976 0.99999976 0.9999996  0.9999991  0.9999986
 0.9999982  0.9999978  0.99999756 0.9999975  0.99999756 0.9999977
 0.999998   0.9999983  0.99999857 0.99999887 0.99999905 0.99999917
 0.9999992  0.9999992  0.99999917 0.9999991  0.99999905 0.999999
 0.999999   0.999999   0.99999905 0.99999917 0.9999992  0.9999992
 0.9999992  0.9999992  0.99999917 0.9999991  0.999999   0.9999989
 0.9999988  0.9999988  0.99999887 0.9999988  0.99999887 0.999999
 0.99999905 0.99999917 0.9999992  0.99999917 0.9999992  0.99999917
 0.999999   0.9999988  0.9999987  0.9999984  0.9999983  0.99999815
 0.99999803 0.999998   0.9999981  0.9999983  0.99999857 0.9999989
 0.9999992  0.9999995  0.9999997  0.99999964 0.99999917 0.99999845
 0.9999974  0.9999958  0.9999938  0.9999916  0.9999892  0.99998695
 0.99998486 0.99998343 0.99998266 0.99998295 0.99998426 0.99998665
 0.9999899  0.9999936  0.99999696 0.99999887 0.99999803]","[[0.6994333  0.791282   1.3694932  1.1251132  1.0899657  1.0308594 ]
 [0.86794233 5.095211   0.77145195 4.080113   2.361011   1.026888  ]
 [0.96332455 4.859814   0.73320043 4.111107   0.10506561 2.239783  ]]",trotter
149,149,3,False,"[1.0012465  1.0001287  0.99924445 0.9985743  0.99809664 0.99778956
 0.9976297  0.9975953  0.9976635  0.9978134  0.99802476 0.9982783
 0.998558   0.99884766 0.9991355  0.99940985 0.99966294 0.9998887
 1.0000825  1.0002421  1.0003676  1.0004598  1.0005211  1.0005543
 1.0005645  1.0005541  1.000529   1.0004926  1.0004488  1.0004004
 1.0003512  1.000302   1.0002551  1.000211   1.0001705  1.0001339
 1.0001005  1.0000705  1.0000435  1.0000198  0.999999   0.9999814
 0.99996716 0.9999568  0.99995035 0.9999482  0.9999508  0.9999573
 0.9999672  0.9999797  0.99999326 1.0000058  1.0000163  1.0000217
 1.0000203  1.0000103  0.99999017 0.9999601  0.9999195  0.9998696
 0.9998124  0.99975115 0.9996889  0.9996313  0.99958146 0.99954534
 0.99952674 0.99952954 0.9995569  0.99960995 0.9996881  0.99978983
 0.9999112  1.0000467  1.0001892  1.0003301  1.0004598  1.0005685
 1.0006459  1.000683   1.0006713  1.0006043  1.0004778  1.0002908
 1.0000439  0.9997429  0.9993962  0.9990157  0.9986173  0.9982199
 0.9978458  0.99752    0.9972698  0.99712443 0.99711436 0.99727106
 0.9976263  0.99821156 0.99905777 1.0001943  1.0016494 ]","[[0.6994333  0.791282   1.3694932  1.1251132  1.0899657  1.0308594 ]
 [0.86794233 5.095211   0.77145195 4.080113   2.361011   1.026888  ]
 [0.96332455 4.859814   0.73320043 4.111107   0.10506561 2.239783  ]]",trotter
150,150,3,True,"[0.9999988  0.9999914  0.9999641  0.9999277  0.99989045 0.99985796
 0.9998338  0.99981976 0.99981606 0.99982184 0.99983555 0.99985504
 0.9998782  0.99990267 0.9999266  0.9999483  0.9999666  0.9999809
 0.99999106 0.9999969  0.99999934 0.9999988  0.99999624 0.9999925
 0.9999884  0.9999845  0.99998116 0.9999789  0.9999776  0.9999774
 0.9999782  0.99997973 0.9999819  0.9999844  0.9999871  0.99998987
 0.99999243 0.9999947  0.9999966  0.999998   0.9999988  0.99999875
 0.99999803 0.99999654 0.9999943  0.9999911  0.99998754 0.99998355
 0.99997956 0.999976   0.99997306 0.99997133 0.9999709  0.9999721
 0.99997485 0.99997896 0.999984   0.99998945 0.9999944  0.9999981
 0.9999995  0.9999979  0.99999267 0.99998343 0.9999702  0.9999537
 0.9999348  0.9999151  0.9998962  0.9998803  0.99986905 0.9998641
 0.99986637 0.9998761  0.99989253 0.999914   0.9999381  0.9999615
 0.9999807  0.99999183 0.9999917  0.99997777 0.9999484  0.9999035
 0.9998445  0.9997742  0.99969715 0.9996188  0.99954563 0.99948436
 0.99944127 0.9994218  0.9994299  0.999467   0.99953187 0.9996201
 0.9997231  0.9998288  0.99992085 0.99997896 0.9999789 ]","[[0.5504439 1.408134  0.9129008 1.4678274 1.4104213 1.1081088]
 [1.4602144 3.0732896 4.228138  2.385382  5.6484756 5.8209243]
 [5.1161504 1.2431471 6.0255203 5.3471613 3.0315423 3.203734 ]]",trotter
151,151,3,False,"[1.0013682  0.9996747  0.998362   0.99740374 0.9967689  0.9964234
 0.9963287  0.9964461  0.9967336  0.9971494  0.9976522  0.99820274
 0.9987635  0.99930054 0.9997851  1.0001928  1.0005058  1.0007124
 1.000807   1.0007925  1.0006753  1.0004692  1.0001917  0.9998629
 0.9995068  0.9991456  0.99880236 0.99849665 0.9982454  0.9980612
 0.99795175 0.99792147 0.99796873 0.99808913 0.998275   0.9985165
 0.99880266 0.99912155 0.9994623  0.99981457 1.0001687  1.0005164
 1.0008501  1.0011638  1.0014507  1.0017046  1.0019194  1.0020888
 1.0022056  1.0022638  1.0022569  1.0021801  1.0020303  1.001806
 1.0015097  1.0011469  1.0007268  1.0002629  0.9997706  0.999271
 0.9987859  0.99833876 0.99795306 0.99765134 0.9974531  0.9973738
 0.99742347 0.99760574 0.9979167  0.99834496 0.99887174 0.99947065
 1.0001096  1.0007515  1.0013555  1.00188    1.0022854  1.0025336
 1.002593   1.0024387  1.0020561  1.00144    1.0005974  0.9995465
 0.9983186  0.9969555  0.9955109  0.9940473  0.9926363  0.99135464
 0.9902853  0.9895131  0.989124   0.98920375 0.9898342  0.99109423
 0.99305665 0.9957875  0.99934506 1.0037786  1.0091276 ]","[[0.5504439 1.408134  0.9129008 1.4678274 1.4104213 1.1081088]
 [1.4602144 3.0732896 4.228138  2.385382  5.6484756 5.8209243]
 [5.1161504 1.2431471 6.0255203 5.3471613 3.0315423 3.203734 ]]",trotter
152,152,3,True,"[0.9999993  0.99999833 0.9999959  0.9999929  0.9999902  0.999988
 0.9999867  0.9999862  0.9999864  0.99998724 0.9999885  0.9999901
 0.99999183 0.9999935  0.999995   0.99999636 0.9999973  0.9999981
 0.9999987  0.9999989  0.99999905 0.999999   0.99999887 0.99999857
 0.9999985  0.99999815 0.999998   0.99999785 0.9999977  0.9999977
 0.9999976  0.9999977  0.9999978  0.99999803 0.9999982  0.99999845
 0.9999987  0.9999989  0.99999917 0.9999993  0.9999993  0.9999993
 0.9999991  0.9999987  0.9999984  0.9999979  0.9999975  0.99999714
 0.9999967  0.99999654 0.9999966  0.9999968  0.9999971  0.99999744
 0.99999785 0.99999833 0.99999875 0.99999905 0.9999993  0.9999992
 0.99999905 0.9999987  0.99999815 0.9999976  0.9999968  0.99999607
 0.99999523 0.99999446 0.99999374 0.9999934  0.99999297 0.9999929
 0.9999931  0.9999936  0.9999944  0.99999535 0.9999964  0.9999976
 0.9999987  0.99999946 0.9999998  0.9999997  0.99999887 0.9999974
 0.9999952  0.99999243 0.9999892  0.9999858  0.9999825  0.9999795
 0.9999771  0.9999758  0.99997556 0.99997663 0.99997896 0.99998224
 0.999986   0.99998975 0.99999243 0.9999928  0.99998945]","[[0.6574175  0.90036005 0.5841747  0.5747287  1.3097544  0.8372089 ]
 [3.7992694  3.9367015  1.571884   5.826078   2.9143157  5.320999  ]
 [0.0460582  1.0856063  0.4187684  4.547846   5.636787   5.0489717 ]]",trotter
153,153,3,False,"[1.0025518  1.0008063  0.9993692  0.9982173  0.9973275  0.99667567
 0.99623805 0.9959912  0.9959115  0.9959765  0.99616295 0.99645096
 0.99681926 0.99724907 0.99772197 0.99822134 0.9987315  0.9992381
 0.999729   1.0001925  1.0006193  1.0010009  1.0013305  1.001603
 1.0018153  1.0019643  1.0020498  1.0020726  1.0020345  1.0019395
 1.0017923  1.0015982  1.0013652  1.001101   1.0008134  1.000512
 1.0002062  0.99990547 0.99961805 0.99935263 0.9991172  0.9989169
 0.9987576  0.9986418  0.9985718  0.9985469  0.9985655  0.9986239
 0.99871695 0.9988388  0.9989826  0.9991412  0.999307   0.99947333
 0.9996339  0.9997841  0.9999199  1.0000395  1.0001419  1.0002282
 1.0003004  1.0003613  1.0004156  1.0004665  1.0005177  1.0005724
 1.0006329  1.0006995  1.0007721  1.0008473  1.0009211  1.0009885
 1.0010417  1.0010738  1.0010755  1.0010396  1.0009576  1.0008239
 1.0006332  1.0003831  1.0000738  0.99970794 0.9992904  0.9988321
 0.9983441  0.99784213 0.9973449  0.99687296 0.99645007 0.9961018
 0.9958546  0.99573773 0.99577945 0.9960091  0.9964561  0.99714917
 0.99811596 0.9993834  1.0009767  1.0029193  1.0052326 ]","[[0.6574175  0.90036005 0.5841747  0.5747287  1.3097544  0.8372089 ]
 [3.7992694  3.9367015  1.571884   5.826078   2.9143157  5.320999  ]
 [0.0460582  1.0856063  0.4187684  4.547846   5.636787   5.0489717 ]]",trotter
154,154,3,True,"[0.99999785 0.9999992  0.99999857 0.9999968  0.9999947  0.9999927
 0.9999912  0.9999903  0.9999899  0.9999902  0.99999094 0.999992
 0.99999326 0.9999946  0.9999959  0.99999714 0.99999815 0.9999989
 0.99999946 0.9999998  1.         0.9999999  0.9999997  0.9999994
 0.9999991  0.9999988  0.99999845 0.9999981  0.999998   0.9999978
 0.99999774 0.99999774 0.99999785 0.99999803 0.9999983  0.99999857
 0.9999988  0.9999991  0.9999993  0.9999995  0.9999997  0.99999976
 0.9999999  0.9999998  0.99999976 0.9999996  0.99999946 0.9999993
 0.9999991  0.999999   0.9999988  0.9999987  0.99999857 0.9999985
 0.99999845 0.99999845 0.99999845 0.99999845 0.99999857 0.99999857
 0.99999857 0.9999986  0.9999987  0.99999875 0.9999988  0.9999989
 0.99999905 0.99999917 0.9999993  0.9999994  0.9999994  0.99999934
 0.9999992  0.99999905 0.9999988  0.99999857 0.9999983  0.9999981
 0.999998   0.99999803 0.99999815 0.9999984  0.9999987  0.9999989
 0.99999917 0.9999991  0.9999988  0.9999982  0.9999973  0.9999962
 0.9999949  0.99999356 0.9999925  0.99999183 0.99999166 0.99999225
 0.9999935  0.9999954  0.99999756 0.9999993  0.99999964]","[[0.63773614 0.9078463  1.3073874  1.4424936  1.1749419  1.3344225 ]
 [0.6154754  2.3155105  1.9137578  1.9001321  3.0459611  3.5383384 ]
 [5.133645   1.4281764  5.825997   5.976798   0.41922823 1.9639764 ]]",trotter
155,155,3,False,"[1.0034239  1.0016173  1.0001096  0.9988824  0.9979152  0.99718636
 0.99667335 0.9963533  0.99620295 0.9961996  0.9963202  0.99654317
 0.99684674 0.9972113  0.9976174  0.99804825 0.9984885  0.998924
 0.9993428  0.99973565 1.0000943  1.0004128  1.0006868  1.0009139
 1.0010929  1.0012249  1.0013108  1.0013536  1.0013567  1.0013239
 1.00126    1.0011691  1.0010557  1.0009251  1.0007818  1.0006294
 1.0004725  1.0003147  1.0001596  1.0000105  0.99986994 0.9997412
 0.99962616 0.99952716 0.99944603 0.9993846  0.9993436  0.9993234
 0.99932474 0.99934655 0.99938786 0.9994461  0.9995193  0.999604
 0.999696   0.99979115 0.99988467 0.999972   1.0000489  1.0001117
 1.0001574  1.0001836  1.0001905  1.0001783  1.0001491  1.0001065
 1.0000551  1.0000006  0.99994856 0.9999056  0.9998771  0.9998678
 0.9998818  0.9999199  0.9999822  1.0000658  1.000165   1.000273
 1.0003805  1.0004764  1.0005491  1.0005862  1.000577   1.0005118
 1.0003835  1.0001885  0.9999272  0.9996052  0.99923307 0.9988276
 0.9984113  0.99801195 0.9976624  0.99740165 0.9972705  0.99731433
 0.99757963 0.9981131  0.9989617  1.0001695  1.0017773 ]","[[0.63773614 0.9078463  1.3073874  1.4424936  1.1749419  1.3344225 ]
 [0.6154754  2.3155105  1.9137578  1.9001321  3.0459611  3.5383384 ]
 [5.133645   1.4281764  5.825997   5.976798   0.41922823 1.9639764 ]]",trotter
156,156,3,True,"[0.99999976 0.999997   0.99998975 0.9999811  0.9999729  0.99996656
 0.9999626  0.99996126 0.99996215 0.999965   0.9999693  0.9999743
 0.9999797  0.99998486 0.9999894  0.9999932  0.99999595 0.9999979
 0.9999989  0.99999917 0.9999988  0.9999981  0.99999726 0.99999636
 0.9999955  0.999995   0.9999947  0.99999475 0.99999493 0.99999535
 0.9999958  0.99999636 0.9999968  0.9999972  0.9999975  0.99999756
 0.9999976  0.9999975  0.99999744 0.9999974  0.9999973  0.9999975
 0.9999976  0.99999785 0.9999981  0.9999984  0.9999986  0.9999988
 0.9999987  0.99999857 0.99999833 0.9999981  0.99999774 0.99999756
 0.99999744 0.99999756 0.99999785 0.9999982  0.9999986  0.99999905
 0.99999934 0.9999994  0.9999994  0.9999992  0.9999989  0.9999987
 0.99999833 0.99999815 0.99999815 0.9999981  0.9999981  0.9999981
 0.99999803 0.999998   0.99999785 0.9999978  0.9999979  0.9999982
 0.9999986  0.99999917 0.9999995  0.99999946 0.99999845 0.9999961
 0.999992   0.99998593 0.9999779  0.99996805 0.99995697 0.9999456
 0.999935   0.99992645 0.99992126 0.99992067 0.9999255  0.9999358
 0.99995077 0.99996847 0.99998546 0.99999636 0.99999404]","[[0.6383726  1.2073451  0.9300047  1.1074704  0.7602759  1.4372377 ]
 [4.7922835  4.298673   0.65493923 1.6971114  0.88787544 5.4561267 ]
 [4.401264   3.0573494  1.0289841  5.510842   2.9449492  0.9444376 ]]",trotter
157,157,3,False,"[1.0011536  1.0001734  0.9993889  0.9987854  0.99834603 0.9980542
 0.99789155 0.9978402  0.9978818  0.99799824 0.9981722  0.99838746
 0.99862844 0.99888146 0.99913436 0.99937695 0.9996009  0.9998004
 0.99997026 1.0001084  1.0002147  1.0002899  1.0003365  1.0003582
 1.000359   1.0003437  1.0003167  1.0002825  1.0002439  1.0002046
 1.0001655  1.0001278  1.0000907  1.0000527  1.0000125  0.9999678
 0.99991673 0.99985784 0.9997901  0.99971396 0.9996309  0.9995439
 0.99945736 0.99937606 0.99930596 0.99925375 0.99922514 0.9992254
 0.99925786 0.9993249  0.9994257  0.9995572  0.99971384 0.9998875
 1.0000685  1.0002447  1.0004038  1.0005343  1.0006249  1.0006672
 1.0006555  1.0005873  1.0004652  1.0002943  1.0000852  0.99985105
 0.9996072  0.9993712  0.9991599  0.99898934 0.99887264 0.99881995
 0.9988358  0.998921   0.99906963 0.9992709  0.99951005 0.9997687
 1.0000253  1.0002581  1.0004461  1.0005698  1.0006132  1.0005656
 1.0004212  1.0001814  0.99985325 0.99945146 0.99899596 0.99851346
 0.99803513 0.99759644 0.9972359  0.996994   0.9969115  0.99702966
 0.99738735 0.9980216  0.9989662  1.0002502  1.0018985 ]","[[0.6383726  1.2073451  0.9300047  1.1074704  0.7602759  1.4372377 ]
 [4.7922835  4.298673   0.65493923 1.6971114  0.88787544 5.4561267 ]
 [4.401264   3.0573494  1.0289841  5.510842   2.9449492  0.9444376 ]]",trotter
158,158,3,True,"[0.9999983  0.9999957  0.9999838  0.99996775 0.9999512  0.9999368
 0.9999262  0.99992025 0.9999189  0.9999216  0.99992794 0.9999369
 0.99994725 0.99995816 0.9999688  0.99997824 0.99998623 0.9999924
 0.9999966  0.999999   0.9999999  0.99999946 0.9999982  0.99999654
 0.99999475 0.999993   0.9999917  0.9999909  0.9999905  0.9999907
 0.99999124 0.9999922  0.9999932  0.9999944  0.99999565 0.9999967
 0.99999774 0.99999857 0.99999917 0.99999964 0.9999998  0.9999998
 0.99999964 0.99999934 0.9999989  0.99999845 0.99999785 0.9999974
 0.99999684 0.9999964  0.9999961  0.9999958  0.9999958  0.999996
 0.9999963  0.99999684 0.9999975  0.99999815 0.9999988  0.9999994
 0.9999998  0.9999998  0.9999994  0.99999857 0.99999714 0.9999953
 0.999993   0.99999046 0.9999879  0.99998546 0.99998343 0.99998206
 0.99998164 0.9999821  0.9999836  0.999986   0.999989   0.9999924
 0.9999955  0.9999982  0.9999996  0.99999946 0.99999744 0.99999326
 0.99998707 0.9999789  0.9999694  0.9999593  0.9999492  0.9999402
 0.99993324 0.99992895 0.9999282  0.9999312  0.9999382  0.9999485
 0.9999613  0.99997497 0.9999873  0.9999959  0.99999714]","[[1.1174133  1.2123737  1.2596234  0.66808957 1.4384451  1.2206304 ]
 [0.3857289  0.7727622  1.1832122  4.963411   4.506862   3.3023543 ]
 [5.7475657  1.1156079  5.3386283  0.5496737  0.1018714  2.1948693 ]]",trotter
159,159,3,False,"[1.001967   1.0004476  0.9992608  0.99838    0.9977755  0.9974151
 0.9972662  0.99729353 0.9974627  0.9977395  0.99809116 0.9984864
 0.9988964  0.99929607 0.99966365 0.9999815  1.0002363  1.000419
 1.0005262  1.0005578  1.0005176  1.0004139  1.0002571  1.0000608
 0.9998389  0.99960613 0.9993776  0.999167   0.9989854  0.9988431
 0.9987469  0.9987006  0.9987059  0.9987607  0.99886096 0.9990002
 0.9991711  0.99936444 0.99957126 0.99978244 0.9999893  1.0001844
 1.0003614  1.000515   1.0006417  1.0007392  1.0008067  1.0008436
 1.0008514  1.0008314  1.0007857  1.0007164  1.0006266  1.0005193
 1.0003976  1.000265   1.000126   0.9999848  0.99984634 0.9997167
 0.9996012  0.9995062  0.99943805 0.99940187 0.9994034  0.9994454
 0.99953043 0.99965835 0.99982625 1.000029   1.0002586  1.000504
 1.000752   1.0009869  1.0011917  1.0013484  1.0014389  1.001447
 1.0013577  1.0011588  1.0008429  1.0004071  0.9998532  0.99918956
 0.998431   0.99759793 0.9967178  0.9958229  0.9949525  0.9941485
 0.9934589  0.99293363 0.9926247  0.99258626 0.9928725  0.99353653
 0.99463105 0.9962058  0.9983079  1.0009811  1.0042653 ]","[[1.1174133  1.2123737  1.2596234  0.66808957 1.4384451  1.2206304 ]
 [0.3857289  0.7727622  1.1832122  4.963411   4.506862   3.3023543 ]
 [5.7475657  1.1156079  5.3386283  0.5496737  0.1018714  2.1948693 ]]",trotter
160,160,3,True,"[0.999994   0.999998   0.9999961  0.99999136 0.99998546 0.9999798
 0.9999753  0.9999724  0.99997133 0.9999718  0.9999737  0.99997663
 0.9999802  0.9999842  0.99998796 0.9999915  0.99999446 0.99999666
 0.99999833 0.99999934 0.9999997  0.99999976 0.99999934 0.99999875
 0.9999981  0.99999744 0.99999684 0.99999636 0.99999607 0.999996
 0.99999607 0.99999624 0.99999666 0.99999696 0.99999744 0.99999785
 0.99999833 0.9999987  0.999999   0.9999992  0.99999934 0.99999934
 0.99999934 0.99999917 0.999999   0.99999875 0.99999857 0.9999983
 0.9999981  0.999998   0.99999785 0.99999785 0.99999785 0.99999803
 0.9999982  0.99999845 0.9999987  0.99999905 0.9999993  0.99999946
 0.9999996  0.9999995  0.99999934 0.999999   0.9999985  0.9999978
 0.99999714 0.9999963  0.9999955  0.99999493 0.99999446 0.99999416
 0.9999943  0.9999946  0.9999952  0.999996   0.999997   0.9999981
 0.999999   0.9999997  1.         0.99999964 0.99999875 0.99999696
 0.9999944  0.99999106 0.999987   0.9999825  0.99997777 0.9999731
 0.99996907 0.999966   0.9999644  0.99996465 0.99996704 0.99997145
 0.99997777 0.9999852  0.9999926  0.9999979  0.99999845]","[[1.096508   0.64344823 0.98118246 0.84313494 1.1778141  0.9972427 ]
 [0.03999759 0.1567622  5.755165   4.536791   0.3096064  3.6645381 ]
 [1.6199358  4.6394315  5.7871127  6.2734137  4.93207    2.4604232 ]]",trotter
161,161,3,False,"[1.0019094  1.0004939  0.99938685 0.9985602  0.9979841  0.997628
 0.99746007 0.9974482  0.99756134 0.9977693  0.9980439  0.99835914
 0.9986913  0.99901974 0.9993276  0.9996013  0.9998302  1.000009
 1.000134   1.000206   1.0002282  1.0002067  1.0001485  1.0000637
 0.99996144 0.9998519  0.99974465 0.9996484  0.9995702  0.9995152
 0.9994873  0.99948734 0.99951434 0.9995661  0.9996374  0.99972296
 0.9998158  0.99990946 0.9999965  1.0000709  1.0001274  1.0001619
 1.0001721  1.0001577  1.0001193  1.0000596  0.99998283 0.99989355
 0.99979806 0.9997023  0.9996122  0.99953353 0.9994714  0.9994301
 0.9994124  0.99942005 0.999454   0.99951357 0.9995972  0.99970216
 0.9998256  0.9999631  1.000111   1.0002643  1.0004182  1.0005679
 1.0007092  1.0008373  1.0009478  1.0010375  1.0011024  1.0011401
 1.0011481  1.0011243  1.0010679  1.0009778  1.000854   1.0006975
 1.0005093  1.0002908  1.0000451  0.9997752  0.9994851  0.99918
 0.99886584 0.9985489  0.9982377  0.99794143 0.99767035 0.99743646
 0.99725264 0.9971337  0.99709505 0.99715364 0.99732697 0.9976338
 0.998093   0.99872404 0.99954593 1.0005773  1.0018364 ]","[[1.096508   0.64344823 0.98118246 0.84313494 1.1778141  0.9972427 ]
 [0.03999759 0.1567622  5.755165   4.536791   0.3096064  3.6645381 ]
 [1.6199358  4.6394315  5.7871127  6.2734137  4.93207    2.4604232 ]]",trotter
162,162,3,True,"[0.9999988  0.99999046 0.9999654  0.9999334  0.99990135 0.999874
 0.99985415 0.99984324 0.9998412  0.999847   0.9998595  0.99987674
 0.9998968  0.999918   0.9999385  0.99995714 0.99997294 0.99998516
 0.9999936  0.99999845 0.9999999  0.9999985  0.999995   0.99999005
 0.9999845  0.99997884 0.99997395 0.9999701  0.9999676  0.9999666
 0.9999673  0.9999693  0.9999725  0.9999766  0.99998116 0.9999859
 0.99999017 0.9999939  0.9999968  0.9999985  0.9999993  0.99999887
 0.99999744 0.9999953  0.9999927  0.99998987 0.9999871  0.9999848
 0.999983   0.99998206 0.9999819  0.9999826  0.999984   0.9999861
 0.9999885  0.999991   0.99999344 0.9999955  0.999997   0.9999979
 0.99999815 0.9999977  0.99999666 0.9999952  0.99999344 0.9999916
 0.99999    0.99998856 0.99998754 0.99998707 0.99998707 0.9999875
 0.9999883  0.9999896  0.99999106 0.99999255 0.9999939  0.9999952
 0.9999961  0.9999966  0.99999654 0.999996   0.9999947  0.9999929
 0.9999905  0.9999877  0.99998456 0.9999813  0.9999782  0.9999753
 0.9999732  0.9999719  0.9999718  0.99997306 0.9999757  0.99997956
 0.9999844  0.9999895  0.99999386 0.9999961  0.9999941 ]","[[1.0608077  0.99663264 0.7541598  0.9401081  1.4348571  1.1504592 ]
 [4.5973735  6.1419115  2.216317   4.510246   0.1577247  4.673044  ]
 [4.2248073  1.2356029  2.0900471  6.212059   2.987291   5.594218  ]]",trotter
163,163,3,False,"[1.0018978  1.000111   0.9987276  0.9977056  0.9970014  0.9965714
 0.9963733  0.99636596 0.9965103  0.9967695  0.99711037 0.9975027
 0.99791986 0.9983394  0.99874276 0.9991155  0.9994464  0.9997287
 0.9999581  1.000134   1.0002582  1.000334   1.0003678  1.0003659
 1.0003355  1.0002846  1.0002216  1.0001526  1.000085   1.0000242
 0.99997383 0.99993765 0.99991715 0.9999121  0.9999216  0.9999433
 0.9999738  1.0000091  1.0000439  1.0000732  1.0000916  1.0000945
 1.0000781  1.0000389  0.9999753  0.9998871  0.999776   0.99964505
 0.9994989  0.9993447  0.9991902  0.99904376 0.9989152  0.9988138
 0.9987489  0.9987285  0.99875915 0.9988461  0.99899155 0.9991961
 0.9994568  0.9997693  1.0001256  1.0005165  1.0009301  1.0013531
 1.0017716  1.0021704  1.0025347  1.0028496  1.0031018  1.0032784
 1.003368   1.0033618  1.003253   1.0030372  1.002712   1.0022784
 1.00174    1.001103   1.0003767  0.99957377 0.9987096  0.99780244
 0.9968738  0.99594766 0.9950523  0.99421656 0.99347466 0.9928614
 0.9924153  0.9921766  0.9921877  0.99249345 0.99313915 0.99417293
 0.99564224 0.99759704 1.000086   1.0031587  1.0068638 ]","[[1.0608077  0.99663264 0.7541598  0.9401081  1.4348571  1.1504592 ]
 [4.5973735  6.1419115  2.216317   4.510246   0.1577247  4.673044  ]
 [4.2248073  1.2356029  2.0900471  6.212059   2.987291   5.594218  ]]",trotter
164,164,3,True,"[0.99998194 0.99999166 0.99999595 0.9999966  0.9999947  0.9999914
 0.9999877  0.9999843  0.99998164 0.99998015 0.9999798  0.9999807
 0.99998254 0.99998516 0.9999882  0.99999136 0.9999942  0.9999967
 0.9999985  0.99999964 1.         0.9999997  0.99999887 0.9999978
 0.9999966  0.99999565 0.99999475 0.99999416 0.99999404 0.9999941
 0.9999944  0.99999493 0.9999954  0.99999595 0.99999636 0.99999666
 0.99999696 0.9999972  0.9999974  0.9999976  0.99999785 0.9999981
 0.9999983  0.9999985  0.99999857 0.9999985  0.9999985  0.9999983
 0.9999981  0.99999785 0.9999976  0.9999974  0.9999971  0.9999969
 0.99999666 0.9999964  0.9999963  0.99999624 0.99999624 0.9999963
 0.9999965  0.9999968  0.99999714 0.99999756 0.999998   0.99999815
 0.9999983  0.9999981  0.9999977  0.99999696 0.99999607 0.9999951
 0.9999943  0.9999937  0.99999344 0.99999374 0.9999944  0.9999956
 0.9999971  0.9999984  0.99999946 0.99999964 0.9999988  0.9999965
 0.99999243 0.99998665 0.9999792  0.9999706  0.99996126 0.999952
 0.99994385 0.9999377  0.9999344  0.9999347  0.999939   0.9999472
 0.9999587  0.99997234 0.9999858  0.99999624 0.9999998 ]","[[1.4535855  0.54244417 0.88661975 0.6466233  1.0907903  0.53667945]
 [1.251263   1.9183878  6.2188597  1.7123873  6.2796483  1.5148817 ]
 [0.5960439  2.153875   5.346246   3.827646   4.9047112  2.5141435 ]]",trotter
165,165,3,False,"[1.0070399  1.0042177  1.0018138  0.9998073  0.99817586 0.9968945
 0.9959378  0.9952783  0.9948864  0.9947327  0.9947858  0.9950141
 0.99538606 0.99587053 0.9964364  0.99705446 0.9976971  0.9983392
 0.9989583  0.99953496 1.0000539  1.0005033  1.0008764  1.0011687
 1.0013814  1.0015182  1.001587   1.0015967  1.0015588  1.0014862
 1.0013902  1.0012832  1.0011741  1.0010706  1.0009778  1.0008974
 1.0008283  1.0007672  1.0007088  1.0006458  1.0005704  1.0004765
 1.0003568  1.000208   1.0000281  0.99981827 0.99958265 0.99932796
 0.99906355 0.99880093 0.99855196 0.9983296  0.9981454  0.9980104
 0.9979332  0.9979198  0.99797285 0.99809253 0.99827534 0.9985162
 0.9988058  0.9991346  0.9994913  0.9998629  1.000238   1.0006042
 1.0009506  1.0012671  1.0015452  1.0017775  1.0019578  1.0020814
 1.0021449  1.0021454  1.0020807  1.0019497  1.0017513  1.0014845
 1.0011503  1.0007484  1.000281   0.9997504  0.9991617  0.998521
 0.9978376  0.9971236  0.9963946  0.9956699  0.994973   0.9943314
 0.9937761  0.9933424  0.99306804 0.99299425 0.9931629  0.9936165
 0.9943976  0.9955466  0.99710083 0.9990931  1.0015517 ]","[[1.4535855  0.54244417 0.88661975 0.6466233  1.0907903  0.53667945]
 [1.251263   1.9183878  6.2188597  1.7123873  6.2796483  1.5148817 ]
 [0.5960439  2.153875   5.346246   3.827646   4.9047112  2.5141435 ]]",trotter
166,166,3,True,"[0.9999969  0.9999983  0.99999684 0.99999404 0.9999908  0.9999879
 0.9999856  0.9999841  0.99998355 0.9999837  0.99998474 0.99998623
 0.999988   0.99999017 0.9999922  0.9999941  0.9999958  0.9999972
 0.9999982  0.999999   0.9999993  0.99999946 0.9999994  0.9999991
 0.99999887 0.99999845 0.99999803 0.9999978  0.9999975  0.9999974
 0.9999973  0.9999974  0.99999756 0.9999977  0.9999979  0.99999815
 0.9999984  0.9999986  0.99999887 0.999999   0.99999917 0.9999992
 0.9999992  0.9999993  0.99999917 0.9999991  0.9999991  0.9999989
 0.9999989  0.99999887 0.99999887 0.99999887 0.99999887 0.9999989
 0.99999905 0.9999991  0.9999992  0.9999993  0.9999994  0.9999994
 0.9999994  0.9999994  0.99999934 0.99999917 0.9999991  0.9999989
 0.99999875 0.9999987  0.9999985  0.99999845 0.9999984  0.9999984
 0.9999985  0.9999986  0.9999988  0.999999   0.9999993  0.99999946
 0.9999997  0.9999998  0.99999976 0.99999964 0.9999993  0.99999857
 0.9999977  0.9999964  0.9999951  0.99999356 0.9999919  0.9999903
 0.99998903 0.999988   0.99998766 0.99998796 0.9999891  0.99999094
 0.99999344 0.9999961  0.9999984  0.9999992  0.99999744]","[[1.3128469  1.3362672  0.52650917 0.8890734  1.2294149  0.53921306]
 [1.2335565  3.3382595  4.8574557  3.8091452  0.68112487 1.4716816 ]
 [0.62235934 2.7449393  4.323093   4.114728   2.4352713  3.788977  ]]",trotter
167,167,3,False,"[1.0019885  1.0009427  1.0000784  0.99938154 0.9988381  0.9984326
 0.9981512  0.99797803 0.99789953 0.99790144 0.9979702  0.9980937
 0.9982593  0.99845666 0.9986756  0.9989071  0.99914324 0.9993777
 0.9996045  0.9998188  1.000017   1.0001965  1.0003552  1.0004916
 1.0006055  1.0006962  1.0007651  1.0008119  1.0008386  1.0008457
 1.0008348  1.0008075  1.0007657  1.0007106  1.000644   1.000568
 1.0004834  1.0003929  1.000298   1.0002006  1.0001026  1.0000058
 0.999912   0.99982315 0.999741   0.99966705 0.99960274 0.99954945
 0.99950826 0.9994798  0.99946445 0.9994627  0.9994743  0.9994988
 0.99953556 0.9995834  0.9996415  0.9997086  0.99978274 0.99986315
 0.99994755 1.0000347  1.000123   1.0002109  1.0002968  1.0003794
 1.0004569  1.000528   1.000591   1.0006446  1.0006866  1.0007155
 1.0007297  1.0007269  1.0007055  1.0006638  1.0006001  1.0005133
 1.0004027  1.0002682  1.0001106  0.99993134 0.999733   0.99951863
 0.9992942  0.99906456 0.998838   0.99862206 0.9984266  0.99826187
 0.99813914 0.9980701  0.9980668  0.99814194 0.99830717 0.99857503
 0.9989568  0.99946314 1.0001038  1.0008878  1.0018221 ]","[[1.3128469  1.3362672  0.52650917 0.8890734  1.2294149  0.53921306]
 [1.2335565  3.3382595  4.8574557  3.8091452  0.68112487 1.4716816 ]
 [0.62235934 2.7449393  4.323093   4.114728   2.4352713  3.788977  ]]",trotter
168,168,3,True,"[0.99999994 0.99999946 0.99999833 0.9999969  0.9999956  0.99999464
 0.999994   0.99999386 0.9999941  0.9999948  0.9999955  0.99999654
 0.9999974  0.999998   0.99999845 0.99999887 0.9999989  0.9999989
 0.9999989  0.99999887 0.99999887 0.99999887 0.99999887 0.999999
 0.99999905 0.99999917 0.9999992  0.99999934 0.99999946 0.9999995
 0.9999995  0.9999996  0.9999996  0.9999996  0.99999946 0.99999946
 0.9999994  0.9999992  0.9999992  0.9999992  0.9999992  0.9999992
 0.9999993  0.9999993  0.9999994  0.9999994  0.99999946 0.9999995
 0.99999946 0.99999946 0.99999946 0.9999994  0.9999994  0.99999934
 0.99999934 0.99999934 0.99999934 0.99999934 0.99999946 0.99999946
 0.99999946 0.9999995  0.9999995  0.9999996  0.9999995  0.99999946
 0.99999934 0.99999917 0.9999991  0.9999989  0.9999988  0.9999987
 0.9999987  0.9999987  0.9999987  0.99999875 0.9999989  0.99999905
 0.9999993  0.99999946 0.9999995  0.99999946 0.99999917 0.9999985
 0.9999973  0.9999955  0.99999315 0.99999    0.9999864  0.99998236
 0.99997836 0.9999747  0.99997187 0.9999705  0.999971   0.9999735
 0.9999781  0.9999845  0.9999916  0.9999976  0.99999976]","[[1.0088214  1.2896788  1.2696141  1.3911315  1.1140723  0.8966961 ]
 [0.17658764 4.303202   1.6255112  2.068721   3.0009227  5.5357347 ]
 [4.774155   1.5459381  4.5090976  0.90408254 2.06785    1.2110144 ]]",trotter
169,169,3,False,"[1.0000634  0.99874526 0.9979075  0.9974812  0.9973917  0.99756044
 0.99791014 0.9983681  0.9988707  0.9993636  0.99980605 1.0001694
 1.0004371  1.0006033  1.0006728  1.0006567  1.0005713  1.000436
 1.00027    1.0000932  0.99992234 0.9997711  0.9996499  0.99956495
 0.99951935 0.99951303 0.9995425  0.999603   0.9996878  0.99978995
 0.9999015  1.0000151  1.0001248  1.0002238  1.0003076  1.0003729
 1.0004169  1.0004387  1.0004377  1.000415   1.0003724  1.0003119
 1.0002364  1.0001501  1.0000565  0.9999593  0.99986315 0.9997722
 0.99969023 0.99962103 0.999568   0.9995339  0.9995206  0.9995291
 0.9995598  0.99961174 0.99968284 0.9997699  0.9998693  0.9999757
 1.0000839  1.0001879  1.000282   1.0003608  1.0004196  1.0004549
 1.0004644  1.0004475  1.0004054  1.0003409  1.0002581  1.0001628
 1.0000612  0.9999599  0.9998662  0.9997854  0.9997231  0.99968237
 0.9996652  0.9996711  0.9996979  0.99974227 0.9997982  0.99985975
 0.99991995 0.9999715  1.0000086  1.0000259  1.0000203  0.9999895
 0.99993503 0.9998603  0.9997709  0.99967575 0.999586   0.9995143
 0.9994757  0.9994862  0.9995632  0.9997238  0.9999852 ]","[[1.0088214  1.2896788  1.2696141  1.3911315  1.1140723  0.8966961 ]
 [0.17658764 4.303202   1.6255112  2.068721   3.0009227  5.5357347 ]
 [4.774155   1.5459381  4.5090976  0.90408254 2.06785    1.2110144 ]]",trotter
170,170,3,True,"[0.99999946 0.99999404 0.9999753  0.9999513  0.9999277  0.99990827
 0.9998954  0.99988973 0.99989104 0.99989825 0.99991    0.9999244
 0.99994    0.9999551  0.9999686  0.9999798  0.99998826 0.9999941
 0.99999756 0.99999917 0.9999996  0.99999917 0.9999986  0.99999803
 0.9999977  0.99999744 0.9999974  0.99999744 0.99999744 0.9999974
 0.9999972  0.99999696 0.9999968  0.9999966  0.9999966  0.9999967
 0.999997   0.99999726 0.9999975  0.9999978  0.999998   0.999998
 0.99999785 0.99999774 0.9999976  0.99999744 0.9999973  0.9999972
 0.99999714 0.99999696 0.9999969  0.9999968  0.99999666 0.99999654
 0.99999654 0.9999965  0.9999965  0.9999966  0.9999967  0.99999696
 0.9999971  0.99999726 0.99999744 0.9999974  0.9999973  0.9999971
 0.9999967  0.99999624 0.99999577 0.9999952  0.99999475 0.9999943
 0.9999941  0.9999941  0.9999944  0.99999493 0.99999577 0.9999968
 0.99999785 0.99999887 0.9999995  0.9999996  0.99999875 0.99999666
 0.99999326 0.99998826 0.9999817  0.9999736  0.9999646  0.9999552
 0.9999461  0.99993837 0.999933   0.99993116 0.9999334  0.99994034
 0.99995166 0.9999662  0.9999819  0.9999947  0.99999946]","[[0.80031747 0.732839   1.4355114  1.3314825  1.1896695  0.68413   ]
 [0.30589175 1.4380205  0.9901815  5.5627365  5.004483   4.62061   ]
 [0.02955216 0.1526857  1.5797966  6.26899    2.7289088  4.5404696 ]]",trotter
171,171,3,False,"[0.9998861  0.9993657  0.99904543 0.9989042  0.99891794 0.9990594
 0.9993007  0.99961156 0.9999622  1.0003238  1.000669   1.0009726
 1.001215   1.0013788  1.001453   1.0014329  1.0013185  1.0011162
 1.0008377  1.0005007  1.0001248  0.9997331  0.9993505  0.9989998
 0.99870265 0.9984775  0.9983369  0.9982888  0.9983346  0.9984692
 0.99868226 0.9989584  0.99927855 0.99962115 0.9999644  1.000287
 1.0005705  1.0007993  1.0009626  1.0010544  1.0010732  1.0010228
 1.0009114  1.0007497  1.0005511  1.0003307  1.0001032  0.99988353
 0.99968433 0.9995161  0.999387   0.9993013  0.99926174 0.99926704
 0.9993141  0.9993967  0.99950796 0.999639   0.99978137 0.9999254
 1.0000631  1.0001863  1.0002891  1.0003667  1.0004163  1.0004373
 1.00043    1.0003972  1.0003436  1.0002745  1.0001957  1.0001143
 1.0000368  0.99996877 0.9999142  0.99987733 0.99985915 0.9998588
 0.99987435 0.9999007  0.9999322  0.9999616  0.9999813  0.99998325
 0.99996054 0.9999076  0.99982095 0.9996995  0.9995454  0.99936515
 0.9991677  0.9989666  0.9987788  0.99862456 0.9985272  0.9985124
 0.9986082  0.99884254 0.9992443  0.9998426  1.0006642 ]","[[0.80031747 0.732839   1.4355114  1.3314825  1.1896695  0.68413   ]
 [0.30589175 1.4380205  0.9901815  5.5627365  5.004483   4.62061   ]
 [0.02955216 0.1526857  1.5797966  6.26899    2.7289088  4.5404696 ]]",trotter
172,172,3,True,"[0.99999905 0.9999859  0.9999475  0.9998976  0.9998467  0.9998025
 0.99976945 0.9997503  0.9997454  0.99975365 0.9997729  0.9998005
 0.9998332  0.99986786 0.99990165 0.9999323  0.99995786 0.99997747
 0.9999907  0.99999774 0.99999946 0.9999969  0.9999914  0.9999843
 0.9999772  0.9999708  0.99996614 0.9999637  0.9999635  0.99996555
 0.99996924 0.9999742  0.99997956 0.9999848  0.99998933 0.9999928
 0.99999505 0.9999959  0.99999565 0.99999464 0.9999932  0.9999918
 0.99999064 0.9999901  0.99999034 0.99999124 0.9999927  0.9999944
 0.999996   0.99999726 0.9999978  0.9999977  0.9999968  0.9999954
 0.9999936  0.9999918  0.9999902  0.9999892  0.9999888  0.99998903
 0.9999898  0.99999094 0.99999225 0.99999344 0.9999944  0.99999505
 0.9999953  0.9999952  0.99999493 0.99999464 0.9999944  0.9999944
 0.9999947  0.9999951  0.9999958  0.99999666 0.9999975  0.9999983
 0.9999989  0.99999934 0.99999934 0.999999   0.9999981  0.9999966
 0.99999446 0.99999166 0.9999881  0.999984   0.99997944 0.99997485
 0.9999705  0.9999671  0.99996495 0.9999649  0.99996716 0.9999719
 0.99997896 0.99998736 0.9999952  0.99999934 0.99999505]","[[1.0475664  0.70535165 1.4461211  1.3121254  1.2790695  0.9563429 ]
 [0.23488234 3.084871   2.9859097  1.5972     6.1332855  5.9048657 ]
 [0.687671   1.8187208  5.0909324  2.5287228  0.82770675 3.6887262 ]]",trotter
173,173,3,False,"[1.0036689  1.0005976  0.9980822  0.99609005 0.9945829  0.99351877
 0.9928512  0.99253243 0.99251264 0.9927417  0.99317116 0.99375325
 0.9944441  0.9952027  0.99599266 0.9967822  0.9975453  0.99826074
 0.9989132  0.99949205 0.9999921  1.0004119  1.0007538  1.0010228
 1.001227   1.001374   1.0014731  1.0015328  1.0015608  1.0015637
 1.0015461  1.0015117  1.0014613  1.0013949  1.0013112  1.0012085
 1.0010847  1.0009377  1.0007671  1.0005726  1.0003569  1.0001241
 0.99988014 0.9996334  0.99939317 0.9991697  0.9989741  0.9988168
 0.99870706 0.99865204 0.9986561  0.9987201  0.99884194 0.99901503
 0.99923    0.99947387 0.9997319  0.9999887  1.0002277  1.0004345
 1.0005966  1.0007049  1.000755   1.0007453  1.0006814  1.0005708
 1.0004258  1.0002613  1.0000929  0.9999372  0.9998089  0.9997201
 0.99967957 0.99969083 0.99975264 0.9998583  0.9999967  1.0001518
 1.0003042  1.0004332  1.0005175  1.0005372  1.0004743  1.0003169
 1.0000584  0.9996983  0.99924487 0.99871475 0.9981323  0.99753004
 0.996948   0.99643236 0.99603385 0.9958074  0.9958086  0.9960944
 0.9967186  0.99773204 0.9991805  1.0011036  1.0035326 ]","[[1.0475664  0.70535165 1.4461211  1.3121254  1.2790695  0.9563429 ]
 [0.23488234 3.084871   2.9859097  1.5972     6.1332855  5.9048657 ]
 [0.687671   1.8187208  5.0909324  2.5287228  0.82770675 3.6887262 ]]",trotter
174,174,3,True,"[0.99999905 0.99999917 0.99999595 0.9999913  0.99998647 0.9999824
 0.99997973 0.9999786  0.99997866 0.99998003 0.99998236 0.99998516
 0.99998826 0.9999912  0.99999386 0.999996   0.9999978  0.99999887
 0.99999946 0.99999976 0.99999964 0.9999996  0.9999992  0.99999905
 0.99999887 0.99999887 0.99999887 0.999999   0.9999991  0.9999993
 0.99999946 0.9999996  0.99999964 0.9999997  0.9999998  0.99999976
 0.99999976 0.9999998  0.99999976 0.9999997  0.99999964 0.99999964
 0.9999997  0.9999996  0.99999964 0.9999996  0.9999996  0.9999996
 0.9999995  0.9999996  0.9999995  0.9999996  0.9999996  0.9999996
 0.9999996  0.9999996  0.99999964 0.99999964 0.9999997  0.9999997
 0.9999997  0.9999997  0.99999964 0.9999996  0.99999934 0.9999991
 0.9999988  0.99999833 0.9999978  0.9999973  0.9999968  0.9999963
 0.99999607 0.999996   0.9999962  0.99999666 0.9999973  0.9999982
 0.99999905 0.99999976 1.         0.99999964 0.99999845 0.9999963
 0.99999297 0.99998844 0.9999829  0.9999766  0.9999698  0.99996316
 0.9999572  0.99995273 0.9999503  0.99995035 0.9999535  0.99995965
 0.99996847 0.99997896 0.99998957 0.9999976  0.99999964]","[[0.9196058  0.68361205 1.3408345  0.76273793 0.521642   0.8887056 ]
 [2.180878   0.67186576 0.5556737  1.4876397  5.9430385  5.8828225 ]
 [1.13491    2.4457338  5.318838   0.19365744 5.0196033  3.0034075 ]]",trotter
175,175,3,False,"[1.0007299  0.99990755 0.9992904  0.99885863 0.99859154 0.99846774
 0.99846435 0.9985582  0.9987275  0.9989497  0.99920434 0.9994725
 0.9997365  0.9999817  1.0001956  1.0003694  1.0004958  1.0005717
 1.0005962  1.0005717  1.0005023  1.0003945  1.0002557  1.0000955
 0.99992335 0.9997484  0.9995798  0.9994262  0.9992934  0.9991879
 0.99911225 0.99906915 0.9990589  0.9990799  0.9991298  0.9992052
 0.9993014  0.9994142  0.9995385  0.9996694  0.9998029  0.99993485
 1.0000616  1.0001806  1.0002897  1.0003868  1.0004706  1.0005404
 1.0005953  1.0006348  1.0006577  1.000664   1.0006533  1.0006245
 1.0005778  1.0005134  1.0004317  1.0003332  1.0002193  1.0000926
 0.9999549  0.9998105  0.9996626  0.99951625 0.99937594 0.999247
 0.99913454 0.99904275 0.99897647 0.99893844 0.9989315  0.9989567
 0.9990138  0.9991014  0.9992167  0.9993553  0.99951226 0.99968153
 0.99985576 1.0000281  1.0001912  1.0003376  1.0004618  1.0005579
 1.000622   1.0006512  1.0006448  1.0006031  1.0005293  1.0004271
 1.000303   1.0001647  1.0000215  0.9998831  0.9997608  0.9996666
 0.9996124  0.99961007 0.99967146 0.9998073  1.0000279 ]","[[0.9196058  0.68361205 1.3408345  0.76273793 0.521642   0.8887056 ]
 [2.180878   0.67186576 0.5556737  1.4876397  5.9430385  5.8828225 ]
 [1.13491    2.4457338  5.318838   0.19365744 5.0196033  3.0034075 ]]",trotter
176,176,3,True,"[0.99999636 0.9999979  0.9999969  0.9999948  0.9999923  0.9999903
 0.9999888  0.9999882  0.9999883  0.99998915 0.99999046 0.99999195
 0.99999356 0.9999952  0.9999964  0.9999973  0.999998   0.99999815
 0.99999815 0.99999774 0.9999974  0.9999969  0.9999964  0.99999624
 0.99999607 0.99999607 0.99999624 0.99999654 0.9999969  0.9999973
 0.99999774 0.999998   0.9999983  0.99999833 0.99999833 0.9999982
 0.99999803 0.9999978  0.9999975  0.99999714 0.99999684 0.99999654
 0.99999624 0.99999595 0.9999958  0.9999957  0.9999957  0.9999958
 0.999996   0.9999963  0.99999654 0.99999696 0.9999974  0.99999774
 0.99999785 0.999998   0.99999803 0.999998   0.9999977  0.9999974
 0.9999969  0.9999964  0.9999958  0.9999951  0.99999446 0.9999937
 0.9999929  0.999992   0.9999912  0.9999905  0.99999005 0.9999898
 0.99999    0.9999906  0.99999166 0.99999315 0.9999949  0.9999967
 0.99999833 0.99999946 0.99999994 0.9999993  0.9999974  0.99999416
 0.99998957 0.99998367 0.99997693 0.9999697  0.99996257 0.9999562
 0.99995124 0.99994844 0.9999482  0.9999509  0.99995667 0.999965
 0.99997497 0.999985   0.9999926  0.9999946  0.9999865 ]","[[0.6559579 0.7537918 1.1398652 1.4886912 1.0005444 0.5729722]
 [5.430313  2.5202177 3.2975268 4.049408  5.3461523 1.0385956]
 [1.368748  4.1796675 1.667875  5.5035095 2.307423  0.575105 ]]",trotter
177,177,3,False,"[1.0045946  1.0011705  0.99835694 0.9961101  0.9943858  0.9931377
 0.9923191  0.991882   0.9917781  0.9919601  0.99238056 0.99299514
 0.9937594  0.9946321  0.9955758  0.9965534  0.9975338  0.99848807
 0.9993919  1.0002244  1.000969   1.0016129  1.0021466  1.0025651
 1.0028672  1.0030535  1.0031283  1.0030987  1.002974   1.0027645
 1.0024823  1.0021421  1.0017571  1.0013424  1.0009129  1.000483
 1.0000668  0.99967724 0.9993256  0.99902254 0.99877596 0.9985912
 0.99847275 0.99842054 0.99843335 0.99850684 0.9986341  0.99880654
 0.9990131  0.9992427  0.9994827  0.99972075 0.99994576 1.0001466
 1.0003151  1.0004456  1.0005348  1.0005817  1.0005879  1.0005592
 1.0005016  1.0004238  1.0003352  1.0002453  1.0001638  1.0000985
 1.000056   1.0000405  1.0000541  1.0000957  1.0001614  1.0002457
 1.0003399  1.0004342  1.0005175  1.0005779  1.0006044  1.0005865
 1.0005156  1.0003848  1.0001904  0.9999322  0.9996126  0.9992385
 0.9988198  0.9983706  0.9979083  0.9974541  0.997031   0.99666584
 0.9963861  0.9962217  0.9962037  0.99636245 0.9967298  0.99733585
 0.9982099  0.9993804  1.0008725  1.0027106  1.004915  ]","[[0.6559579 0.7537918 1.1398652 1.4886912 1.0005444 0.5729722]
 [5.430313  2.5202177 3.2975268 4.049408  5.3461523 1.0385956]
 [1.368748  4.1796675 1.667875  5.5035095 2.307423  0.575105 ]]",trotter
178,178,3,True,"[0.9999992  0.99999976 0.9999994  0.99999887 0.9999984  0.9999979
 0.9999977  0.9999977  0.9999978  0.9999981  0.9999982  0.99999845
 0.9999987  0.99999887 0.999999   0.9999991  0.9999992  0.9999994
 0.99999946 0.9999996  0.99999964 0.99999964 0.99999964 0.9999996
 0.99999934 0.9999992  0.9999989  0.9999987  0.9999985  0.9999984
 0.99999833 0.99999833 0.99999845 0.9999986  0.99999887 0.99999905
 0.99999934 0.9999996  0.99999964 0.99999976 0.99999976 0.99999964
 0.9999996  0.9999994  0.99999934 0.9999993  0.99999917 0.9999991
 0.9999991  0.99999917 0.9999993  0.9999992  0.99999934 0.99999946
 0.99999946 0.9999995  0.9999996  0.9999997  0.99999964 0.9999997
 0.99999964 0.99999964 0.9999996  0.99999946 0.99999934 0.99999934
 0.99999917 0.99999917 0.99999905 0.99999905 0.999999   0.99999905
 0.999999   0.99999905 0.99999917 0.9999992  0.99999934 0.99999946
 0.9999996  0.99999976 0.9999998  0.99999976 0.9999997  0.9999994
 0.999999   0.9999983  0.99999744 0.9999964  0.99999523 0.9999941
 0.999993   0.9999922  0.99999166 0.99999166 0.99999225 0.9999933
 0.999995   0.99999684 0.9999986  0.9999996  0.99999875]","[[1.0949987  0.998686   0.8351024  1.1274941  1.4786022  0.69352275]
 [3.7358444  2.4655962  1.6229492  0.05278261 2.8836575  2.3504467 ]
 [6.1736326  3.7871015  1.2147734  1.6366969  5.651717   2.093431  ]]",trotter
179,179,3,False,"[1.0016726  1.0002149  0.9990603  0.9981805  0.9975469  0.9971304
 0.99690145 0.9968318  0.9968931  0.9970595  0.9973058  0.9976093
 0.99794936 0.99830806 0.99866986 0.9990223  0.9993552  0.9996615
 0.99993587 1.0001762  1.0003815  1.0005522  1.0006897  1.0007974
 1.0008777  1.0009332  1.0009671  1.0009807  1.0009764  1.000955
 1.000917   1.0008621  1.000791   1.0007029  1.000598   1.0004772
 1.0003418  1.0001934  1.0000355  0.9998718  0.9997068  0.9995459
 0.99939424 0.99925786 0.9991418  0.999051   0.99898934 0.99895966
 0.9989632  0.9990004  0.9990688  0.99916625 0.99928814 0.99942905
 0.99958307 0.9997434  0.99990344 1.0000566  1.0001975  1.000321
 1.0004237  1.000503   1.0005581  1.0005898  1.0005993  1.0005897
 1.0005645  1.0005277  1.0004838  1.0004365  1.0003895  1.0003458
 1.0003062  1.0002719  1.0002415  1.0002134  1.0001836  1.0001491
 1.0001044  1.0000452  0.9999661  0.9998631  0.9997337  0.999576
 0.9993903  0.9991792  0.99894744 0.9987024  0.9984541  0.9982154
 0.99800074 0.99782753 0.99771464 0.9976829  0.99775386 0.9979495
 0.9982923  0.9988045  0.99950737 1.000421   1.0015634 ]","[[1.0949987  0.998686   0.8351024  1.1274941  1.4786022  0.69352275]
 [3.7358444  2.4655962  1.6229492  0.05278261 2.8836575  2.3504467 ]
 [6.1736326  3.7871015  1.2147734  1.6366969  5.651717   2.093431  ]]",trotter
180,180,3,True,"[0.9999897  0.99999535 0.99999774 0.99999803 0.99999684 0.99999505
 0.99999285 0.9999908  0.999989   0.99998766 0.99998677 0.99998647
 0.9999866  0.9999872  0.9999881  0.9999893  0.9999905  0.99999195
 0.9999933  0.9999947  0.99999577 0.99999684 0.9999976  0.99999833
 0.9999988  0.999999   0.99999917 0.9999991  0.99999905 0.9999988
 0.9999986  0.99999833 0.99999815 0.999998   0.99999774 0.9999977
 0.99999756 0.99999756 0.9999976  0.9999977  0.9999978  0.9999979
 0.99999803 0.9999982  0.9999984  0.9999986  0.9999988  0.999999
 0.99999917 0.9999993  0.99999946 0.9999995  0.9999997  0.9999997
 0.99999976 0.9999997  0.99999946 0.99999934 0.99999905 0.9999987
 0.9999982  0.9999977  0.9999972  0.9999966  0.999996   0.9999956
 0.9999951  0.9999948  0.9999946  0.9999946  0.9999947  0.999995
 0.99999547 0.99999607 0.99999684 0.99999756 0.99999833 0.999999
 0.9999995  0.9999998  0.9999998  0.9999995  0.999999   0.9999981
 0.99999696 0.9999957  0.99999446 0.999993   0.9999919  0.999991
 0.99999064 0.9999906  0.9999911  0.9999921  0.9999935  0.9999952
 0.99999684 0.99999833 0.99999934 0.99999964 0.999999  ]","[[0.5123502  1.122124   1.4216096  0.695199   1.2545944  0.52206546]
 [3.288292   0.61021227 1.6228273  0.6787612  0.9536736  3.9288926 ]
 [3.3520281  2.8228257  2.86532    4.5752993  3.0466747  0.6202671 ]]",trotter
181,181,3,False,"[1.000179   0.999986   0.99983805 0.9997303  0.99965924 0.9996197
 0.99960846 0.9996204  0.9996517  0.99969846 0.9997573  0.9998243
 0.9998965  0.9999705  1.000044   1.0001147  1.0001805  1.0002397
 1.0002911  1.000334   1.000367   1.0003902  1.0004036  1.0004073
 1.000402   1.0003875  1.0003657  1.000337   1.0003028  1.0002637
 1.0002211  1.0001762  1.00013    1.0000838  1.0000386  0.99999475
 0.99995345 0.9999149  0.99987984 0.99984866 0.99982125 0.9997975
 0.99977803 0.9997623  0.9997498  0.9997406  0.9997348  0.99973154
 0.9997309  0.99973273 0.99973726 0.99974424 0.9997536  0.999766
 0.9997822  0.99980164 0.99982554 0.99985427 0.9998887  0.9999289
 0.99997556 1.0000291  1.0000893  1.0001565  1.0002296  1.0003085
 1.0003912  1.0004767  1.000563   1.0006473  1.0007267  1.0007979
 1.0008572  1.0009009  1.0009245  1.0009241  1.0008954  1.0008346
 1.0007385  1.0006043  1.0004302  1.0002155  0.9999611  0.99966854
 0.999343   0.99899    0.9986187  0.9982399  0.9978676  0.99751836
 0.9972116  0.9969701  0.99681884 0.9967856  0.99690145 0.99719846
 0.99771106 0.99847645 0.9995306  1.0009112  1.0026559 ]","[[0.5123502  1.122124   1.4216096  0.695199   1.2545944  0.52206546]
 [3.288292   0.61021227 1.6228273  0.6787612  0.9536736  3.9288926 ]
 [3.3520281  2.8228257  2.86532    4.5752993  3.0466747  0.6202671 ]]",trotter
182,182,3,True,"[0.9999994  0.9999944  0.9999764  0.99995214 0.9999269  0.9999043
 0.9998869  0.999876   0.9998721  0.99987483 0.99988323 0.9998961
 0.999912   0.99992925 0.9999466  0.99996245 0.99997604 0.9999868
 0.99999434 0.9999985  0.99999994 0.9999989  0.99999624 0.99999267
 0.9999888  0.99998534 0.9999828  0.99998116 0.9999809  0.99998164
 0.9999832  0.9999854  0.99998784 0.99999017 0.9999924  0.99999416
 0.99999547 0.9999964  0.999997   0.99999744 0.99999756 0.99999774
 0.99999774 0.9999978  0.99999785 0.99999785 0.9999978  0.99999774
 0.99999774 0.9999977  0.9999976  0.9999977  0.99999774 0.9999978
 0.99999785 0.99999803 0.99999803 0.99999815 0.9999982  0.9999981
 0.99999803 0.999998   0.9999979  0.9999979  0.99999785 0.99999785
 0.9999978  0.9999976  0.9999974  0.99999696 0.99999636 0.99999565
 0.9999949  0.99999416 0.99999356 0.99999326 0.99999344 0.99999404
 0.99999505 0.99999636 0.99999744 0.99999815 0.9999979  0.99999654
 0.99999356 0.99998885 0.9999825  0.9999747  0.99996626 0.99995774
 0.99995005 0.9999441  0.9999408  0.99994093 0.9999448  0.99995255
 0.99996346 0.9999762  0.9999886  0.9999975  0.99999845]","[[0.58822125 1.3384385  0.8584502  1.2536501  1.0463921  1.4076595 ]
 [4.4069605  1.612536   5.2480254  5.542689   4.079027   1.6963727 ]
 [1.2807606  5.725885   5.8566065  2.8508532  5.7744613  0.07672332]]",trotter
183,183,3,False,"[1.0010506  0.99971133 0.9986261  0.9977837  0.99717146 0.99677175
 0.9965658  0.99653226 0.99664766 0.9968872  0.9972254  0.9976358
 0.99809223 0.99856913 0.99904245 0.99949026 0.99989223 1.0002322
 1.0004973  1.0006781  1.00077    1.000773   1.0006907  1.0005318
 1.0003078  1.0000334  0.99972683 0.9994064  0.9990913  0.9988008
 0.99855125 0.9983572  0.99823    0.9981762  0.9981993  0.9982973
 0.9984643  0.9986904  0.99896336 0.9992688  0.9995902  0.99991196
 1.0002186  1.0004964  1.000735   1.0009252  1.0010629  1.001145
 1.0011724  1.0011486  1.0010785  1.0009682  1.0008245  1.0006553
 1.0004667  1.0002657  1.0000582  0.9998491  0.9996427  0.99944365
 0.9992566  0.9990862  0.9989379  0.9988175  0.99873215 0.9986893
 0.9986949  0.99875647 0.99887884 0.9990645  0.9993137  0.9996223
 0.9999819  1.0003793  1.0007964  1.0012115  1.0015984  1.0019294
 1.0021757  1.0023097  1.0023062  1.002146   1.0018159  1.0013113
 1.0006372  0.999809   0.99885315 0.99780625 0.9967149  0.99563426
 0.994627   0.99375993 0.9931045  0.992733   0.9927165  0.99312407
 0.99401945 0.9954614  0.99750084 1.0001805  1.0035346 ]","[[0.58822125 1.3384385  0.8584502  1.2536501  1.0463921  1.4076595 ]
 [4.4069605  1.612536   5.2480254  5.542689   4.079027   1.6963727 ]
 [1.2807606  5.725885   5.8566065  2.8508532  5.7744613  0.07672332]]",trotter
184,184,3,True,"[0.9999979  0.9999982  0.9999902  0.9999782  0.9999656  0.9999544
 0.99994594 0.9999412  0.99993986 0.9999418  0.99994665 0.9999533
 0.99996126 0.9999695  0.9999774  0.9999846  0.9999904  0.99999475
 0.9999978  0.9999993  0.9999997  0.99999917 0.9999982  0.99999696
 0.99999577 0.9999948  0.9999942  0.99999386 0.9999939  0.99999434
 0.9999948  0.99999547 0.99999607 0.9999966  0.999997   0.99999744
 0.9999976  0.99999785 0.9999981  0.9999983  0.99999845 0.9999986
 0.9999988  0.99999887 0.99999905 0.99999887 0.9999988  0.99999875
 0.99999857 0.9999984  0.9999983  0.9999982  0.9999982  0.99999833
 0.9999984  0.9999986  0.99999887 0.99999905 0.99999917 0.9999994
 0.99999946 0.99999946 0.99999934 0.9999993  0.9999991  0.99999887
 0.9999986  0.99999845 0.99999833 0.99999815 0.99999815 0.9999982
 0.9999983  0.9999984  0.9999985  0.9999987  0.99999887 0.99999917
 0.99999934 0.9999995  0.9999995  0.9999994  0.99999887 0.99999803
 0.9999967  0.99999493 0.99999267 0.9999901  0.9999874  0.99998456
 0.99998206 0.99998015 0.9999791  0.99997914 0.99998045 0.9999831
 0.99998677 0.9999909  0.9999941  0.9999947  0.99998987]","[[0.75925016 1.3202472  0.5118257  0.8482495  1.4408069  1.3986663 ]
 [0.36776033 3.680921   2.8393383  6.072506   0.8383938  0.26951888]
 [3.995704   3.5759976  3.3425503  3.3349864  4.23474    4.9557047 ]]",trotter
185,185,3,False,"[1.0009285  1.0001352  0.9994852  0.9989739  0.998595   0.9983408
 0.9982008  0.99816346 0.99821633 0.9983435  0.9985321  0.9987646
 0.9990272  0.9993033  0.9995786  0.9998403  1.0000757  1.0002753
 1.0004307  1.0005379  1.0005939  1.0005991  1.0005567  1.0004723
 1.0003539  1.0002106  1.0000528  0.9998922  0.99973834 0.9996011
 0.9994889  0.9994082  0.99936205 0.9993524  0.9993782  0.9994364
 0.9995218  0.99962807 0.9997484  0.999875   1.0000007  1.0001193
 1.0002248  1.0003135  1.0003823  1.00043    1.0004565  1.0004628
 1.000451   1.0004232  1.0003828  1.0003321  1.0002741  1.0002112
 1.0001452  1.0000781  1.0000106  0.9999442  0.99987966 0.9998174
 0.99975866 0.9997046  0.9996571  0.99961776 0.9995888  0.9995731
 0.9995733  0.9995918  0.9996306  0.9996915  0.99977475 0.99987954
 1.0000032  1.0001417  1.0002892  1.0004375  1.0005769  1.000697
 1.0007858  1.0008318  1.0008233  1.0007503  1.0006055  1.0003836
 1.0000845  0.9997117  0.999275   0.9987893  0.9982759  0.9977612
 0.9972786  0.9968654  0.99656445 0.9964211  0.99648356 0.9968012
 0.9974229  0.9983958  0.99976355 1.0015662  1.003838  ]","[[0.75925016 1.3202472  0.5118257  0.8482495  1.4408069  1.3986663 ]
 [0.36776033 3.680921   2.8393383  6.072506   0.8383938  0.26951888]
 [3.995704   3.5759976  3.3425503  3.3349864  4.23474    4.9557047 ]]",trotter
186,186,3,True,"[0.99999946 0.99998736 0.9999555  0.999915   0.9998745  0.9998403
 0.9998163  0.9998043  0.9998043  0.999815   0.9998341  0.999859
 0.9998864  0.99991393 0.9999392  0.99996066 0.9999773  0.999989
 0.9999959  0.9999991  0.9999994  0.999998   0.9999959  0.9999938
 0.9999923  0.99999154 0.9999915  0.9999922  0.99999315 0.99999434
 0.99999547 0.9999963  0.9999971  0.9999976  0.99999803 0.9999984
 0.9999986  0.9999989  0.9999989  0.999999   0.9999989  0.99999875
 0.99999857 0.9999983  0.999998   0.9999978  0.9999976  0.9999976
 0.9999978  0.9999979  0.9999982  0.9999984  0.99999857 0.9999986
 0.99999875 0.9999987  0.99999857 0.99999857 0.9999985  0.99999857
 0.9999985  0.9999984  0.9999981  0.9999974  0.99999624 0.9999945
 0.9999922  0.9999893  0.9999861  0.9999828  0.99997985 0.9999776
 0.99997663 0.999977   0.999979   0.9999825  0.99998695 0.9999918
 0.9999962  0.9999989  0.9999991  0.9999957  0.9999879  0.9999754
 0.9999581  0.9999367  0.99991226 0.99988633 0.999861   0.9998384
 0.999821   0.9998108  0.99980986 0.99981904 0.99983865 0.9998676
 0.9999032  0.99994093 0.9999747  0.9999956  0.99999255]","[[1.373656  1.0673143 1.2196717 1.0762463 1.2075261 1.406125 ]
 [3.6428041 1.3224188 2.4077246 3.257311  2.7132156 4.853072 ]
 [5.5981827 2.020268  3.847218  1.6317176 1.0713654 3.760593 ]]",trotter
187,187,3,False,"[1.0004503  0.99804133 0.9963214  0.99522144 0.99466604 0.9945763
 0.9948692  0.9954606  0.99626744 0.997209   0.99820775 0.99919415
 1.0001051  1.0008892  1.0015047  1.0019236  1.002129   1.0021179
 1.0019001  1.0014951  1.0009335  1.0002517  0.99949294 0.99870133
 0.9979217  0.9971958  0.9965607  0.99604666 0.99567604 0.99546224
 0.99541056 0.99551743 0.995772   0.99615794 0.9966536  0.9972351
 0.9978768  0.9985537  0.9992416  0.9999193  1.0005682  1.0011728
 1.0017213  1.0022044  1.0026157  1.0029507  1.0032064  1.0033813
 1.0034735  1.0034833  1.0034097  1.0032533  1.0030152  1.0026969
 1.0023024  1.0018373  1.0013096  1.0007291  1.0001104  0.99946874
 0.9988226  0.99819195 0.997598   0.997062   0.9966046  0.99624366
 0.9959946  0.99586797 0.99586993 0.99600106 0.9962562  0.9966238
 0.9970876  0.99762625 0.99821466 0.99882525 0.99942935 0.9999983
 1.0005047  1.0009252  1.0012395  1.0014331  1.001497   1.0014293
 1.0012342  1.0009226  1.0005115  1.0000241  0.99948806 0.9989355
 0.9984021  0.99792546 0.9975436  0.99729586 0.9972203  0.9973534
 0.9977288  0.99837697 0.99932426 1.0005927  1.0021987 ]","[[1.373656  1.0673143 1.2196717 1.0762463 1.2075261 1.406125 ]
 [3.6428041 1.3224188 2.4077246 3.257311  2.7132156 4.853072 ]
 [5.5981827 2.020268  3.847218  1.6317176 1.0713654 3.760593 ]]",trotter
188,188,3,True,"[0.9999843  0.99997836 0.99992394 0.99984396 0.99975663 0.99967617
 0.9996118  0.9995696  0.9995517  0.9995578  0.99958515 0.9996294
 0.99968505 0.9997467  0.9998086  0.9998661  0.99991524 0.9999537
 0.9999802  0.99999523 0.99999994 0.9999966  0.99998796 0.99997693
 0.99996614 0.9999573  0.9999518  0.99995005 0.99995184 0.9999564
 0.99996275 0.9999698  0.99997663 0.99998266 0.9999876  0.9999914
 0.9999943  0.99999624 0.99999756 0.9999985  0.9999989  0.9999991
 0.9999989  0.9999985  0.9999979  0.9999972  0.99999666 0.9999962
 0.999996   0.99999607 0.9999963  0.9999966  0.999997   0.9999973
 0.99999756 0.9999977  0.99999785 0.9999979  0.9999982  0.9999985
 0.99999887 0.999999   0.9999986  0.99999744 0.99999475 0.99999034
 0.9999839  0.9999757  0.9999659  0.9999555  0.9999454  0.9999371
 0.999932   0.9999311  0.99993503 0.9999438  0.99995637 0.9999709
 0.999985   0.99999547 0.99999905 0.99999267 0.9999739  0.99994135
 0.999895   0.9998362  0.99976796 0.9996947  0.999622   0.9995563
 0.999504   0.9994714  0.99946344 0.9994834  0.99953187 0.9996066
 0.99970114 0.9998051  0.9999032  0.99997544 0.9999963 ]","[[1.0124403  1.2799662  0.70494115 1.2702177  1.2689973  1.2377021 ]
 [6.098166   4.5840364  3.2948792  4.7934775  6.1408362  2.4397485 ]
 [3.1339498  3.2470505  5.4497485  4.7850056  2.3754597  1.9118319 ]]",trotter
189,189,3,False,"[1.0045972  1.0016861  0.99930245 0.99743295 0.99605644 0.99514055
 0.9946481  0.9945313  0.9947381  0.99520975 0.9958848  0.99669886
 0.99758816 0.998489   0.9993426  1.0000958  1.0007029  1.001128
 1.0013461  1.0013442  1.0011237  1.0006963  1.0000877  0.9993343
 0.99847955 0.99757457 0.9966721  0.9958254  0.9950838  0.9944893
 0.9940755  0.9938638  0.99386466 0.9940747  0.99448097 0.9950588
 0.99577594 0.9965964  0.99748015 0.998389   0.99928653 1.0001414
 1.000928   1.0016285  1.0022299  1.0027267  1.0031178  1.0034069
 1.0035988  1.0036995  1.0037167  1.0036545  1.003518   1.0033103
 1.0030332  1.002689   1.00228    1.0018115  1.0012896  1.0007252
 1.0001322  0.9995287  0.9989354  0.9983766  0.9978761  0.9974585
 0.9971456  0.9969545  0.99689674 0.9969762  0.99718857 0.9975199
 0.997948   0.99844295 0.998968   0.9994817  0.9999412  1.0003034
 1.0005298  1.0005863  1.0004478  1.0000992  0.99953675 0.9987689
 0.9978168  0.99671364 0.9955033  0.9942404  0.99298733 0.99181235
 0.9907887  0.989991   0.9894946  0.9893723  0.98969334 0.99052167
 0.99191403 0.9939195  0.9965775  0.99991816 1.00396   ]","[[1.0124403  1.2799662  0.70494115 1.2702177  1.2689973  1.2377021 ]
 [6.098166   4.5840364  3.2948792  4.7934775  6.1408362  2.4397485 ]
 [3.1339498  3.2470505  5.4497485  4.7850056  2.3754597  1.9118319 ]]",trotter
190,190,3,True,"[0.9999995  0.999987   0.9999503  0.99990255 0.9998537  0.99981064
 0.99977785 0.9997576  0.99975014 0.99975485 0.99976987 0.99979293
 0.99982125 0.99985254 0.99988395 0.9999136  0.9999398  0.9999616
 0.9999783  0.99998987 0.9999965  0.9999987  0.9999973  0.9999933
 0.9999876  0.999981   0.99997437 0.99996847 0.9999637  0.99996036
 0.99995863 0.99995863 0.99996024 0.99996316 0.9999671  0.99997187
 0.99997693 0.999982   0.9999866  0.9999905  0.99999374 0.9999959
 0.999997   0.99999714 0.9999964  0.999995   0.99999315 0.9999912
 0.9999892  0.9999876  0.9999866  0.9999861  0.99998647 0.9999875
 0.9999891  0.9999912  0.99999356 0.9999958  0.99999785 0.99999917
 0.99999976 0.9999993  0.99999774 0.99999505 0.99999154 0.9999873
 0.9999827  0.9999782  0.99997413 0.99997085 0.9999688  0.99996823
 0.9999692  0.9999717  0.9999755  0.99998033 0.99998564 0.99999094
 0.9999955  0.9999987  0.9999997  0.999998   0.9999931  0.9999849
 0.9999732  0.9999585  0.99994135 0.9999227  0.9999039  0.9998866
 0.9998721  0.99986243 0.99985886 0.99986255 0.9998743  0.9998934
 0.9999185  0.999947   0.9999742  0.99999374 0.9999969 ]","[[1.1035079  0.957466   0.929898   0.6858697  0.8475664  1.3404443 ]
 [4.62751    3.3242981  4.680569   5.6589108  4.931109   5.8112774 ]
 [3.9649637  5.9309196  3.4477336  4.648905   2.3460412  0.72356796]]",trotter
191,191,3,False,"[1.0012391  0.99995565 0.9989484  0.9982011  0.9976933  0.99740034
 0.99729437 0.9973462  0.9975246  0.9977993  0.9981392  0.998516
 0.9989027  0.9992759  0.9996154  0.99990445 1.0001327  1.0002903
 1.0003755  1.0003881  1.0003325  1.0002162  1.0000488  0.9998424
 0.99960965 0.9993642  0.9991195  0.99888855 0.9986823  0.998512
 0.9983853  0.99830884 0.998287   0.99832225 0.9984142  0.9985619
 0.9987608  0.9990056  0.9992889  0.99960214 0.9999349  1.0002763
 1.0006144  1.0009375  1.0012335  1.0014912  1.0017008  1.0018535
 1.0019435  1.001967   1.0019228  1.0018133  1.0016437  1.0014213
 1.0011567  1.0008626  1.0005522  1.0002403  0.99994147 0.9996685
 0.9994342  0.9992478  0.9991172  0.9990469  0.9990376  0.9990882
 0.9991938  0.99934745 0.99953973 0.99975973 0.9999952  1.0002337
 1.0004623  1.0006684  1.0008407  1.000968   1.0010418  1.0010538
 1.0009991  1.0008737  1.0006764  1.0004086  1.0000739  0.99967873
 0.99923307 0.9987487  0.9982417  0.9977298  0.9972341  0.9967787
 0.9963894  0.9960939  0.9959222  0.99590445 0.99607164 0.9964542
 0.9970828  0.9979855  0.99918866 1.0007163  1.0025893 ]","[[1.1035079  0.957466   0.929898   0.6858697  0.8475664  1.3404443 ]
 [4.62751    3.3242981  4.680569   5.6589108  4.931109   5.8112774 ]
 [3.9649637  5.9309196  3.4477336  4.648905   2.3460412  0.72356796]]",trotter
192,192,3,True,"[0.99999994 0.99999756 0.9999919  0.9999857  0.9999807  0.99997747
 0.99997646 0.9999773  0.99997944 0.9999825  0.99998593 0.99998915
 0.99999213 0.99999446 0.9999962  0.99999726 0.99999803 0.99999833
 0.9999985  0.9999986  0.99999857 0.9999986  0.9999987  0.99999887
 0.999999   0.9999991  0.9999993  0.9999993  0.9999994  0.9999994
 0.9999994  0.99999946 0.9999994  0.9999994  0.9999994  0.99999934
 0.9999994  0.99999946 0.9999995  0.9999995  0.9999995  0.9999996
 0.99999964 0.99999964 0.99999964 0.9999995  0.9999995  0.99999946
 0.99999934 0.9999993  0.9999993  0.9999993  0.99999934 0.99999934
 0.99999934 0.99999934 0.9999993  0.99999917 0.99999905 0.99999887
 0.9999987  0.9999985  0.9999984  0.9999984  0.99999845 0.99999857
 0.9999987  0.9999987  0.9999987  0.99999833 0.9999979  0.9999974
 0.9999966  0.999996   0.9999955  0.99999547 0.9999958  0.99999666
 0.99999774 0.99999887 0.9999996  0.99999917 0.9999971  0.99999267
 0.9999855  0.99997526 0.9999619  0.99994606 0.9999285  0.99991053
 0.9998939  0.99988043 0.9998721  0.9998704  0.99987656 0.9998909
 0.99991274 0.99993956 0.9999673  0.99998957 0.9999976 ]","[[0.624083   1.4016318  0.93182087 0.6396151  1.0880795  0.7381362 ]
 [4.853631   5.2387753  4.3230023  4.7094736  5.5765715  1.4322199 ]
 [4.877791   6.214594   3.0889478  4.384748   6.1040893  1.3105487 ]]",trotter
193,193,3,False,"[0.99999803 0.99980426 0.9996899  0.99963933 0.99963796 0.99967134
 0.99972624 0.9997901  0.9998532  0.9999073  0.9999478  0.99997115
 0.9999769  0.9999665  0.9999445  0.99991447 0.9998827  0.9998547
 0.99983627 0.9998318  0.9998446  0.9998761  0.9999257  0.9999918
 1.0000702  1.000156   1.0002434  1.0003258  1.000397   1.0004508
 1.0004832  1.0004905  1.0004716  1.0004259  1.0003558  1.000264
 1.0001554  1.0000355  0.9999107  0.99978775 0.9996731  0.99957365
 0.99949455 0.99944097 0.99941635 0.9994235  0.99946326 0.9995354
 0.9996376  0.9997668  0.99991786 1.0000845  1.0002595  1.0004344
 1.0006009  1.0007495  1.0008724  1.0009612  1.0010096  1.0010133
 1.0009698  1.0008792  1.0007447  1.0005721  1.0003698  1.0001485
 0.9999208  0.99970025 0.99950004 0.99933326 0.9992111  0.9991414
 0.99912935 0.999176   0.99927795 0.9994269  0.9996127  0.999819
 1.000029   1.0002241  1.0003849  1.000494   1.0005358  1.0004997
 1.0003784  1.0001706  0.9998811  0.9995211  0.9991075  0.99866426
 0.9982197  0.9978065  0.997462   0.9972252  0.9971376  0.9972401
 0.997573   0.9981757  0.99908304 1.0003282  1.0019385 ]","[[0.624083   1.4016318  0.93182087 0.6396151  1.0880795  0.7381362 ]
 [4.853631   5.2387753  4.3230023  4.7094736  5.5765715  1.4322199 ]
 [4.877791   6.214594   3.0889478  4.384748   6.1040893  1.3105487 ]]",trotter
194,194,3,True,"[0.99999523 0.99999535 0.9999947  0.9999941  0.9999937  0.9999936
 0.9999938  0.9999943  0.9999949  0.9999954  0.99999595 0.99999624
 0.9999963  0.99999607 0.9999957  0.9999951  0.9999945  0.9999939
 0.9999936  0.9999933  0.99999326 0.99999356 0.99999404 0.99999475
 0.9999955  0.99999636 0.99999714 0.9999979  0.99999833 0.9999986
 0.9999985  0.99999815 0.9999975  0.9999967  0.9999958  0.999995
 0.99999416 0.99999344 0.99999297 0.9999927  0.99999285 0.9999931
 0.9999936  0.99999434 0.99999505 0.99999595 0.99999666 0.99999726
 0.99999774 0.9999981  0.9999981  0.999998   0.99999756 0.9999971
 0.9999964  0.9999957  0.999995   0.9999943  0.99999374 0.9999934
 0.99999315 0.9999932  0.9999935  0.999994   0.99999464 0.99999547
 0.9999964  0.9999973  0.999998   0.9999984  0.99999857 0.99999833
 0.99999774 0.9999967  0.9999954  0.99999404 0.9999927  0.99999166
 0.9999909  0.9999906  0.9999908  0.9999915  0.9999925  0.9999937
 0.99999493 0.99999577 0.9999962  0.999996   0.99999493 0.9999932
 0.999991   0.99998844 0.999986   0.9999841  0.9999833  0.99998385
 0.999986   0.99998957 0.99999386 0.9999978  0.9999993 ]","[[1.2646567  0.8442465  0.83452827 0.68147224 1.496813   1.4019547 ]
 [3.4046788  2.1577976  2.4421203  4.1699066  5.8174767  1.8752679 ]
 [2.1577568  0.38788754 0.4429577  2.2630768  1.8608706  3.66212   ]]",trotter
195,195,3,False,"[1.0069578  1.0029871  0.9997067  0.99706703 0.9950163  0.9935018
 0.9924698  0.99186635 0.9916376  0.99172974 0.9920913  0.99267113
 0.99342155 0.9942965  0.9952533  0.9962527  0.9972593  0.9982419
 0.99917287 1.0000293  1.000793   1.0014501  1.0019904  1.0024085
 1.0027032  1.002876   1.0029329  1.0028819  1.002734   1.0025024
 1.0022019  1.0018482  1.001458   1.0010482  1.0006346  1.0002327
 0.99985677 0.9995189  0.9992292  0.99899524 0.99882203 0.9987119
 0.9986635  0.9986736  0.9987366  0.99884444 0.9989875  0.9991556
 0.99933726 0.9995221  0.9996998  0.99986213 1.0000021  1.0001146
 1.0001963  1.0002472  1.0002685  1.0002619  1.0002327  1.000186
 1.0001272  1.000063   0.9999983  0.99993986 0.9998921  0.9998594
 0.99984527 0.9998526  0.99988294 0.9999366  1.0000134  1.0001112
 1.000227   1.000356   1.0004926  1.0006297  1.0007584  1.0008696
 1.0009538  1.0010005  1.0010006  1.0009457  1.0008287  1.0006452
 1.0003939  1.0000769  0.99969965 0.9992731  0.9988112  0.9983341
 0.99786544 0.9974337  0.99707067 0.99681264 0.99669814 0.99676824
 0.9970663  0.99763525 0.99851996 0.99976337 1.0014081 ]","[[1.2646567  0.8442465  0.83452827 0.68147224 1.496813   1.4019547 ]
 [3.4046788  2.1577976  2.4421203  4.1699066  5.8174767  1.8752679 ]
 [2.1577568  0.38788754 0.4429577  2.2630768  1.8608706  3.66212   ]]",trotter
196,196,3,True,"[0.9999919  0.9999915  0.99999017 0.99998885 0.99998814 0.999988
 0.99998856 0.9999895  0.9999908  0.999992   0.999993   0.99999356
 0.9999936  0.999993   0.999992   0.9999906  0.99998885 0.9999871
 0.99998546 0.9999842  0.9999835  0.9999833  0.9999838  0.9999849
 0.99998665 0.9999887  0.99999094 0.9999933  0.99999547 0.9999972
 0.9999985  0.99999917 0.9999991  0.9999984  0.99999714 0.9999956
 0.99999386 0.9999921  0.9999905  0.9999892  0.9999883  0.99998784
 0.99998784 0.9999881  0.99998856 0.9999893  0.99999005 0.9999907
 0.99999136 0.999992   0.99999267 0.99999344 0.9999942  0.9999951
 0.9999961  0.9999971  0.9999979  0.9999986  0.9999991  0.9999992
 0.99999887 0.9999982  0.99999744 0.9999965  0.9999956  0.9999948
 0.9999943  0.99999404 0.99999416 0.9999945  0.9999952  0.9999959
 0.99999666 0.99999744 0.9999981  0.9999987  0.99999917 0.99999946
 0.9999997  0.9999998  0.9999998  0.99999976 0.99999946 0.99999905
 0.9999984  0.99999756 0.99999654 0.99999535 0.99999434 0.9999932
 0.99999243 0.9999919  0.9999917  0.9999919  0.9999925  0.99999315
 0.99999356 0.99999315 0.99999094 0.9999862  0.99997735]","[[0.6094917  0.8027951  1.2269933  0.51446545 0.67666113 1.2446063 ]
 [3.188315   2.39079    0.31946334 3.2212403  0.7369207  5.7503023 ]
 [4.2013865  3.418421   1.6891564  2.2791913  2.1527743  1.5690397 ]]",trotter
197,197,3,False,"[1.0044662  1.001928   0.99979055 0.9980282  0.99661493 0.9955234
 0.99472636 0.99419683 0.9939084  0.993834   0.9939478  0.99422455
 0.9946398  0.9951696  0.9957907  0.9964823  0.9972236  0.99799407
 0.99877584 0.9995514  1.0003046  1.0010202  1.0016847  1.0022852
 1.0028108  1.0032517  1.0035995  1.0038478  1.0039918  1.0040287
 1.0039574  1.00378    1.0034995  1.0031229  1.0026581  1.0021173
 1.0015134  1.000862   1.0001807  0.99948806 0.99880373 0.99814755
 0.9975388  0.9969951  0.9965327  0.9961645  0.99590147 0.995749
 0.99570966 0.9957814  0.9959587  0.996232   0.99658805 0.9970126
 0.9974881  0.9979976  0.99852383 0.9990502  0.9995627  1.000049
 1.0004992  1.0009068  1.0012683  1.0015811  1.0018461  1.0020647
 1.0022398  1.0023736  1.0024688  1.0025259  1.0025463  1.0025277
 1.0024683  1.0023645  1.0022124  1.0020072  1.0017452  1.0014242
 1.0010419  1.0006005  1.0001025  0.9995559  0.99897027 0.9983595
 0.99774075 0.99713445 0.9965641  0.99605584 0.99563783 0.9953405
 0.99519515 0.99523383 0.99548894 0.9959922  0.99677503 0.9978672
 0.99929714 1.0010917  1.0032752  1.0058695  1.0088944 ]","[[0.6094917  0.8027951  1.2269933  0.51446545 0.67666113 1.2446063 ]
 [3.188315   2.39079    0.31946334 3.2212403  0.7369207  5.7503023 ]
 [4.2013865  3.418421   1.6891564  2.2791913  2.1527743  1.5690397 ]]",trotter
198,198,3,True,"[0.99999064 0.9999855  0.9999439  0.9998839  0.9998198  0.9997624
 0.9997184  0.99969167 0.99968326 0.9996924  0.9997161  0.99975073
 0.9997921  0.99983597 0.99987847 0.99991643 0.9999479  0.99997175
 0.99998754 0.99999624 0.9999989  0.9999972  0.9999926  0.99998677
 0.9999809  0.9999759  0.9999725  0.9999706  0.9999705  0.99997187
 0.99997413 0.9999772  0.9999804  0.9999833  0.9999856  0.99998695
 0.99998724 0.9999867  0.99998546 0.99998385 0.9999824  0.9999816
 0.9999817  0.99998283 0.9999849  0.9999876  0.9999904  0.9999926
 0.9999936  0.99999344 0.9999917  0.9999887  0.99998486 0.99998105
 0.99997807 0.9999767  0.9999774  0.99998033 0.9999849  0.9999902
 0.99999475 0.9999966  0.9999941  0.9999853  0.99996936 0.9999459
 0.99991554 0.9998806  0.99984396 0.99980927 0.9997806  0.9997617
 0.9997557  0.999764   0.99978644 0.999821   0.9998636  0.99990904
 0.9999507  0.999982   0.99999654 0.9999892  0.9999568  0.9998984
 0.9998158  0.9997136  0.99959856 0.99947953 0.9993667  0.9992707
 0.9992013  0.99916667 0.99917245 0.9992208  0.99930936 0.9994315
 0.9995755  0.99972534 0.9998604  0.99995655 0.99998677]","[[1.4827192 1.4044307 1.4398161 1.222364  1.3039632 0.73202  ]
 [4.9421153 5.981451  3.1682196 2.2164714 4.342462  4.9110894]
 [4.040058  2.3601215 2.0232024 2.2168422 0.8393344 3.212646 ]]",trotter
199,199,3,False,"[1.0068566  1.0020963  0.9983011  0.9954086  0.9933465  0.99203247
 0.99137646 0.991283   0.9916505  0.9923773  0.9933614  0.994504
 0.9957126  0.9969028  0.99800175 0.99895036 0.99970293 1.0002307
 1.0005212  1.0005778  1.0004188  1.0000749  0.99958616 0.9990002
 0.9983682  0.99774    0.9971622  0.99667555 0.9963114  0.99609095
 0.99602526 0.996114   0.9963482  0.9967107  0.99717957 0.9977285
 0.99833137 0.99896264 0.99959975 1.0002236  1.0008205  1.0013796
 1.0018954  1.0023642  1.0027843  1.0031542  1.0034719  1.0037333
 1.0039316  1.0040594  1.0041053  1.0040587  1.0039083  1.0036445
 1.0032612  1.0027586  1.0021412  1.001422   1.0006211  0.99976546
 0.99888986 0.9980327  0.99723554 0.99654084 0.9959878  0.99561113
 0.99543744 0.9954835  0.99575347 0.9962381  0.99691564 0.9977505
 0.99869543 0.9996934  1.0006802  1.0015891  1.0023519  1.0029056
 1.0031949  1.0031748  1.0028148  1.0021012  1.0010377  0.99964815
 0.9979745  0.996077   0.9940335  0.99193496 0.9898858  0.98800004
 0.98639774 0.98520285 0.98453975 0.984531   0.9852949  0.9869433
 0.98957837 0.993294   0.998172   1.0042818  1.0116805 ]","[[1.4827192 1.4044307 1.4398161 1.222364  1.3039632 0.73202  ]
 [4.9421153 5.981451  3.1682196 2.2164714 4.342462  4.9110894]
 [4.040058  2.3601215 2.0232024 2.2168422 0.8393344 3.212646 ]]",trotter
200,200,4,True,"[0.999993   0.999994   0.9999834  0.9999673  0.99994993 0.99993443
 0.9999227  0.9999158  0.99991363 0.9999161  0.9999223  0.99993145
 0.99994236 0.99995404 0.9999655  0.999976   0.9999848  0.9999917
 0.9999965  0.99999917 0.99999994 0.9999992  0.9999973  0.99999464
 0.99999166 0.99998873 0.9999863  0.9999843  0.9999832  0.99998283
 0.99998325 0.9999844  0.999986   0.9999881  0.9999902  0.99999243
 0.9999945  0.99999624 0.9999976  0.99999833 0.9999987  0.99999845
 0.99999774 0.99999666 0.99999535 0.999994   0.9999926  0.99999136
 0.99999046 0.9999898  0.9999895  0.9999895  0.99998975 0.9999901
 0.9999905  0.9999908  0.9999908  0.9999905  0.99998975 0.99998844
 0.9999867  0.99998456 0.99998194 0.9999792  0.9999762  0.9999734
 0.9999708  0.9999686  0.99996704 0.9999663  0.99996656 0.9999678
 0.99997014 0.9999734  0.9999775  0.99998224 0.99998707 0.99999166
 0.9999954  0.999998   0.99999887 0.99999774 0.9999945  0.99998903
 0.9999818  0.9999729  0.9999632  0.99995345 0.99994457 0.9999375
 0.9999328  0.99993163 0.99993414 0.99994016 0.9999491  0.99995965
 0.9999695  0.99997544 0.9999732  0.99995714 0.9999205 ]","[[0.6461017  0.8343419  1.0367557  0.6217538  0.8077103  0.9426934
  0.5887811  0.5022154  1.2793349 ]
 [4.146275   6.1543565  4.505942   1.8519387  0.08465548 1.7696564
  3.6693473  5.5771875  5.317238  ]
 [5.8045707  0.7821393  1.4830903  5.9417233  5.782206   2.6881402
  5.6645727  1.9172155  2.4942915 ]]",trotter
201,201,4,False,"[1.0053178  1.0022856  0.99978715 0.9977854  0.9962398  0.9951091
 0.994349   0.99391496 0.99376225 0.9938468  0.99412507 0.99455583
 0.9951008  0.9957236  0.9963922  0.9970778  0.99775594 0.9984058
 0.9990115  0.99955994 1.000043   1.0004553  1.0007951  1.0010623
 1.0012606  1.0013942  1.0014687  1.001491   1.0014682  1.0014071
 1.0013145  1.0011973  1.0010614  1.0009117  1.0007532  1.0005901
 1.0004256  1.0002633  1.000106   0.9999557  0.99981517 0.99968576
 0.9995693  0.9994671  0.9993794  0.99930733 0.99925065 0.99920887
 0.9991808  0.9991657  0.9991614  0.99916714 0.9991808  0.99920183
 0.999229   0.99926245 0.999303   0.9993518  0.9994109  0.999483
 0.9995707  0.9996766  0.99980366 0.99995327 1.0001262  1.0003211
 1.0005356  1.000765   1.0010021  1.001239   1.0014642  1.0016667
 1.0018327  1.00195    1.0020041  1.0019839  1.0018785  1.0016801
 1.0013837  1.000988   1.0004957  0.99991363 0.99925447 0.99853456
 0.99777514 0.9970025  0.99624634 0.99554056 0.99492186 0.9944302
 0.9941065  0.9939931  0.99413323 0.9945698  0.9953444  0.9964966
 0.9980652  1.0000844  1.0025862  1.0055985  1.0091447 ]","[[0.6461017  0.8343419  1.0367557  0.6217538  0.8077103  0.9426934
  0.5887811  0.5022154  1.2793349 ]
 [4.146275   6.1543565  4.505942   1.8519387  0.08465548 1.7696564
  3.6693473  5.5771875  5.317238  ]
 [5.8045707  0.7821393  1.4830903  5.9417233  5.782206   2.6881402
  5.6645727  1.9172155  2.4942915 ]]",trotter
202,202,4,True,"[0.99999994 0.99999577 0.999986   0.99997425 0.9999637  0.9999561
 0.99995244 0.99995285 0.9999567  0.999963   0.99997044 0.99997795
 0.99998456 0.99998957 0.9999927  0.9999939  0.9999937  0.9999923
 0.9999904  0.99998844 0.999987   0.9999862  0.99998623 0.9999871
 0.99998873 0.99999076 0.999993   0.9999951  0.9999969  0.9999982
 0.9999988  0.9999988  0.99999803 0.99999666 0.9999947  0.9999924
 0.9999899  0.9999874  0.99998516 0.9999835  0.99998254 0.9999824
 0.99998325 0.9999848  0.99998707 0.9999897  0.9999924  0.99999475
 0.9999966  0.99999774 0.9999979  0.9999974  0.9999962  0.99999446
 0.99999267 0.99999076 0.999989   0.99998754 0.99998647 0.9999858
 0.9999857  0.99998593 0.9999867  0.99998796 0.9999895  0.9999914
 0.9999934  0.99999523 0.99999684 0.99999803 0.9999985  0.9999983
 0.99999744 0.9999958  0.9999938  0.9999914  0.99998903 0.9999866
 0.99998444 0.99998266 0.9999813  0.9999803  0.9999796  0.9999792
 0.99997896 0.9999788  0.9999786  0.99997836 0.99997807 0.9999779
 0.99997777 0.99997795 0.99997854 0.9999798  0.99998176 0.99998444
 0.9999876  0.99999094 0.9999936  0.99999434 0.999991  ]","[[0.84411573 1.2833942  1.2529244  0.57577616 0.84041214 0.5092955
  0.69358224 1.4962537  1.3456438 ]
 [1.5522127  5.2601824  0.6881416  5.4700933  4.4202814  1.755635
  0.82025176 5.9914446  2.33712   ]
 [0.8815166  1.7883573  1.3013977  1.8760035  2.2123735  5.9751143
  3.85932    1.3999487  3.7378182 ]]",trotter
203,203,4,False,"[1.0004457  0.9986012  0.9972938  0.9964584  0.99602747 0.9959334
 0.9961095  0.9964912  0.9970185  0.9976368  0.99829847 0.99896127
 0.99959207 1.000165   1.000661   1.0010678  1.0013804  1.0015973
 1.0017219  1.0017612  1.0017238  1.0016209  1.001463   1.0012615
 1.0010273  1.0007716  1.000504   1.0002347  0.99997205 0.9997252
 0.99950206 0.99931043 0.9991579  0.9990509  0.9989945  0.99899304
 0.9990479  0.9991589  0.9993218  0.9995307  0.9997756  1.0000435
 1.0003196  1.000586   1.0008245  1.0010172  1.0011469  1.0012001
 1.0011653  1.0010376  1.0008163  1.0005069  1.0001209  0.99967396
 0.99918675 0.9986831  0.998188   0.9977271  0.9973244  0.9970016
 0.9967764  0.9966624  0.9966666  0.99679303 0.99703866 0.99739623
 0.9978535  0.9983952  0.99900234 0.99965423 1.0003276  1.0009985
 1.0016428  1.0022368  1.002757   1.003181   1.003489   1.0036627
 1.0036882  1.0035535  1.0032524  1.0027826  1.0021478  1.0013572
 1.0004276  0.9993814  0.99824923 0.9970678  0.99588126 0.99474037
 0.9937017  0.9928273  0.99218434 0.9918429  0.9918765  0.99235994
 0.99336797 0.994975   0.9972528  1.0002711  1.0040934 ]","[[0.84411573 1.2833942  1.2529244  0.57577616 0.84041214 0.5092955
  0.69358224 1.4962537  1.3456438 ]
 [1.5522127  5.2601824  0.6881416  5.4700933  4.4202814  1.755635
  0.82025176 5.9914446  2.33712   ]
 [0.8815166  1.7883573  1.3013977  1.8760035  2.2123735  5.9751143
  3.85932    1.3999487  3.7378182 ]]",trotter
204,204,4,True,"[0.9999999  0.99999434 0.99998224 0.999969   0.99995816 0.99995154
 0.99994963 0.9999521  0.9999576  0.99996495 0.99997276 0.99997985
 0.9999854  0.999989   0.9999906  0.99999046 0.9999891  0.99998695
 0.9999848  0.9999831  0.9999821  0.9999822  0.9999832  0.999985
 0.9999874  0.9999901  0.99999285 0.99999523 0.99999714 0.9999984
 0.999999   0.99999887 0.99999815 0.9999969  0.99999535 0.99999356
 0.99999166 0.9999899  0.9999885  0.9999874  0.9999869  0.99998695
 0.99998754 0.9999888  0.99999046 0.99999243 0.99999446 0.9999964
 0.9999979  0.99999887 0.9999991  0.9999985  0.9999971  0.99999505
 0.9999924  0.9999894  0.9999864  0.99998367 0.99998134 0.9999798
 0.99997896 0.99997914 0.99998033 0.9999823  0.99998504 0.99998826
 0.9999916  0.9999947  0.9999972  0.99999875 0.9999988  0.9999973
 0.9999942  0.9999895  0.99998367 0.99997723 0.999971   0.99996555
 0.9999618  0.99996036 0.99996144 0.9999649  0.99997026 0.99997663
 0.9999828  0.99998736 0.999989   0.9999868  0.99998033 0.9999698
 0.9999563  0.99994165 0.9999283  0.9999189  0.9999157  0.9999205
 0.99993336 0.9999525  0.99997413 0.999992   0.99999815]","[[1.3879315  1.1569384  1.3438646  0.672259   0.79040873 1.4958733
  0.9074719  1.1092151  1.0583581 ]
 [2.657029   4.4401526  6.052374   2.1780982  4.1553545  2.8971941
  4.2661085  3.330825   0.0389441 ]
 [1.4112068  5.9706426  5.0792656  5.983479   1.6865264  1.7046732
  0.8698902  0.8966655  4.666772  ]]",trotter
205,205,4,False,"[1.0005562  0.9985259  0.9971446  0.9963092  0.9959209  0.9958889
 0.99612844 0.99656403 0.9971284  0.9977651  0.9984266  0.99907357
 0.9996771  1.000217   1.0006787  1.0010562  1.0013461  1.0015523
 1.0016793  1.001735   1.0017282  1.0016673  1.0015615  1.001419
 1.0012462  1.0010502  1.0008364  1.0006095  1.0003732  1.0001333
 0.9998932  0.99965876 0.99943393 0.9992257  0.999039   0.99887997
 0.99875504 0.9986676  0.9986224  0.9986212  0.99866414 0.9987505
 0.99887556 0.99903506 0.999222   0.9994272  0.99964297 0.99985987
 1.0000684  1.000261   1.0004303  1.0005708  1.0006781  1.0007504
 1.0007862  1.0007869  1.0007541  1.0006909  1.0006009  1.0004878
 1.0003568  1.000213   1.0000615  0.9999079  0.99975747 0.99961656
 0.9994911  0.99938685 0.99931103 0.999269   0.9992666  0.99930775
 0.999395   0.9995299  0.9997103  0.99993163 1.0001849  1.0004588
 1.0007389  1.001006   1.0012395  1.0014174  1.0015165  1.0015147
 1.0013932  1.0011369  1.0007383  1.000197   0.9995223  0.9987362
 0.9978719  0.9969773  0.99611324 0.995354   0.99478745 0.99451244
 0.99463916 0.99528533 0.9965751  0.9986361  1.001599  ]","[[1.3879315  1.1569384  1.3438646  0.672259   0.79040873 1.4958733
  0.9074719  1.1092151  1.0583581 ]
 [2.657029   4.4401526  6.052374   2.1780982  4.1553545  2.8971941
  4.2661085  3.330825   0.0389441 ]
 [1.4112068  5.9706426  5.0792656  5.983479   1.6865264  1.7046732
  0.8698902  0.8966655  4.666772  ]]",trotter
206,206,4,True,"[0.99999994 0.9999988  0.99999607 0.9999929  0.9999904  0.99998873
 0.99998814 0.9999885  0.9999895  0.99999106 0.9999929  0.9999946
 0.99999607 0.99999726 0.999998   0.9999984  0.9999985  0.9999984
 0.99999803 0.9999978  0.9999976  0.9999975  0.9999976  0.99999785
 0.9999983  0.9999986  0.9999991  0.99999946 0.99999976 0.99999976
 0.9999997  0.99999946 0.99999917 0.99999875 0.99999833 0.999998
 0.9999977  0.99999756 0.99999756 0.9999976  0.99999785 0.99999815
 0.9999985  0.9999988  0.9999991  0.9999994  0.9999995  0.9999996
 0.9999996  0.9999995  0.9999994  0.9999992  0.99999905 0.9999989
 0.99999875 0.99999875 0.9999987  0.9999987  0.99999875 0.99999887
 0.99999905 0.9999992  0.99999934 0.9999995  0.9999996  0.99999964
 0.9999997  0.99999964 0.9999996  0.9999995  0.99999946 0.9999993
 0.99999917 0.9999991  0.99999905 0.99999905 0.9999991  0.99999917
 0.9999993  0.9999994  0.9999995  0.9999995  0.9999994  0.99999905
 0.99999845 0.9999975  0.9999962  0.99999464 0.9999927  0.99999064
 0.99998856 0.9999868  0.9999855  0.9999849  0.9999854  0.99998695
 0.99998957 0.99999297 0.9999964  0.99999887 0.99999857]","[[1.2705549  0.56302834 1.412505   0.87859166 0.71306896 1.4865718
  1.4817413  1.1370063  0.83883125]
 [0.510609   2.6760228  1.6376243  3.89313    5.3509235  4.7726927
  0.06148139 3.3022327  5.7222004 ]
 [5.8753614  3.5115304  4.5314894  5.470096   3.238572   1.5040843
  5.6352444  0.44617075 1.0367609 ]]",trotter
207,207,4,False,"[1.0003854  0.9993626  0.99853384 0.9979018  0.9974625  0.99720836
 0.99712586 0.9971972  0.99740124 0.99771315 0.9981081  0.998558
 0.99903667 0.999519   0.9999825  1.0004073  1.0007774  1.0010809
 1.001311   1.0014634  1.0015402  1.001545   1.0014853  1.001371
 1.0012136  1.0010248  1.0008171  1.000602   1.0003903  1.0001906
 1.0000105  0.9998553  0.99972814 0.99963087 0.99956256 0.99952185
 0.99950576 0.99951077 0.99953294 0.99956715 0.9996096  0.999657
 0.99970526 0.999753   0.9997975  0.99983776 0.99987483 0.99990755
 0.9999375  0.9999656  0.99999297 1.00002    1.0000486  1.0000789
 1.0001099  1.0001415  1.0001729  1.0002016  1.0002264  1.0002447
 1.0002548  1.0002544  1.0002424  1.0002176  1.0001799  1.0001302
 1.0000697  1.000001   0.999927   0.99985176 0.9997786  0.99971247
 0.99965703 0.99961597 0.99959254 0.9995884  0.9996049  0.99964136
 0.9996966  0.999768   0.9998516  0.99994177 1.0000341  1.0001218
 1.0001988  1.0002601  1.0003002  1.0003154  1.0003037  1.0002642
 1.000199   1.0001118  1.0000094  0.9999007  0.99979705 0.9997124
 0.9996632  0.999667   0.9997439  0.99991494 1.0002018 ]","[[1.2705549  0.56302834 1.412505   0.87859166 0.71306896 1.4865718
  1.4817413  1.1370063  0.83883125]
 [0.510609   2.6760228  1.6376243  3.89313    5.3509235  4.7726927
  0.06148139 3.3022327  5.7222004 ]
 [5.8753614  3.5115304  4.5314894  5.470096   3.238572   1.5040843
  5.6352444  0.44617075 1.0367609 ]]",trotter
208,208,4,True,"[0.9999992  0.99999624 0.99998873 0.999981   0.9999751  0.999972
 0.99997175 0.99997383 0.99997705 0.99998075 0.999984   0.9999864
 0.99998754 0.99998766 0.9999869  0.9999857  0.99998456 0.9999837
 0.99998355 0.99998426 0.99998564 0.9999875  0.9999897  0.9999917
 0.9999935  0.99999475 0.9999954  0.9999956  0.99999523 0.99999475
 0.9999943  0.9999939  0.99999374 0.99999386 0.9999941  0.9999944
 0.99999464 0.99999464 0.9999944  0.9999938  0.9999931  0.9999924
 0.9999918  0.9999915  0.99999166 0.9999923  0.9999933  0.99999464
 0.99999577 0.9999967  0.99999714 0.99999684 0.99999595 0.9999944
 0.99999243 0.9999904  0.9999885  0.99998707 0.9999863  0.9999863
 0.99998707 0.99998844 0.9999903  0.9999923  0.9999943  0.99999607
 0.99999744 0.99999845 0.999999   0.9999992  0.99999917 0.9999989
 0.9999985  0.99999803 0.99999744 0.9999967  0.9999958  0.9999949
 0.99999386 0.99999297 0.9999922  0.9999918  0.9999917  0.99999213
 0.9999929  0.999994   0.9999951  0.9999962  0.9999969  0.9999971
 0.99999654 0.9999955  0.99999404 0.9999925  0.9999913  0.9999909
 0.9999915  0.9999932  0.9999957  0.99999815 0.99999905]","[[1.025662   0.98153687 0.6878762  1.4283936  1.3840957  0.66817564
  0.6627893  1.271504   1.1895654 ]
 [0.66365945 5.9970145  6.068826   6.2600627  2.3019357  0.34305528
  6.195832   5.5523443  0.8998396 ]
 [3.9091332  4.737114   2.8421192  4.3466287  4.762153   2.4407942
  0.93836516 5.8899035  4.951482  ]]",trotter
209,209,4,False,"[1.0019399  0.9995587  0.99777335 0.99651843 0.99572694 0.9953312
 0.9952627  0.9954574  0.9958543  0.99639744 0.997036   0.9977266
 0.99843127 0.99912024 0.9997693  1.0003612  1.0008835  1.0013285
 1.001692   1.0019732  1.0021719  1.0022902  1.0023314  1.0022973
 1.0021921  1.002019   1.0017823  1.001488   1.0011432  1.0007565
 1.0003394  0.9999055  0.99946976 0.99904865 0.99866045 0.99832225
 0.9980499  0.9978582  0.9977574  0.99775386 0.9978489  0.99803907
 0.99831444 0.9986611  0.99906045 0.99948955 0.999925   1.0003415
 1.0007153  1.0010252  1.0012532  1.001387   1.0014192  1.0013494
 1.001183   1.000931   1.0006089  1.0002383  0.99984074 0.9994407
 0.9990623  0.9987275  0.9984561  0.9982635  0.9981612  0.99815553
 0.9982481  0.99843514 0.99870884 0.9990577  0.9994667  0.999919
 1.0003957  1.0008776  1.0013454  1.0017802  1.002164   1.0024805
 1.0027153  1.002856   1.0028925  1.0028172  1.0026261  1.002318
 1.0018959  1.0013663  1.0007414  1.0000378  0.99927795 0.9984905
 0.99771005 0.9969779  0.99634016 0.99585116 0.99556893 0.99555707
 0.9958828  0.9966164  0.99782956 0.99959403 1.0019809 ]","[[1.025662   0.98153687 0.6878762  1.4283936  1.3840957  0.66817564
  0.6627893  1.271504   1.1895654 ]
 [0.66365945 5.9970145  6.068826   6.2600627  2.3019357  0.34305528
  6.195832   5.5523443  0.8998396 ]
 [3.9091332  4.737114   2.8421192  4.3466287  4.762153   2.4407942
  0.93836516 5.8899035  4.951482  ]]",trotter
210,210,4,True,"[0.9999997  0.9999976  0.9999921  0.9999858  0.99998057 0.99997693
 0.9999755  0.9999758  0.99997765 0.99998045 0.9999837  0.99998695
 0.99999    0.99999243 0.99999434 0.9999956  0.9999964  0.99999684
 0.999997   0.999997   0.999997   0.999997   0.9999971  0.99999696
 0.999997   0.9999971  0.99999714 0.99999714 0.9999973  0.99999744
 0.9999977  0.99999785 0.9999981  0.99999815 0.9999981  0.99999785
 0.99999744 0.9999969  0.9999961  0.9999953  0.9999946  0.9999939
 0.99999356 0.99999356 0.99999386 0.9999945  0.99999547 0.9999966
 0.9999977  0.9999986  0.99999917 0.99999917 0.9999987  0.9999977
 0.99999624 0.9999945  0.99999285 0.99999136 0.99999034 0.9999898
 0.9999899  0.9999906  0.9999917  0.9999932  0.99999475 0.9999963
 0.9999976  0.9999986  0.9999993  0.99999964 0.9999996  0.9999994
 0.9999991  0.99999875 0.99999845 0.9999983  0.9999982  0.9999983
 0.9999984  0.9999986  0.9999986  0.9999985  0.999998   0.999997
 0.9999954  0.9999932  0.9999902  0.9999867  0.99998266 0.9999784
 0.99997437 0.99997085 0.99996847 0.9999677  0.9999689  0.9999723
 0.9999779  0.9999849  0.99999213 0.9999974  0.999997  ]","[[1.0839511  0.9828396  0.93965936 0.5608857  1.2828887  0.8410184
  0.880394   1.4764863  1.4326643 ]
 [1.4677328  5.42949    5.925674   3.8462887  2.3809526  0.5353738
  1.8381668  4.0683036  5.7120414 ]
 [5.2844305  5.8350368  4.8891263  1.8821214  0.87547296 1.8770878
  4.4976826  2.9514682  0.93253076]]",trotter
211,211,4,False,"[1.000652   0.99953806 0.998692   0.99809724 0.9977319  0.99757063
 0.99758416 0.9977405  0.99800783 0.99835294 0.998744   0.9991529
 0.9995525  0.99992234 1.0002453  1.0005108  1.0007126  1.0008501
 1.0009266  1.0009489  1.0009265  1.0008699  1.0007899  1.0006968
 1.000599   1.0005035  1.0004139  1.0003318  1.0002574  1.0001886
 1.0001228  1.0000571  0.9999886  0.99991703 0.99984163 0.99976474
 0.99968964 0.9996214  0.99956554 0.9995279  0.999514   0.99952775
 0.9995712  0.9996448  0.99974537 0.9998681  1.0000051  1.0001473
 1.000284   1.0004042  1.0004985  1.0005572  1.000574   1.0005451
 1.0004702  1.0003514  1.0001941  1.0000079  0.999803   0.99959195
 0.9993878  0.9992036  0.9990514  0.9989422  0.99888396 0.9988831
 0.998942   0.99906206 0.99923915 0.9994684  0.999741   1.0000473
 1.000374   1.0007076  1.0010332  1.0013345  1.0015969  1.0018044
 1.0019429  1.0019994  1.0019639  1.0018277  1.001587   1.0012405
 1.0007921  1.0002499  0.99962705 0.9989429  0.9982216  0.9974927
 0.99679136 0.99615777 0.99563664 0.9952766  0.9951289  0.99524856
 0.9956907  0.99651194 0.997768   0.99951303 1.0017991 ]","[[1.0839511  0.9828396  0.93965936 0.5608857  1.2828887  0.8410184
  0.880394   1.4764863  1.4326643 ]
 [1.4677328  5.42949    5.925674   3.8462887  2.3809526  0.5353738
  1.8381668  4.0683036  5.7120414 ]
 [5.2844305  5.8350368  4.8891263  1.8821214  0.87547296 1.8770878
  4.4976826  2.9514682  0.93253076]]",trotter
212,212,4,True,"[0.9999992  0.99999624 0.99998665 0.9999743  0.9999622  0.99995214
 0.99994504 0.99994147 0.9999413  0.9999441  0.9999492  0.99995583
 0.9999634  0.99997115 0.9999784  0.9999848  0.99999005 0.99999404
 0.9999967  0.99999815 0.99999875 0.99999833 0.99999756 0.9999964
 0.9999951  0.999994   0.999993   0.99999225 0.9999917  0.9999916
 0.9999917  0.9999921  0.9999926  0.9999934  0.9999942  0.99999505
 0.999996   0.99999696 0.9999977  0.9999983  0.99999875 0.99999905
 0.99999905 0.9999988  0.9999984  0.9999979  0.9999974  0.9999969
 0.9999964  0.9999962  0.999996   0.99999607 0.9999963  0.9999966
 0.9999969  0.99999714 0.9999974  0.99999744 0.9999974  0.99999726
 0.999997   0.9999967  0.9999965  0.99999636 0.9999963  0.9999962
 0.9999961  0.99999607 0.999996   0.9999958  0.9999955  0.9999953
 0.99999505 0.99999493 0.99999493 0.99999523 0.99999577 0.9999964
 0.9999972  0.999998   0.99999845 0.99999857 0.99999803 0.9999967
 0.99999446 0.99999136 0.9999875  0.999983   0.9999782  0.99997354
 0.9999694  0.99996626 0.9999647  0.99996495 0.9999673  0.99997175
 0.99997795 0.99998534 0.99999255 0.999998   0.99999905]","[[0.87390184 0.75865215 0.929467   0.6001158  0.59088635 1.157264
  1.2536788  0.86978674 1.0836537 ]
 [1.5750698  1.6582426  3.618677   1.8566557  5.403849   1.2203983
  6.0128245  5.247108   4.9375286 ]
 [5.973517   3.1899366  5.794478   1.4197481  1.3093274  2.1009362
  3.5826855  2.5496895  2.0336592 ]]",trotter
213,213,4,False,"[1.0010194  0.9998851  0.9990303  0.9984265  0.9980446  0.99785525
 0.9978262  0.9979287  0.9981321  0.99840903 0.99873257 0.9990789
 0.9994263  0.9997567  1.0000548  1.000309   1.000511   1.0006552
 1.0007399  1.0007665  1.0007384  1.0006611  1.000542   1.00039
 1.0002136  1.000023   0.9998273  0.9996351  0.99945474 0.99929255
 0.99915457 0.9990452  0.99896705 0.9989229  0.9989126  0.9989368
 0.99899447 0.9990842  0.99920344 0.9993502  0.999521   0.9997122
 0.9999198  1.000139   1.0003645  1.0005907  1.0008103  1.0010163
 1.0012015  1.0013582  1.0014786  1.0015562  1.0015844  1.0015595
 1.001478   1.0013394  1.0011463  1.0009027  1.0006162  1.0002965
 0.9999555  0.9996072  0.999266   0.9989477  0.9986669  0.9984372
 0.99827003 0.9981748  0.99815714 0.9982185  0.99835706 0.9985674
 0.99884015 0.99916184 0.99951786 0.9998899  1.0002604  1.0006094
 1.0009196  1.0011736  1.0013577  1.0014598  1.0014728  1.0013922
 1.0012186  1.0009568  1.0006154  1.0002085  0.9997527  0.9992696
 0.99878216 0.9983189  0.9979081  0.9975819  0.9973724  0.99731386
 0.9974404  0.9977873  0.9983887  0.99927914 1.0004923 ]","[[0.87390184 0.75865215 0.929467   0.6001158  0.59088635 1.157264
  1.2536788  0.86978674 1.0836537 ]
 [1.5750698  1.6582426  3.618677   1.8566557  5.403849   1.2203983
  6.0128245  5.247108   4.9375286 ]
 [5.973517   3.1899366  5.794478   1.4197481  1.3093274  2.1009362
  3.5826855  2.5496895  2.0336592 ]]",trotter
214,214,4,True,"[0.9999999  0.9999985  0.99999505 0.9999911  0.99998766 0.9999853
 0.9999842  0.99998426 0.9999854  0.9999871  0.9999893  0.9999914
 0.9999934  0.99999505 0.9999963  0.9999972  0.99999774 0.999998
 0.99999803 0.99999803 0.99999803 0.9999981  0.99999815 0.9999982
 0.99999845 0.99999857 0.99999875 0.9999988  0.99999887 0.9999989
 0.9999989  0.999999   0.999999   0.99999905 0.99999905 0.99999917
 0.9999992  0.9999993  0.9999993  0.9999993  0.9999993  0.9999992
 0.9999992  0.99999917 0.99999917 0.9999992  0.9999993  0.9999994
 0.9999996  0.99999976 0.9999998  0.9999999  0.9999997  0.99999946
 0.99999905 0.9999985  0.9999979  0.99999726 0.99999666 0.9999962
 0.9999958  0.99999577 0.9999959  0.9999963  0.99999684 0.9999975
 0.9999982  0.99999887 0.9999994  0.9999998  0.99999994 0.9999998
 0.9999995  0.999999   0.9999983  0.99999756 0.9999969  0.9999963
 0.99999595 0.99999577 0.9999958  0.9999962  0.99999666 0.9999974
 0.99999803 0.9999987  0.99999917 0.9999994  0.99999934 0.9999989
 0.99999815 0.99999714 0.9999958  0.9999946  0.9999935  0.99999297
 0.99999326 0.9999944  0.99999654 0.99999887 0.99999994]","[[1.4594234  0.55356467 1.0767732  1.212627   0.5939219  1.2796324
  1.4327475  1.3229938  1.4914808 ]
 [4.268603   1.062928   2.6268394  4.9254856  6.072251   2.328937
  2.719767   4.3000193  1.3553725 ]
 [4.588904   3.4654617  2.028132   0.15544522 2.3070905  0.6146388
  3.0404313  1.1103737  5.4602003 ]]",trotter
215,215,4,False,"[1.0003519  0.9996517  0.99910265 0.9986986  0.9984296  0.9982848
 0.9982502  0.99830943 0.998446   0.99864155 0.99887747 0.9991366
 0.9994015  0.99965835 0.99989384 1.0000991  1.0002668  1.0003933
 1.0004787  1.0005237  1.0005331  1.0005118  1.0004666  1.0004048
 1.0003326  1.0002562  1.0001805  1.0001092  1.0000448  0.9999883
 0.99993986 0.999899   0.99986464 0.99983525 0.9998107  0.9997897
 0.9997721  0.99975884 0.9997506  0.99974865 0.9997548  0.99977
 0.99979514 0.99983066 0.99987626 0.99992985 0.99998957 1.0000523
 1.0001136  1.0001696  1.0002159  1.0002488  1.0002645  1.0002613
 1.000238   1.000195   1.0001354  1.0000621  0.9999806  0.9998969
 0.99981683 0.9997479  0.9996954  0.999664   0.9996579  0.99967784
 0.9997229  0.9997907  0.999876   0.99997234 1.0000719  1.0001659
 1.0002466  1.0003062  1.0003397  1.0003431  1.0003155  1.0002584
 1.0001765  1.0000764  0.99996626 0.9998558  0.99975497 0.999673
 0.9996179  0.99959517 0.99960846 0.9996574  0.99973935 0.9998483
 0.9999753  1.0001098  1.0002398  1.000353   1.0004364  1.0004793
 1.0004722  1.0004082  1.0002831  1.000096   0.999849  ]","[[1.4594234  0.55356467 1.0767732  1.212627   0.5939219  1.2796324
  1.4327475  1.3229938  1.4914808 ]
 [4.268603   1.062928   2.6268394  4.9254856  6.072251   2.328937
  2.719767   4.3000193  1.3553725 ]
 [4.588904   3.4654617  2.028132   0.15544522 2.3070905  0.6146388
  3.0404313  1.1103737  5.4602003 ]]",trotter
216,216,4,True,"[0.99999857 0.99999845 0.9999938  0.99998695 0.99997973 0.9999733
 0.99996835 0.9999655  0.9999645  0.9999655  0.999968   0.9999717
 0.99997616 0.99998087 0.99998564 0.99998987 0.99999356 0.9999964
 0.9999984  0.9999995  0.99999994 0.9999997  0.9999989  0.99999785
 0.9999966  0.99999535 0.99999446 0.99999356 0.9999932  0.9999931
 0.99999326 0.9999937  0.9999944  0.99999523 0.99999624 0.9999971
 0.9999979  0.9999986  0.9999991  0.9999994  0.9999995  0.9999994
 0.99999917 0.9999988  0.99999833 0.99999785 0.9999974  0.99999696
 0.99999654 0.99999636 0.9999963  0.9999964  0.9999966  0.99999696
 0.99999744 0.9999979  0.99999845 0.9999989  0.9999993  0.99999946
 0.9999995  0.9999993  0.9999988  0.9999981  0.99999714 0.99999595
 0.99999464 0.9999933  0.9999921  0.999991   0.9999901  0.99998975
 0.99998975 0.9999904  0.9999914  0.9999929  0.9999947  0.99999654
 0.9999982  0.9999995  0.9999999  0.9999993  0.99999726 0.9999938
 0.9999887  0.99998206 0.99997413 0.9999654  0.99995637 0.9999477
 0.9999403  0.99993485 0.9999322  0.99993294 0.99993753 0.9999459
 0.9999574  0.9999711  0.9999848  0.9999957  0.99999994]","[[0.621101   0.6932718  1.3413633  0.9981737  0.8950129  0.8692581
  0.50842226 0.8342595  0.54019386]
 [2.1527479  4.114797   3.8201644  5.752803   1.7208239  2.328473
  3.0239708  2.1728754  0.6593859 ]
 [3.4856212  5.574047   5.009506   0.07355943 5.290673   5.9294825
  5.299578   0.24225934 0.10109984]]",trotter
217,217,4,False,"[1.0001792  0.9994845  0.9990144  0.99873805 0.99862385 0.9986428
 0.9987646  0.9989623  0.99921066 0.9994857  0.9997673  1.0000368
 1.0002794  1.0004827  1.000637   1.0007366  1.0007775  1.0007594
 1.0006839  1.0005558  1.0003806  1.0001669  0.99992305 0.99965924
 0.9993863  0.9991144  0.9988541  0.9986151  0.99840605 0.998235
 0.9981082  0.99802995 0.9980037  0.9980307  0.9981115  0.99824303
 0.9984226  0.9986457  0.9989058  0.9991964  0.9995099  0.999838
 1.0001721  1.0005035  1.000824   1.0011257  1.0014004  1.0016413
 1.0018421  1.0019983  1.0021046  1.0021594  1.0021597  1.0021056
 1.001998   1.0018393  1.0016322  1.0013824  1.0010964  1.0007803
 1.0004432  1.0000939  0.99974227 0.9993983  0.99907166 0.99877226
 0.99850875 0.9982897  0.99812144 0.9980088  0.997955   0.9979622
 0.99802834 0.9981513  0.99832535 0.998544   0.99879813 0.9990783
 0.9993732  0.9996718  0.99996215 1.0002339  1.0004765  1.0006809
 1.0008404  1.0009501  1.0010064  1.0010096  1.0009621  1.0008682
 1.000735   1.0005715  1.0003899  1.0002021  1.000023   0.9998671
 0.9997504  0.9996883  0.99969643 0.99978864 0.9999784 ]","[[0.621101   0.6932718  1.3413633  0.9981737  0.8950129  0.8692581
  0.50842226 0.8342595  0.54019386]
 [2.1527479  4.114797   3.8201644  5.752803   1.7208239  2.328473
  3.0239708  2.1728754  0.6593859 ]
 [3.4856212  5.574047   5.009506   0.07355943 5.290673   5.9294825
  5.299578   0.24225934 0.10109984]]",trotter
218,218,4,True,"[1.         0.9999977  0.99999285 0.9999881  0.9999846  0.9999831
 0.9999833  0.9999848  0.99998707 0.99998975 0.99999213 0.9999939
 0.9999952  0.9999958  0.99999595 0.9999957  0.99999535 0.99999493
 0.9999947  0.9999946  0.9999948  0.99999505 0.9999954  0.99999577
 0.9999961  0.9999963  0.9999964  0.9999965  0.9999965  0.99999654
 0.99999654 0.99999666 0.99999666 0.9999966  0.9999965  0.99999607
 0.9999956  0.99999505 0.99999446 0.99999404 0.9999938  0.99999386
 0.9999942  0.9999949  0.9999957  0.9999967  0.9999976  0.9999983
 0.99999875 0.9999988  0.99999857 0.99999803 0.99999726 0.99999636
 0.99999547 0.9999946  0.99999386 0.9999933  0.99999297 0.99999285
 0.99999297 0.9999933  0.99999386 0.99999446 0.9999952  0.9999959
 0.99999654 0.9999971  0.9999974  0.9999975  0.9999973  0.9999969
 0.9999962  0.99999535 0.9999944  0.99999344 0.99999267 0.99999213
 0.9999918  0.9999918  0.999992   0.9999924  0.99999285 0.9999932
 0.9999933  0.99999315 0.9999924  0.9999913  0.99998987 0.9999882
 0.9999866  0.9999852  0.9999845  0.9999845  0.9999854  0.99998724
 0.9999898  0.99999255 0.9999948  0.99999565 0.99999356]","[[1.3022059  0.6950987  1.4261245  1.4044069  1.3851727  1.434091
  1.204877   0.80274135 0.8359699 ]
 [4.6217065  3.45205    2.6904385  3.6534076  0.41564956 2.4552548
  1.1822422  4.598333   4.3490977 ]
 [2.6560013  2.062043   4.3388705  1.058696   5.555865   4.6881275
  3.7592342  2.218987   5.7587442 ]]",trotter
219,219,4,False,"[1.0000393  0.99980026 0.99974763 0.9998166  0.9999522  1.0001111
 1.0002612  1.0003793  1.0004535  1.0004778  1.0004541  1.0003891
 1.0002925  1.0001761  1.000052   0.9999329  0.9998271  0.999743
 0.99968344 0.9996497  0.99964    0.99964976 0.99967337 0.99970365
 0.9997339  0.99975896 0.99977446 0.9997788  0.9997725  0.9997586
 0.99974215 0.9997296  0.99972767 0.9997433  0.9997819  0.99984664
 0.9999381  1.0000544  1.0001903  1.0003377  1.0004871  1.0006262
 1.0007446  1.0008292  1.000872   1.0008651  1.0008044  1.0006889
 1.0005214  1.0003079  1.0000569  0.99978006 0.99949056 0.9992018
 0.99892753 0.9986815  0.9984745  0.99831676 0.9982163  0.99817765
 0.9982028  0.99829197 0.9984433  0.99865144 0.99891037 0.9992122
 0.9995483  0.99990857 1.0002826  1.0006601  1.0010302  1.0013809
 1.0017017  1.001981   1.0022075  1.0023695  1.0024573  1.002459
 1.0023664  1.0021709  1.0018662  1.0014488  1.0009183  1.0002774
 0.99953485 0.9987036  0.99780333 0.9968597  0.9959059  0.9949812
 0.9941335  0.9934163  0.99289036 0.9926225  0.9926842  0.9931518
 0.99410427 0.99562275 0.99778867 1.0006828  1.0043833 ]","[[1.3022059  0.6950987  1.4261245  1.4044069  1.3851727  1.434091
  1.204877   0.80274135 0.8359699 ]
 [4.6217065  3.45205    2.6904385  3.6534076  0.41564956 2.4552548
  1.1822422  4.598333   4.3490977 ]
 [2.6560013  2.062043   4.3388705  1.058696   5.555865   4.6881275
  3.7592342  2.218987   5.7587442 ]]",trotter
220,220,4,True,"[1.         0.9999988  0.9999962  0.9999934  0.9999914  0.99999046
 0.9999904  0.9999911  0.9999925  0.99999404 0.9999956  0.99999696
 0.999998   0.9999986  0.999999   0.9999991  0.9999991  0.9999989
 0.99999887 0.9999987  0.9999986  0.9999986  0.99999875 0.99999887
 0.9999991  0.9999993  0.9999995  0.9999997  0.9999998  0.99999994
 0.99999994 1.         0.9999999  0.99999976 0.9999996  0.9999994
 0.9999992  0.99999905 0.9999989  0.9999988  0.9999988  0.99999887
 0.9999989  0.999999   0.9999992  0.9999994  0.9999995  0.9999997
 0.9999998  0.9999999  0.99999994 0.9999998  0.99999976 0.9999995
 0.9999993  0.99999905 0.9999988  0.9999986  0.99999845 0.9999984
 0.9999984  0.9999985  0.9999987  0.99999887 0.9999991  0.99999934
 0.9999996  0.99999976 0.9999999  0.99999994 0.9999999  0.9999998
 0.9999997  0.9999996  0.99999946 0.99999934 0.9999992  0.9999991
 0.9999991  0.99999905 0.99999905 0.99999905 0.999999   0.9999989
 0.9999988  0.9999987  0.9999984  0.999998   0.99999744 0.9999968
 0.99999607 0.9999953  0.9999945  0.99999404 0.9999938  0.9999941
 0.99999493 0.99999624 0.99999785 0.9999992  0.9999994 ]","[[1.0342523  0.8312412  0.62629944 0.9707786  1.4357142  1.4897814
  1.3260185  0.78226924 1.0222142 ]
 [4.7687693  0.3718364  1.9734623  1.4712734  0.87619245 2.8477132
  1.5102834  2.4030168  4.928994  ]
 [4.2941847  5.1372924  1.3844194  4.130182   0.29716384 4.569535
  1.8596153  0.17047393 4.274179  ]]",trotter
221,221,4,False,"[1.0000353  0.9997758  0.9996572  0.9996433  0.99970216 0.9998031
 0.9999226  1.0000398  1.0001388  1.0002087  1.0002435  1.00024
 1.0001992  1.0001259  1.0000257  0.99990684 0.99977815 0.99964803
 0.9995256  0.9994181  0.999332   0.9992724  0.9992423  0.99924284
 0.9992744  0.9993347  0.99942094 0.9995289  0.9996547  0.9997923
 0.99993694 1.0000818  1.0002234  1.0003556  1.0004748  1.0005767
 1.0006584  1.000717   1.0007513  1.00076    1.0007434  1.0007012
 1.0006361  1.0005491  1.0004438  1.0003235  1.000193   1.000056
 0.99991804 0.9997842  0.99965954 0.9995485  0.9994554  0.9993837
 0.99933636 0.9993143  0.999318   0.999347   0.99939865 0.99946964
 0.99955654 0.99965316 0.9997554  0.9998565  0.99995226 1.0000372
 1.0001074  1.0001599  1.000193   1.0002064  1.0002004  1.0001776
 1.0001411  1.0000951  1.0000436  0.999991   0.9999417  0.9998992
 0.999866   0.99984455 0.9998337  0.9998336  0.99984086 0.9998535
 0.99986637 0.99987537 0.9998759  0.9998642  0.9998377  0.9997952
 0.99973786 0.99966955 0.9995964  0.99952817 0.9994775  0.99946135
 0.9994989  0.9996124  0.99982774 1.0001718  1.0006741 ]","[[1.0342523  0.8312412  0.62629944 0.9707786  1.4357142  1.4897814
  1.3260185  0.78226924 1.0222142 ]
 [4.7687693  0.3718364  1.9734623  1.4712734  0.87619245 2.8477132
  1.5102834  2.4030168  4.928994  ]
 [4.2941847  5.1372924  1.3844194  4.130182   0.29716384 4.569535
  1.8596153  0.17047393 4.274179  ]]",trotter
222,222,4,True,"[0.99999785 0.99999875 0.99999654 0.9999929  0.999989   0.9999855
 0.99998313 0.9999818  0.99998164 0.9999824  0.999984   0.99998623
 0.99998856 0.99999106 0.9999934  0.9999954  0.999997   0.9999982
 0.99999905 0.9999995  0.9999996  0.9999994  0.99999917 0.99999875
 0.9999984  0.99999803 0.9999978  0.9999976  0.99999756 0.9999976
 0.99999774 0.999998   0.9999982  0.99999845 0.99999875 0.9999989
 0.99999917 0.9999993  0.9999994  0.99999946 0.9999995  0.9999994
 0.99999934 0.9999992  0.9999991  0.999999   0.9999988  0.9999987
 0.99999857 0.9999985  0.9999985  0.9999985  0.9999985  0.99999857
 0.99999875 0.9999988  0.999999   0.99999917 0.9999993  0.9999994
 0.99999946 0.99999946 0.9999993  0.9999989  0.99999833 0.99999774
 0.99999684 0.9999959  0.99999493 0.999994   0.9999932  0.9999928
 0.99999267 0.99999285 0.9999936  0.99999464 0.99999595 0.9999973
 0.9999986  0.9999995  0.9999999  0.9999994  0.99999785 0.9999952
 0.99999136 0.9999864  0.9999807  0.99997437 0.99996805 0.99996215
 0.99995714 0.9999538  0.9999524  0.99995345 0.99995714 0.9999633
 0.9999715  0.999981   0.9999902  0.9999975  0.9999999 ]","[[0.910877   0.5467606  1.4342518  0.6822316  1.3144093  0.7946085
  0.5784251  0.562255   0.59274775]
 [4.506985   4.945568   1.6667815  2.8702495  4.5441933  4.172797
  3.4594564  3.2263834  5.8381834 ]
 [1.1426345  5.4556866  2.4206872  6.1472373  2.0808144  2.5932186
  5.829493   4.066844   0.01456464]]",trotter
223,223,4,False,"[1.0027987  1.0007079  0.9990464  0.99777544 0.9968567  0.9962499
 0.99591535 0.9958136  0.99590635 0.996156   0.9965274  0.99698687
 0.9975045  0.99805194 0.998605   0.9991418  0.9996449  1.0000998
 1.0004945  1.0008217  1.0010765  1.0012573  1.0013647  1.0014014
 1.0013733  1.0012869  1.00115    1.0009722  1.0007628  1.0005316
 1.0002892  1.000045   0.9998077  0.99958634 0.9993885  0.9992198
 0.99908596 0.99899113 0.9989367  0.9989247  0.99895364 0.999022
 0.99912614 0.9992621  0.9994231  0.9996026  0.99979335 0.9999873
 1.0001761  1.000352   1.0005074  1.0006356  1.0007317  1.0007911
 1.0008115  1.0007926  1.0007359  1.0006435  1.0005217  1.0003749
 1.0002115  1.0000398  0.9998679  0.9997045  0.99955714 0.9994336
 0.999339   0.9992775  0.99925184 0.99926186 0.99930686 0.99938285
 0.99948514 0.999607   0.99974114 0.9998799  1.0000144  1.0001364
 1.0002387  1.0003147  1.0003586  1.0003667  1.0003363  1.0002681
 1.0001634  1.0000253  0.99985963 0.99967295 0.99947405 0.9992731
 0.9990808  0.99890906 0.99877053 0.99867845 0.99864584 0.99868613
 0.99881244 0.99903774 0.9993746  0.99983525 1.0004303 ]","[[0.910877   0.5467606  1.4342518  0.6822316  1.3144093  0.7946085
  0.5784251  0.562255   0.59274775]
 [4.506985   4.945568   1.6667815  2.8702495  4.5441933  4.172797
  3.4594564  3.2263834  5.8381834 ]
 [1.1426345  5.4556866  2.4206872  6.1472373  2.0808144  2.5932186
  5.829493   4.066844   0.01456464]]",trotter
224,224,4,True,"[0.9999999  0.9999981  0.99999356 0.9999887  0.9999846  0.99998194
 0.9999808  0.99998116 0.9999826  0.9999847  0.9999871  0.9999897
 0.9999921  0.99999416 0.9999958  0.999997   0.99999785 0.99999833
 0.9999986  0.9999986  0.9999985  0.9999984  0.9999983  0.9999981
 0.9999982  0.99999833 0.99999857 0.9999988  0.9999991  0.99999934
 0.9999996  0.99999964 0.9999996  0.99999934 0.9999989  0.99999845
 0.99999785 0.99999726 0.99999666 0.9999962  0.9999958  0.99999565
 0.99999565 0.99999595 0.99999636 0.99999696 0.9999976  0.9999982
 0.9999988  0.9999992  0.99999946 0.9999994  0.9999992  0.99999875
 0.99999803 0.99999726 0.9999964  0.9999955  0.9999947  0.99999416
 0.9999937  0.99999356 0.9999936  0.99999386 0.99999434 0.9999948
 0.99999535 0.9999958  0.9999961  0.99999624 0.9999962  0.9999959
 0.9999955  0.99999493 0.9999943  0.9999935  0.9999929  0.9999924
 0.99999195 0.99999154 0.99999124 0.99999106 0.99999094 0.99999076
 0.99999046 0.99999017 0.99998975 0.9999892  0.99998885 0.9999884
 0.99998814 0.99998814 0.9999885  0.99998933 0.9999904  0.9999918
 0.99999315 0.9999939  0.9999933  0.99999034 0.9999832 ]","[[1.2789372  0.8544713  0.9605679  1.4809726  0.65727866 1.2743361
  1.2361548  1.1054273  0.98548114]
 [0.25035965 6.0140295  6.2414765  2.7025375  2.7435036  4.894021
  1.2669045  2.151904   0.7712725 ]
 [3.213127   1.1185712  3.8684587  2.2768452  5.9814725  2.5879097
  0.3744862  5.029899   0.19047579]]",trotter
225,225,4,False,"[0.99955356 0.99997264 1.0003705  1.0007274  1.001028   1.00126
 1.0014163  1.001494   1.0014936  1.0014187  1.0012765  1.0010765
 1.0008296  1.0005487  1.0002469  0.9999384  0.9996365  0.99935347
 0.9990994  0.998886   0.9987198  0.99860686 0.9985516  0.9985551
 0.99861807 0.99873805 0.9989109  0.99913186 0.9993944  0.9996892
 1.0000094  1.0003443  1.0006833  1.0010171  1.0013351  1.0016261
 1.0018817  1.0020922  1.0022498  1.0023484  1.002383   1.0023496
 1.0022476  1.0020783  1.0018446  1.0015521  1.0012093  1.000825
 1.0004114  0.99998045 0.9995471  0.99912435 0.9987263  0.99836606
 0.998056   0.99780613 0.9976246  0.99751806 0.997489   0.9975389
 0.99766666 0.99786794 0.9981375  0.9984676  0.9988486  0.9992713
 0.999724   1.0001951  1.0006727  1.0011444  1.0015975  1.0020198
 1.0023984  1.002721   1.0029744  1.003148   1.0032287  1.0032074
 1.0030743  1.0028228  1.0024478  1.0019493  1.0013294  1.0005962
 0.99976295 0.99884796 0.9978771  0.9968819  0.9959008  0.9949789
 0.99416727 0.9935225  0.9931058  0.9929826  0.9932213  0.9938916
 0.99506384 0.996807   0.99918866 1.0022724  1.0061171 ]","[[1.2789372  0.8544713  0.9605679  1.4809726  0.65727866 1.2743361
  1.2361548  1.1054273  0.98548114]
 [0.25035965 6.0140295  6.2414765  2.7025375  2.7435036  4.894021
  1.2669045  2.151904   0.7712725 ]
 [3.213127   1.1185712  3.8684587  2.2768452  5.9814725  2.5879097
  0.3744862  5.029899   0.19047579]]",trotter
226,226,4,True,"[1.         0.9999985  0.9999955  0.99999255 0.9999903  0.9999891
 0.99998903 0.99998975 0.99999106 0.9999926  0.9999942  0.99999565
 0.99999684 0.9999977  0.9999982  0.9999984  0.9999983  0.99999803
 0.9999977  0.9999973  0.9999969  0.99999666 0.99999654 0.9999966
 0.99999684 0.9999973  0.99999785 0.9999985  0.99999905 0.9999996
 0.99999976 0.99999976 0.99999934 0.9999986  0.9999977  0.9999965
 0.99999523 0.999994   0.9999929  0.9999922  0.9999918  0.99999183
 0.99999243 0.99999326 0.9999944  0.9999957  0.9999969  0.9999981
 0.999999   0.9999995  0.99999976 0.99999976 0.9999994  0.9999989
 0.9999983  0.9999977  0.99999714 0.9999967  0.9999965  0.9999964
 0.99999654 0.9999967  0.999997   0.99999744 0.9999978  0.9999981
 0.99999845 0.9999987  0.99999887 0.999999   0.999999   0.9999989
 0.99999887 0.9999986  0.99999845 0.99999815 0.9999978  0.9999975
 0.9999972  0.99999696 0.9999967  0.99999654 0.9999964  0.9999963
 0.9999961  0.9999958  0.99999547 0.99999493 0.9999943  0.9999935
 0.99999267 0.99999195 0.99999136 0.9999911  0.9999914  0.9999922
 0.99999356 0.9999952  0.9999965  0.99999636 0.99999315]","[[1.444475   1.2143835  0.6669588  0.7968866  1.4224716  0.97388154
  0.54091316 1.3863043  0.5529751 ]
 [3.6236994  1.7319574  4.3743076  0.6630152  5.43061    4.0670075
  2.1533594  3.4982522  5.2557015 ]
 [0.30113578 5.574926   4.8974576  4.445115   1.3086885  5.5130005
  3.2020345  0.81212115 5.8201804 ]]",trotter
227,227,4,False,"[0.99998945 0.9998344  0.9997785  0.9997924  0.99985063 0.9999306
 1.000016   1.0000942  1.0001557  1.000195   1.0002104  1.0002021
 1.0001718  1.0001243  1.0000633  0.9999936  0.999921   0.9998489
 0.9997809  0.9997207  0.99966997 0.9996303  0.99960274 0.9995878
 0.9995855  0.9995965  0.99962115 0.99965954 0.9997135  0.99978197
 0.9998663  0.9999663  1.0000819  1.0002116  1.0003529  1.0005026
 1.0006565  1.0008081  1.0009513  1.0010785  1.0011808  1.0012516
 1.0012829  1.0012679  1.0012021  1.0010828  1.0009089  1.0006826
 1.0004085  1.0000939  0.99974865 0.9993841  0.99901396 0.99865204
 0.9983131  0.9980112  0.9977594  0.997569   0.99744904 0.99740595
 0.997443   0.9975607  0.99775654 0.9980252  0.99835795 0.99874467
 0.9991729  0.9996289  1.0000983  1.0005661  1.0010177  1.0014377
 1.0018119  1.0021276  1.0023729  1.0025364  1.0026098  1.0025846
 1.0024562  1.0022204  1.001876   1.0014249  1.0008718  1.000224
 0.9994942  0.99869835 0.99785686 0.99699533 0.99614424 0.99533945
 0.9946212  0.99403536 0.99363196 0.9934652  0.99359363 0.99407715
 0.99497926 0.996363   0.99829215 1.0008296  1.0040356 ]","[[1.444475   1.2143835  0.6669588  0.7968866  1.4224716  0.97388154
  0.54091316 1.3863043  0.5529751 ]
 [3.6236994  1.7319574  4.3743076  0.6630152  5.43061    4.0670075
  2.1533594  3.4982522  5.2557015 ]
 [0.30113578 5.574926   4.8974576  4.445115   1.3086885  5.5130005
  3.2020345  0.81212115 5.8201804 ]]",trotter
228,228,4,True,"[0.9999994  0.99999475 0.99998075 0.9999635  0.9999473  0.9999347
 0.99992687 0.99992406 0.999926   0.99993145 0.99993956 0.99994904
 0.9999589  0.9999684  0.9999768  0.9999838  0.9999893  0.99999315
 0.9999957  0.99999714 0.9999978  0.9999979  0.99999756 0.9999972
 0.9999967  0.9999963  0.99999595 0.99999565 0.99999547 0.99999535
 0.99999535 0.99999535 0.9999954  0.9999955  0.99999565 0.99999577
 0.9999959  0.99999595 0.99999607 0.999996   0.99999595 0.9999958
 0.9999957  0.99999565 0.9999956  0.9999956  0.99999577 0.9999958
 0.99999607 0.99999636 0.9999966  0.9999968  0.9999969  0.99999684
 0.9999966  0.9999963  0.9999959  0.9999954  0.99999505 0.9999948
 0.9999947  0.99999475 0.99999505 0.9999956  0.99999624 0.999997
 0.9999977  0.99999833 0.9999987  0.99999887 0.9999988  0.99999845
 0.99999803 0.99999756 0.9999971  0.99999684 0.9999967  0.99999696
 0.99999744 0.9999979  0.99999857 0.999999   0.99999905 0.99999857
 0.9999974  0.9999954  0.99999255 0.9999889  0.99998474 0.9999803
 0.999976   0.9999722  0.99996966 0.9999687  0.99996966 0.99997276
 0.99997795 0.9999845  0.99999166 0.99999756 0.99999994]","[[0.87935466 1.1021718  1.366166   0.63250846 0.96875423 1.2873504
  0.753391   1.2549338  1.1414818 ]
 [1.538122   3.5269332  5.5076385  5.279517   0.82610404 0.03116746
  0.10411159 3.9030125  3.2863388 ]
 [4.491251   5.4851375  4.066287   6.141134   2.877304   6.1257873
  4.0306726  3.2841616  1.2719662 ]]",trotter
229,229,4,False,"[1.0000689  0.9996617  0.99944234 0.999376   0.9994289  0.9995677
 0.9997613  0.9999818  1.0002044  1.0004084  1.0005773  1.0006998
 1.0007678  1.0007787  1.0007335  1.0006369  1.0004971  1.000323
 1.0001264  0.9999193  0.9997134  0.9995199  0.99934834 0.9992069
 0.99910104 0.9990344  0.9990079  0.9990205  0.9990688  0.99914837
 0.9992533  0.999377   0.99951357 0.99965566 0.99979794 0.9999345
 1.0000627  1.0001787  1.0002806  1.0003679  1.0004398  1.000497
 1.0005395  1.0005684  1.0005833  1.000585   1.0005729  1.0005459
 1.0005037  1.0004449  1.0003686  1.0002745  1.000162   1.0000327
 0.9998875  0.99973    0.999564   0.99939466 0.9992291  0.9990734
 0.9989353  0.9988226  0.9987425  0.9987012  0.99870425 0.9987544
 0.9988539  0.9990013  0.99919397 0.99942607 0.9996897  0.9999754
 1.0002717  1.0005659  1.000845   1.0010955  1.0013052  1.001463
 1.0015588  1.0015857  1.0015393  1.001417   1.001221   1.000955
 1.0006269  1.0002465  0.9998278  0.99938494 0.99893504 0.9984971
 0.9980907  0.9977358  0.99745303 0.99726385 0.99718827 0.9972464
 0.9974576  0.99784064 0.9984133  0.99919236 1.000194  ]","[[0.87935466 1.1021718  1.366166   0.63250846 0.96875423 1.2873504
  0.753391   1.2549338  1.1414818 ]
 [1.538122   3.5269332  5.5076385  5.279517   0.82610404 0.03116746
  0.10411159 3.9030125  3.2863388 ]
 [4.491251   5.4851375  4.066287   6.141134   2.877304   6.1257873
  4.0306726  3.2841616  1.2719662 ]]",trotter
230,230,4,True,"[1.         0.999993   0.99997634 0.9999563  0.99993795 0.99992424
 0.9999169  0.9999161  0.99992096 0.99993014 0.999942   0.9999547
 0.99996686 0.99997747 0.9999859  0.99999195 0.99999577 0.99999774
 0.9999984  0.9999982  0.99999774 0.9999972  0.99999684 0.99999684
 0.999997   0.99999756 0.99999815 0.9999987  0.9999992  0.9999996
 0.9999997  0.99999964 0.9999995  0.9999992  0.9999988  0.9999984
 0.9999979  0.9999975  0.99999714 0.9999969  0.9999968  0.9999968
 0.99999696 0.9999973  0.99999774 0.9999982  0.9999987  0.99999917
 0.9999995  0.9999997  0.99999976 0.99999964 0.9999993  0.99999887
 0.99999833 0.99999774 0.99999714 0.99999666 0.9999963  0.99999607
 0.99999607 0.9999962  0.99999654 0.999997   0.99999756 0.99999815
 0.9999987  0.9999991  0.99999946 0.9999996  0.9999996  0.99999934
 0.9999991  0.99999875 0.99999833 0.9999979  0.9999976  0.9999973
 0.9999972  0.99999714 0.9999972  0.99999726 0.99999744 0.99999756
 0.9999975  0.9999973  0.99999696 0.99999636 0.9999954  0.99999416
 0.9999928  0.9999913  0.99999005 0.9999891  0.99998885 0.9999895
 0.9999911  0.9999936  0.99999654 0.99999875 0.9999987 ]","[[0.94562304 0.7227027  0.6356643  1.2007482  0.56782776 1.0823138
  1.3322431  1.3080126  1.3378863 ]
 [0.7462695  5.0863905  1.8009822  1.3407986  4.7767134  3.998017
  5.049563   2.9482083  4.354648  ]
 [4.1904235  4.540538   4.7364264  1.0006565  1.3551784  1.1396959
  1.6984998  3.7864895  1.3489537 ]]",trotter
231,231,4,False,"[1.0001154  0.99876636 0.99790376 0.99744976 0.9973266  0.9974593
 0.9977761  0.99821216 0.99870986 0.9992182  0.99969757 1.0001161
 1.0004528  1.0006952  1.0008386  1.0008868  1.0008492  1.0007391
 1.0005745  1.0003735  1.0001552  0.99993753 0.99973667 0.99956596
 0.99943566 0.9993526  0.99931973 0.9993378  0.9994034  0.99951255
 0.99965787 0.99983156 1.0000253  1.0002291  1.0004351  1.0006343
 1.0008193  1.0009834  1.0011201  1.001225   1.0012938  1.001324
 1.0013142  1.001263   1.0011721  1.0010437  1.0008802  1.000687
 1.0004704  1.0002373  0.9999956  0.999754   0.99952203 0.9993086
 0.9991224  0.9989697  0.99885756 0.99878967 0.9987679  0.99879193
 0.9988594  0.99896455 0.9991015  0.99926186 0.99943656 0.99961627
 0.9997921  0.9999558  1.0001004  1.0002211  1.0003147  1.00038
 1.000418   1.0004311  1.0004231  1.000398   1.0003617  1.0003182
 1.000271   1.0002235  1.0001773  1.0001321  1.0000871  1.0000402
 0.9999883  0.9999285  0.99985784 0.9997745  0.9996784  0.99957085
 0.9994565  0.99934244 0.99923927 0.9991607  0.9991243  0.9991509
 0.99926347 0.9994879  0.99985236 1.0003864  1.0011194 ]","[[0.94562304 0.7227027  0.6356643  1.2007482  0.56782776 1.0823138
  1.3322431  1.3080126  1.3378863 ]
 [0.7462695  5.0863905  1.8009822  1.3407986  4.7767134  3.998017
  5.049563   2.9482083  4.354648  ]
 [4.1904235  4.540538   4.7364264  1.0006565  1.3551784  1.1396959
  1.6984998  3.7864895  1.3489537 ]]",trotter
232,232,4,True,"[0.99999994 0.99999744 0.99999166 0.99998486 0.9999785  0.9999733
 0.9999699  0.9999683  0.9999685  0.99997014 0.9999729  0.99997634
 0.9999802  0.9999842  0.99998796 0.9999912  0.99999386 0.99999577
 0.9999971  0.99999774 0.99999774 0.99999726 0.9999965  0.99999547
 0.9999944  0.9999934  0.9999926  0.99999213 0.99999183 0.9999919
 0.99999225 0.99999285 0.9999935  0.99999434 0.9999952  0.99999595
 0.9999966  0.9999971  0.9999974  0.99999756 0.9999977  0.9999977
 0.9999976  0.9999975  0.99999744 0.9999974  0.9999974  0.9999974
 0.99999744 0.9999975  0.9999976  0.9999978  0.99999785 0.999998
 0.99999803 0.99999815 0.99999815 0.9999981  0.99999815 0.99999803
 0.9999979  0.9999978  0.9999976  0.99999744 0.9999972  0.9999969
 0.99999666 0.9999964  0.99999636 0.99999624 0.99999636 0.9999965
 0.9999968  0.99999714 0.9999976  0.9999981  0.9999987  0.99999917
 0.9999996  0.9999998  0.9999999  0.9999996  0.999999   0.99999803
 0.99999666 0.999995   0.99999297 0.9999908  0.9999886  0.9999865
 0.9999848  0.9999836  0.9999832  0.9999836  0.999985   0.9999872
 0.99999017 0.9999933  0.999996   0.9999973  0.99999577]","[[0.76467705 0.5451346  1.3369393  0.52648085 0.62562954 0.61706126
  0.52782065 0.7115501  0.669818  ]
 [4.6581216  1.2451528  5.783453   0.6228205  0.43707943 6.1027994
  3.9735565  3.4521239  4.014605  ]
 [1.3061233  0.6010421  0.9564178  4.7686667  5.663942   0.8436168
  2.8780932  4.480526   3.0567489 ]]",trotter
233,233,4,False,"[1.0000057  1.0002307  1.0003358  1.0003462  1.0002832  1.0001688
 1.0000217  0.9998589  0.99969506 0.99954253 0.99941117 0.99930817
 0.99923855 0.99920475 0.9992075  0.9992453  0.9993157  0.99941397
 0.9995353  0.9996743  0.9998245  0.99998033 1.0001358  1.0002859
 1.0004252  1.0005499  1.000657   1.0007429  1.0008066  1.0008469
 1.0008628  1.0008548  1.0008247  1.0007722  1.0007007  1.0006112
 1.0005076  1.0003921  1.0002685  1.0001401  1.0000119  0.9998877
 0.9997702  0.9996642  0.99957377 0.99950117 0.99944925 0.9994202
 0.9994141  0.99943125 0.99947006 0.9995286  0.9996035  0.99969065
 0.99978536 0.9998821  0.9999764  1.0000627  1.0001361  1.0001936
 1.0002325  1.000251   1.0002494  1.0002294  1.0001926  1.0001436
 1.0000862  1.0000256  0.99996704 0.99991524 0.99987465 0.9998482
 0.99983823 0.9998455  0.9998681  0.9999053  0.9999518  1.0000036
 1.0000538  1.0000967  1.0001248  1.000132   1.0001127  1.0000634
 0.9999802  0.99986327 0.99971426 0.99953836 0.9993425  0.9991382
 0.9989378  0.9987592  0.9986217  0.9985471  0.9985607  0.99868935
 0.99896103 0.9994062  1.0000553  1.00094    1.0020913 ]","[[0.76467705 0.5451346  1.3369393  0.52648085 0.62562954 0.61706126
  0.52782065 0.7115501  0.669818  ]
 [4.6581216  1.2451528  5.783453   0.6228205  0.43707943 6.1027994
  3.9735565  3.4521239  4.014605  ]
 [1.3061233  0.6010421  0.9564178  4.7686667  5.663942   0.8436168
  2.8780932  4.480526   3.0567489 ]]",trotter
234,234,4,True,"[0.9999998  0.9999909  0.9999696  0.99994516 0.99992335 0.9999078
 0.9998995  0.9998986  0.999904   0.9999139  0.9999264  0.99993986
 0.9999529  0.99996454 0.9999742  0.9999816  0.9999869  0.99999034
 0.99999225 0.99999315 0.9999933  0.9999931  0.9999927  0.9999924
 0.999992   0.99999183 0.99999183 0.9999921  0.99999243 0.99999297
 0.9999936  0.99999434 0.99999493 0.99999535 0.99999535 0.9999952
 0.9999947  0.99999386 0.99999297 0.999992   0.9999912  0.99999064
 0.9999904  0.9999907  0.9999913  0.99999225 0.9999934  0.9999946
 0.9999956  0.99999636 0.9999968  0.9999968  0.99999636 0.9999958
 0.99999505 0.9999943  0.99999374 0.99999326 0.99999326 0.9999935
 0.999994   0.9999946  0.99999523 0.99999577 0.9999961  0.9999961
 0.9999958  0.99999523 0.9999945  0.99999374 0.999993   0.99999255
 0.99999243 0.9999926  0.99999326 0.99999416 0.99999523 0.9999963
 0.99999714 0.99999774 0.99999785 0.9999975  0.9999966  0.9999952
 0.99999326 0.9999908  0.99998796 0.9999847  0.99998116 0.9999775
 0.999974   0.99997103 0.9999688  0.999968   0.999969   0.9999721
 0.99997735 0.99998426 0.99999166 0.99999744 0.9999981 ]","[[0.54978555 1.4100692  1.2826176  1.3658922  1.3633535  1.0850621
  0.7909943  1.1592679  1.0219382 ]
 [5.301939   5.04489    5.46128    1.0964023  4.0107436  5.772492
  3.3352492  5.1646013  3.6169968 ]
 [0.99716544 1.9532598  0.42837933 0.5070944  1.4790645  0.85914004
  0.69493276 1.3419042  6.1533813 ]]",trotter
235,235,4,False,"[1.0004743  0.9993157  0.99855566 0.9981315  0.9979781  0.99803346
 0.9982393  0.9985422  0.99889475 0.9992579  0.99960023 0.99989754
 1.0001347  1.0003039  1.0004042  1.0004394  1.0004182  1.0003517
 1.0002531  1.0001355  1.0000112  0.9998912  0.9997852  0.99969757
 0.99963385 0.99959487 0.99958044 0.9995896  0.9996191  0.9996663
 0.99972856 0.9998027  0.99988693 0.9999789  1.0000778  1.0001819
 1.0002894  1.0003983  1.000506   1.0006084  1.0007014  1.0007797
 1.0008371  1.0008692  1.0008698  1.0008347  1.0007614  1.0006487
 1.0004982  1.0003144  1.0001032  0.99987495 0.9996398  0.9994098
 0.99919754 0.99901587 0.99887514 0.99878466 0.99874926 0.9987712
 0.9988493  0.9989773  0.99914676 0.99934566 0.99956024 0.9997774
 0.9999819  1.000162   1.000308   1.0004132  1.0004746  1.0004932
 1.0004735  1.0004225  1.00035    1.0002658  1.0001806  1.0001036
 1.0000411  0.99999744 0.9999734  0.9999668  0.99997133 0.9999795
 0.99998134 0.9999665  0.9999251  0.9998492  0.99973446 0.9995798
 0.9993898  0.9991748  0.99895066 0.998741   0.99857414 0.99848557
 0.99851453 0.99870634 0.9991085  0.99977124 1.0007454 ]","[[0.54978555 1.4100692  1.2826176  1.3658922  1.3633535  1.0850621
  0.7909943  1.1592679  1.0219382 ]
 [5.301939   5.04489    5.46128    1.0964023  4.0107436  5.772492
  3.3352492  5.1646013  3.6169968 ]
 [0.99716544 1.9532598  0.42837933 0.5070944  1.4790645  0.85914004
  0.69493276 1.3419042  6.1533813 ]]",trotter
236,236,4,True,"[0.99999964 0.99999917 0.9999976  0.99999565 0.999994   0.9999926
 0.9999919  0.9999917  0.999992   0.99999267 0.9999935  0.99999446
 0.99999547 0.9999964  0.9999972  0.99999785 0.9999984  0.99999875
 0.999999   0.9999991  0.99999917 0.9999992  0.9999992  0.99999917
 0.9999992  0.9999992  0.9999993  0.99999934 0.9999994  0.99999946
 0.9999995  0.9999996  0.9999996  0.99999964 0.99999964 0.99999964
 0.9999996  0.9999995  0.99999946 0.9999994  0.99999934 0.99999934
 0.99999934 0.9999994  0.9999994  0.9999995  0.9999996  0.99999964
 0.9999997  0.9999998  0.9999998  0.9999998  0.99999976 0.9999996
 0.99999934 0.99999917 0.9999988  0.99999857 0.99999833 0.99999815
 0.9999981  0.99999815 0.9999982  0.9999985  0.9999988  0.9999991
 0.9999994  0.9999996  0.99999976 0.99999976 0.99999964 0.99999946
 0.9999992  0.9999989  0.9999986  0.9999983  0.9999981  0.999998
 0.9999979  0.999998   0.9999981  0.9999982  0.9999982  0.99999815
 0.999998   0.9999976  0.999997   0.99999624 0.99999523 0.99999416
 0.9999931  0.99999213 0.9999915  0.9999912  0.9999914  0.99999225
 0.99999374 0.9999956  0.9999976  0.9999991  0.99999934]","[[0.8466781  0.87442803 1.2500536  0.58379686 0.7739196  0.68396735
  1.0748004  1.3274198  1.33673   ]
 [3.4651773  3.52188    4.0121994  4.789658   1.3009305  1.3882792
  5.6416793  0.54135185 1.5988129 ]
 [5.17958    2.946862   2.8412123  4.710287   4.593857   4.619046
  1.4302094  5.1851635  2.8707616 ]]",trotter
237,237,4,False,"[1.0007775  0.9997963  0.9990651  0.99855554 0.9982377  0.9980832
 0.9980623  0.99814963 0.99831873 0.99854743 0.9988147  0.9991035
 0.99939793 0.9996857  0.999957   1.0002042  1.000421   1.0006047
 1.0007524  1.0008644  1.0009397  1.0009801  1.0009867  1.000962
 1.000908   1.0008273  1.0007234  1.0005991  1.0004573  1.0003026
 1.0001385  0.99996984 0.9998008  0.9996368  0.9994826  0.9993436
 0.9992247  0.99913067 0.9990662  0.9990336  0.9990351  0.9990719
 0.999144   0.99924815 0.9993815  0.99953836 0.999713   0.9998962
 1.0000812  1.0002577  1.0004182  1.0005537  1.0006578  1.0007249
 1.000751   1.0007348  1.0006773  1.0005816  1.000453   1.0002989
 1.0001279  0.9999505  0.9997775  0.9996192  0.9994853  0.9993853
 0.9993265  0.9993131  0.99934894 0.99943334 0.99956447 0.99973714
 0.9999437  1.0001749  1.0004194  1.000665   1.0008984  1.0011063
 1.0012757  1.0013945  1.0014517  1.0014397  1.0013515  1.0011841
 1.0009372  1.000614   1.0002227  0.9997734  0.9992817  0.9987666
 0.9982517  0.99776417 0.9973352  0.99699914 0.9967941  0.9967612
 0.99694365 0.9973871  0.9981382  0.99924535 1.0007572 ]","[[0.8466781  0.87442803 1.2500536  0.58379686 0.7739196  0.68396735
  1.0748004  1.3274198  1.33673   ]
 [3.4651773  3.52188    4.0121994  4.789658   1.3009305  1.3882792
  5.6416793  0.54135185 1.5988129 ]
 [5.17958    2.946862   2.8412123  4.710287   4.593857   4.619046
  1.4302094  5.1851635  2.8707616 ]]",trotter
238,238,4,True,"[0.99999994 0.9999982  0.9999942  0.99999005 0.9999868  0.9999852
 0.99998504 0.99998623 0.9999883  0.9999907  0.9999932  0.99999535
 0.999997   0.9999982  0.99999875 0.999999   0.9999988  0.9999985
 0.99999815 0.9999979  0.99999774 0.99999774 0.9999979  0.99999815
 0.9999984  0.9999988  0.9999991  0.99999946 0.99999964 0.9999998
 0.99999994 0.99999994 0.9999998  0.9999996  0.9999993  0.999999
 0.9999986  0.9999983  0.99999803 0.99999785 0.9999978  0.9999978
 0.999998   0.9999982  0.9999985  0.99999887 0.99999917 0.99999946
 0.99999976 0.9999999  0.9999999  0.9999998  0.9999996  0.9999994
 0.9999991  0.9999988  0.99999845 0.9999982  0.99999803 0.999998
 0.9999979  0.99999803 0.9999982  0.9999985  0.9999987  0.999999
 0.9999993  0.9999995  0.99999976 0.9999998  0.9999998  0.9999997
 0.9999996  0.99999934 0.99999905 0.99999875 0.99999833 0.99999803
 0.99999785 0.9999977  0.9999976  0.99999774 0.9999979  0.99999803
 0.99999815 0.9999981  0.9999978  0.99999714 0.99999607 0.9999947
 0.999993   0.9999913  0.99998975 0.9999886  0.9999883  0.99998903
 0.9999909  0.9999936  0.9999968  0.99999917 0.9999991 ]","[[1.3666406  0.7057965  1.1608266  0.7013307  1.4193672  0.62390786
  0.51984483 0.5621586  1.2294198 ]
 [4.459204   6.0339136  0.5110717  6.218584   2.9187615  1.1364502
  1.6489788  3.5396383  3.0924432 ]
 [4.5178485  0.7398586  1.0741246  0.5150228  0.62786114 4.828011
  1.8737521  1.6418881  4.4642844 ]]",trotter
239,239,4,False,"[1.0000379  0.9995749  0.99930286 0.9991863  0.9991901  0.9992815
 0.99942946 0.999607   0.9997916  0.99996465 1.0001129  1.0002269
 1.0003018  1.0003369  1.0003351  1.0003006  1.0002404  1.0001627
 1.0000755  0.99998647 0.9999032  0.99983144 0.99977547 0.999738
 0.9997209  0.999724   0.9997463  0.9997858  0.9998407  0.9999074
 0.9999826  1.0000639  1.0001478  1.0002321  1.0003132  1.0003887
 1.0004566  1.0005147  1.0005606  1.0005922  1.0006082  1.0006073
 1.0005888  1.0005516  1.0004969  1.0004251  1.0003386  1.0002391
 1.0001312  1.0000181  0.9999042  0.99979424 0.9996929  0.99960434
 0.9995324  0.9994802  0.999449   0.99944055 0.9994534  0.9994867
 0.9995372  0.9996019  0.99967605 0.99975526 0.99983555 0.9999124
 0.99998266 1.0000437  1.0000948  1.0001346  1.0001644  1.0001856
 1.0002     1.00021    1.0002179  1.0002252  1.0002327  1.0002406
 1.0002468  1.0002495  1.0002447  1.0002276  1.0001934  1.0001376
 1.0000544  0.9999417  0.99979764 0.9996225  0.99942046 0.9991978
 0.99896574 0.9987377  0.99853194 0.99836993 0.9982769  0.9982806
 0.9984115  0.99870205 0.99918646 0.9998988  1.0008733 ]","[[1.3666406  0.7057965  1.1608266  0.7013307  1.4193672  0.62390786
  0.51984483 0.5621586  1.2294198 ]
 [4.459204   6.0339136  0.5110717  6.218584   2.9187615  1.1364502
  1.6489788  3.5396383  3.0924432 ]
 [4.5178485  0.7398586  1.0741246  0.5150228  0.62786114 4.828011
  1.8737521  1.6418881  4.4642844 ]]",trotter
240,240,4,True,"[0.9999965  0.9999949  0.99998903 0.99998176 0.9999748  0.9999695
 0.99996644 0.9999656  0.9999671  0.99997026 0.9999745  0.9999793
 0.9999841  0.99998826 0.9999917  0.9999941  0.9999955  0.999996
 0.9999959  0.9999952  0.9999944  0.9999936  0.999993   0.9999927
 0.99999285 0.99999326 0.999994   0.9999949  0.99999577 0.9999966
 0.9999973  0.9999978  0.999998   0.999998   0.99999774 0.9999974
 0.9999969  0.9999964  0.99999607 0.99999565 0.99999535 0.99999523
 0.9999951  0.9999951  0.9999951  0.99999523 0.99999523 0.9999953
 0.99999523 0.9999953  0.9999953  0.99999547 0.99999565 0.999996
 0.99999636 0.99999684 0.9999973  0.99999774 0.99999803 0.99999803
 0.99999785 0.9999975  0.9999969  0.9999962  0.9999956  0.999995
 0.9999947  0.9999946  0.99999475 0.9999951  0.99999547 0.99999577
 0.99999577 0.99999535 0.9999946  0.99999326 0.9999916  0.9999897
 0.99998796 0.9999864  0.99998534 0.9999848  0.9999849  0.9999855
 0.9999864  0.99998724 0.9999877  0.99998736 0.9999858  0.9999831
 0.99997926 0.99997467 0.99997    0.9999661  0.99996394 0.99996436
 0.99996805 0.9999748  0.9999833  0.9999913  0.99999404]","[[0.73911816 0.67682755 1.2538794  1.0675801  1.0120584  1.373398
  0.9918574  1.3207872  0.8750611 ]
 [3.482762   5.715638   0.47175267 4.319529   4.564983   5.919712
  2.069903   3.442034   6.1596565 ]
 [1.1497008  3.6951444  6.0530624  2.9174445  2.4948578  2.1958826
  2.127129   1.504947   1.5427372 ]]",trotter
241,241,4,False,"[1.0053726  1.0015221  0.9984613  0.99611664 0.99441314 0.99327415
 0.9926254  0.9923912  0.99250215 0.9928894  0.99349    0.9942448
 0.99510145 0.99601346 0.99693924 0.997845   0.998702   0.9994882
 1.0001862  1.000785   1.0012782  1.0016612  1.0019367  1.0021071
 1.0021795  1.0021617  1.0020638  1.001896   1.0016707  1.0013992
 1.0010946  1.0007688  1.0004339  1.000102   0.9997841  0.9994902
 0.99922866 0.9990079  0.9988323  0.99870706 0.9986324  0.9986085
 0.99863243 0.99869967 0.9988037  0.9989364  0.9990899  0.99925506
 0.9994228  0.9995847  0.99973506 0.9998683  0.99998206 1.0000734
 1.0001444  1.0001965  1.0002335  1.00026    1.0002792  1.0002966
 1.000315   1.0003375  1.0003651  1.000399   1.0004379  1.0004787
 1.0005203  1.0005594  1.0005926  1.0006176  1.0006324  1.000636
 1.0006281  1.000608   1.0005774  1.000537   1.0004886  1.0004328
 1.0003707  1.000301   1.0002244  1.0001367  1.000037   0.9999214
 0.9997857  0.9996269  0.9994441  0.99923587 0.9990035  0.9987527
 0.99849385 0.99824023 0.9980121  0.9978348  0.9977405  0.9977671
 0.99795943 0.9983689  0.9990514  1.0000676  1.0014834 ]","[[0.73911816 0.67682755 1.2538794  1.0675801  1.0120584  1.373398
  0.9918574  1.3207872  0.8750611 ]
 [3.482762   5.715638   0.47175267 4.319529   4.564983   5.919712
  2.069903   3.442034   6.1596565 ]
 [1.1497008  3.6951444  6.0530624  2.9174445  2.4948578  2.1958826
  2.127129   1.504947   1.5427372 ]]",trotter
242,242,4,True,"[1.         0.9999996  0.99999875 0.99999815 0.9999978  0.9999979
 0.9999981  0.99999845 0.9999988  0.9999991  0.9999994  0.9999996
 0.99999964 0.99999946 0.9999993  0.9999989  0.99999857 0.9999982
 0.9999978  0.99999756 0.99999744 0.99999744 0.9999977  0.9999979
 0.99999833 0.99999875 0.99999917 0.99999946 0.99999976 0.9999999
 0.99999994 0.99999976 0.9999996  0.9999992  0.9999988  0.99999833
 0.99999785 0.9999974  0.9999969  0.99999654 0.9999963  0.99999624
 0.9999965  0.99999684 0.9999974  0.999998   0.99999857 0.9999991
 0.99999946 0.9999997  0.9999996  0.9999993  0.9999988  0.9999981
 0.9999974  0.9999966  0.999996   0.99999547 0.99999523 0.9999951
 0.9999953  0.9999955  0.999996   0.9999966  0.99999714 0.99999774
 0.9999981  0.99999845 0.9999986  0.99999857 0.99999845 0.9999981
 0.9999977  0.99999714 0.9999966  0.99999607 0.9999956  0.9999952
 0.9999949  0.99999475 0.9999948  0.99999505 0.99999535 0.99999577
 0.999996   0.9999961  0.9999958  0.999995   0.9999935  0.9999914
 0.999989   0.9999861  0.99998343 0.99998134 0.99998033 0.9999809
 0.9999833  0.9999875  0.99999267 0.9999975  0.9999994 ]","[[1.3457624  0.70545965 0.67873544 1.2671064  1.3906081  0.5831528
  1.1604695  1.1610413  1.1417085 ]
 [3.8283277  3.351376   3.0499368  5.200752   3.973029   0.9430576
  0.20528452 1.3929739  3.8177943 ]
 [1.0621706  3.323659   3.378817   3.182711   0.902861   3.7959538
  4.167825   0.2676128  3.46451   ]]",trotter
243,243,4,False,"[0.99998945 1.0002006  1.0003402  1.0004113  1.0004201  1.0003744
 1.0002847  1.0001627  1.0000217  0.99987555 0.99973756 0.99962026
 0.9995337  0.9994872  0.9994851  0.9995288  0.9996165  0.9997435
 0.9998999  1.0000756  1.0002574  1.0004312  1.0005835  1.0007017
 1.0007764  1.0007986  1.0007663  1.0006778  1.0005385  1.0003545
 1.000137   0.99989843 0.9996536  0.99941593 0.99920005 0.99901855
 0.9988809  0.99879444 0.9987633  0.9987875  0.9988638  0.9989868
 0.9991475  0.99933594 0.9995401  0.9997486  0.9999488  1.0001304
 1.0002844  1.0004028  1.0004805  1.0005157  1.000507   1.0004569
 1.0003701  1.0002525  1.0001111  0.99995553 0.9997942  0.99963635
 0.9994914  0.9993679  0.99927247 0.9992105  0.99918634 0.99920166
 0.99925685 0.99934953 0.99947613 0.99963146 0.9998082  0.99999905
 1.0001959  1.00039    1.0005732  1.0007383  1.0008776  1.0009863
 1.001058   1.0010897  1.001078   1.0010208  1.0009161  1.0007638
 1.0005642  1.0003184  1.0000288  0.99970114 0.9993424  0.99896216
 0.9985755  0.99820036 0.99786097 0.9975846  0.99740666 0.9973663
 0.9975092  0.997885   0.9985481  0.99955595 1.000969  ]","[[1.3457624  0.70545965 0.67873544 1.2671064  1.3906081  0.5831528
  1.1604695  1.1610413  1.1417085 ]
 [3.8283277  3.351376   3.0499368  5.200752   3.973029   0.9430576
  0.20528452 1.3929739  3.8177943 ]
 [1.0621706  3.323659   3.378817   3.182711   0.902861   3.7959538
  4.167825   0.2676128  3.46451   ]]",trotter
244,244,4,True,"[0.99999994 0.99999946 0.9999983  0.9999968  0.9999954  0.99999434
 0.9999936  0.99999344 0.99999356 0.99999404 0.9999947  0.99999547
 0.99999636 0.99999714 0.9999978  0.99999833 0.9999987  0.999999
 0.999999   0.99999905 0.999999   0.9999989  0.9999988  0.99999875
 0.9999987  0.9999987  0.9999987  0.9999988  0.99999887 0.999999
 0.99999905 0.9999991  0.99999917 0.99999917 0.99999917 0.9999991
 0.9999991  0.9999991  0.99999905 0.9999989  0.9999989  0.9999989
 0.9999989  0.999999   0.99999905 0.99999917 0.9999992  0.99999934
 0.99999946 0.99999946 0.9999996  0.99999946 0.99999946 0.9999994
 0.99999934 0.99999917 0.99999905 0.9999989  0.9999988  0.9999988
 0.9999988  0.9999988  0.99999887 0.999999   0.99999917 0.9999993
 0.99999946 0.9999996  0.99999964 0.9999997  0.99999964 0.9999996
 0.9999995  0.9999995  0.99999946 0.99999946 0.9999994  0.9999994
 0.99999946 0.9999995  0.9999995  0.9999995  0.99999946 0.99999934
 0.999999   0.9999986  0.9999981  0.99999744 0.9999967  0.99999595
 0.9999951  0.9999944  0.99999386 0.9999936  0.9999937  0.9999943
 0.99999535 0.9999967  0.9999982  0.9999994  0.99999946]","[[0.7127827  1.2111233  1.1194319  0.572931   0.6352122  1.2230392
  0.62364334 0.85311687 0.61161757]
 [5.926248   0.5955813  2.182011   2.5216625  2.6056504  3.488514
  2.8806052  5.568423   0.0776606 ]
 [3.5064247  2.709689   6.2494783  3.0793524  0.03304945 1.9659448
  0.5675501  0.761327   4.5008535 ]]",trotter
245,245,4,False,"[0.99998134 1.0002887  1.000509   1.0006512  1.0007246  1.0007398
 1.0007064  1.0006349  1.0005349  1.0004148  1.0002848  1.0001513
 1.0000212  0.99990076 0.9997935  0.9997036  0.9996328  0.9995821
 0.99955213 0.9995423  0.9995508  0.99957615 0.999616   0.9996679
 0.99972904 0.9997966  0.9998677  0.9999406  1.0000125  1.000081
 1.000145   1.0002023  1.0002514  1.0002913  1.0003215  1.0003412
 1.0003487  1.0003449  1.0003293  1.0003022  1.0002645  1.0002167
 1.0001609  1.0000982  1.0000316  0.9999628  0.9998953  0.9998317
 0.99977493 0.9997284  0.9996943  0.9996755  0.99967337 0.9996887
 0.9997224  0.9997727  0.9998385  0.99991673 1.0000035  1.0000949
 1.000186   1.0002712  1.0003457  1.0004052  1.0004447  1.0004617
 1.0004537  1.0004205  1.0003622  1.0002815  1.000182   1.0000688
 0.99994737 0.9998248  0.99970764 0.9996034  0.9995181  0.9994575
 0.9994262  0.99942726 0.9994619  0.9995303  0.9996299  0.999757
 0.99990666 1.0000715  1.0002447  1.0004172  1.0005809  1.000727
 1.0008478  1.0009362  1.0009855  1.0009923  1.0009533  1.0008681
 1.0007372  1.0005636  1.0003527  1.0001113  0.9998478 ]","[[0.7127827  1.2111233  1.1194319  0.572931   0.6352122  1.2230392
  0.62364334 0.85311687 0.61161757]
 [5.926248   0.5955813  2.182011   2.5216625  2.6056504  3.488514
  2.8806052  5.568423   0.0776606 ]
 [3.5064247  2.709689   6.2494783  3.0793524  0.03304945 1.9659448
  0.5675501  0.761327   4.5008535 ]]",trotter
246,246,4,True,"[1.         0.99999934 0.9999982  0.9999972  0.99999666 0.99999666
 0.99999714 0.9999979  0.9999987  0.9999994  0.9999998  0.9999999
 0.9999995  0.99999875 0.9999978  0.99999666 0.9999955  0.9999946
 0.999994   0.99999374 0.9999939  0.9999944  0.9999953  0.9999963
 0.99999726 0.9999981  0.9999987  0.999999   0.99999905 0.9999988
 0.99999845 0.99999803 0.99999774 0.9999976  0.99999774 0.999998
 0.9999984  0.99999887 0.9999993  0.99999964 0.9999998  0.99999976
 0.9999996  0.99999917 0.9999987  0.9999982  0.9999978  0.9999975
 0.9999973  0.9999974  0.9999976  0.9999979  0.9999982  0.9999986
 0.99999887 0.99999917 0.99999934 0.99999946 0.9999994  0.99999934
 0.9999992  0.99999917 0.9999991  0.99999905 0.99999905 0.9999991
 0.9999992  0.9999993  0.9999994  0.99999946 0.99999946 0.99999934
 0.9999991  0.99999875 0.99999833 0.9999978  0.99999726 0.9999968
 0.9999964  0.99999624 0.99999636 0.99999666 0.99999714 0.9999977
 0.9999981  0.9999983  0.999998   0.999997   0.9999953  0.99999285
 0.9999898  0.99998647 0.99998325 0.9999807  0.99997944 0.99997985
 0.9999823  0.9999867  0.9999924  0.9999976  0.99999976]","[[1.1391077  1.2434949  1.321446   0.75821555 1.1817336  0.80009
  0.6257423  0.6904908  1.2362365 ]
 [5.2962813  0.65432364 6.114608   4.9792786  1.8255086  4.5664115
  0.40781242 5.0137806  5.845208  ]
 [4.291158   0.26204032 4.6505184  3.0304518  4.6491203  2.103469
  5.0050077  1.9364665  2.9465299 ]]",trotter
247,247,4,False,"[0.99999374 0.99980456 0.9996852  0.99962056 0.9995989  0.99960977
 0.9996462  0.99970126 0.9997699  0.99984723 0.999929   1.0000101
 1.0000874  1.0001547  1.00021    1.0002489  1.0002694  1.0002692
 1.0002494  1.0002109  1.0001563  1.0000902  1.0000182  0.9999454
 0.99987847 0.9998229  0.9997837  0.9997646  0.9997674  0.9997917
 0.9998359  0.9998946  0.999964   1.0000359  1.0001038  1.0001602
 1.0001992  1.0002147  1.0002047  1.0001674  1.0001036  1.0000185
 0.9999168  0.9998058  0.9996943  0.99959016 0.9995031  0.99943846
 0.9994031  0.99939996 0.9994308  0.9994935  0.9995839  0.9996971
 0.99982554 0.9999607  1.000094   1.0002177  1.0003238  1.0004065
 1.0004613  1.0004855  1.0004786  1.000442   1.0003788  1.000294
 1.0001931  1.000083   0.9999717  0.99986637 0.99977493 0.99970436
 0.9996607  0.9996488  0.9996711  0.9997286  0.9998204  0.99994147
 1.000086   1.0002438  1.000404   1.000554   1.0006799  1.0007678
 1.0008054  1.0007817  1.0006896  1.000526   1.0002924  0.9999963
 0.99965143 0.99927735 0.9989005  0.9985525  0.9982705  0.99809676
 0.99807614 0.99825644 0.9986872  0.99941814 1.0004969 ]","[[1.1391077  1.2434949  1.321446   0.75821555 1.1817336  0.80009
  0.6257423  0.6904908  1.2362365 ]
 [5.2962813  0.65432364 6.114608   4.9792786  1.8255086  4.5664115
  0.40781242 5.0137806  5.845208  ]
 [4.291158   0.26204032 4.6505184  3.0304518  4.6491203  2.103469
  5.0050077  1.9364665  2.9465299 ]]",trotter
248,248,4,True,"[0.9999997  0.99999785 0.99999213 0.9999852  0.9999791  0.9999746
 0.9999721  0.99997175 0.99997294 0.9999755  0.9999788  0.99998236
 0.99998605 0.99998945 0.9999925  0.9999949  0.9999967  0.9999979
 0.9999988  0.9999991  0.9999992  0.999999   0.9999987  0.9999983
 0.9999978  0.99999756 0.99999744 0.99999744 0.9999976  0.99999785
 0.9999982  0.9999985  0.99999875 0.9999988  0.99999875 0.99999857
 0.9999982  0.99999774 0.9999973  0.9999969  0.99999666 0.9999966
 0.9999967  0.99999696 0.99999744 0.99999803 0.9999985  0.99999905
 0.9999994  0.99999964 0.99999964 0.9999996  0.99999934 0.99999905
 0.9999986  0.9999983  0.999998   0.9999978  0.9999978  0.99999785
 0.9999981  0.9999984  0.9999986  0.99999905 0.99999934 0.9999995
 0.9999997  0.99999976 0.99999976 0.9999997  0.9999995  0.9999994
 0.9999992  0.9999991  0.9999989  0.9999988  0.9999988  0.99999887
 0.99999905 0.9999992  0.9999994  0.99999934 0.9999988  0.9999976
 0.99999535 0.9999917  0.9999867  0.99998015 0.9999725  0.9999642
 0.9999559  0.9999486  0.99994344 0.99994135 0.9999431  0.999949
 0.9999588  0.9999713  0.99998456 0.99999547 0.99999994]","[[1.217951   0.7846565  0.9846405  0.6673161  1.0806782  0.79311705
  1.1717758  1.2458748  1.1315479 ]
 [4.73538    5.7081532  2.7711444  3.0805275  0.09428319 5.246242
  5.523059   2.6057348  3.1677303 ]
 [6.003801   5.783356   1.850019   2.2145555  2.9782183  5.461178
  0.09400687 6.190849   5.489263  ]]",trotter
249,249,4,False,"[1.0010579  0.99988747 0.9990083  0.9983876  0.9979903  0.9977818
 0.99772805 0.9977957  0.99795496 0.9981776  0.9984391  0.99871826
 0.99899775 0.9992639  0.99950755 0.999722   0.9999042  1.0000542
 1.0001733  1.000265   1.0003331  1.0003814  1.0004144  1.0004351
 1.0004461  1.0004485  1.0004427  1.000428   1.0004036  1.000368
 1.00032    1.0002592  1.0001853  1.0000997  1.0000043  0.9999025
 0.9997988  0.99969757 0.9996042  0.99952334 0.9994598  0.9994169
 0.99939746 0.9994025  0.9994316  0.9994838  0.999556   0.9996452
 0.9997469  0.9998563  0.99996996 1.0000826  1.0001911  1.0002922
 1.0003827  1.000461   1.0005255  1.0005751  1.0006092  1.0006264
 1.0006276  1.000611   1.0005766  1.0005257  1.0004575  1.000374
 1.0002763  1.0001686  1.0000542  0.9999383  0.9998265  0.9997255
 0.9996423  0.9995826  0.99955124 0.9995533  0.99958986 0.9996601
 0.9997614  0.9998866  1.000027   1.000172   1.0003079  1.0004219
 1.0005004  1.000532   1.0005081  1.0004219  1.0002732  1.0000665
 0.9998113  0.99952424 0.9992258  0.9989428  0.9987057  0.99854857
 0.9985079  0.99862    0.9989219  0.999448   1.0002301 ]","[[1.217951   0.7846565  0.9846405  0.6673161  1.0806782  0.79311705
  1.1717758  1.2458748  1.1315479 ]
 [4.73538    5.7081532  2.7711444  3.0805275  0.09428319 5.246242
  5.523059   2.6057348  3.1677303 ]
 [6.003801   5.783356   1.850019   2.2145555  2.9782183  5.461178
  0.09400687 6.190849   5.489263  ]]",trotter
250,250,4,True,"[0.99999994 0.9999994  0.999998   0.9999965  0.9999953  0.9999945
 0.9999943  0.9999944  0.9999948  0.9999956  0.9999963  0.99999696
 0.9999977  0.9999983  0.9999987  0.99999917 0.99999934 0.99999946
 0.9999995  0.9999995  0.9999995  0.99999946 0.9999994  0.99999934
 0.9999994  0.9999995  0.9999995  0.9999997  0.99999976 0.9999998
 0.99999994 0.99999994 0.9999998  0.99999976 0.9999997  0.9999995
 0.9999994  0.9999992  0.99999917 0.9999991  0.99999905 0.9999991
 0.9999992  0.9999993  0.9999994  0.9999995  0.99999964 0.99999976
 0.9999999  0.9999999  0.99999994 0.9999999  0.9999998  0.9999997
 0.9999996  0.99999946 0.99999934 0.9999992  0.99999917 0.9999991
 0.9999991  0.99999917 0.9999993  0.9999994  0.9999995  0.9999996
 0.99999976 0.9999998  0.9999999  0.9999999  0.9999998  0.9999998
 0.99999976 0.99999964 0.9999996  0.9999995  0.9999995  0.9999995
 0.9999995  0.99999964 0.99999964 0.99999964 0.9999996  0.99999946
 0.99999917 0.9999987  0.999998   0.9999971  0.999996   0.9999947
 0.9999934  0.99999213 0.99999106 0.99999046 0.99999034 0.999991
 0.9999925  0.9999946  0.999997   0.99999917 0.9999998 ]","[[0.5990027  1.3389764  0.61487055 1.1944389  0.69292563 0.76909775
  0.6540347  1.4568855  0.50520813]
 [1.8230047  5.4479184  0.6558088  1.8519443  2.4076035  3.940892
  3.685705   2.3561385  1.5475762 ]
 [1.4270242  3.2337456  5.551188   5.9889183  4.270708   2.0024717
  1.2417442  0.6250306  4.494725  ]]",trotter
251,251,4,False,"[0.99999416 1.0000492  1.0001069  1.0001596  1.0002005  1.0002248
 1.0002298  1.0002141  1.0001781  1.0001243  1.0000558  0.9999779
 0.9998952  0.99981374 0.9997391  0.9996772  0.99963194 0.99960625
 0.99960345 0.99962354 0.9996647  0.99972576 0.9998015  0.99988824
 0.99997944 1.0000694  1.0001512  1.0002197  1.0002699  1.0002981
 1.0003011  1.0002784  1.0002308  1.00016    1.0000701  0.999965
 0.99985087 0.99973327 0.9996186  0.9995128  0.99942124 0.99934846
 0.99929875 0.9992737  0.9992755  0.99930406 0.99935883 0.99943703
 0.999537   0.99965453 0.9997855  0.9999264  1.0000719  1.0002179
 1.0003598  1.0004934  1.0006144  1.0007199  1.0008059  1.0008702
 1.0009099  1.0009241  1.0009115  1.0008719  1.0008056  1.0007136
 1.0005981  1.000462   1.0003093  1.000144   0.99997115 0.9997969
 0.9996272  0.9994681  0.99932635 0.9992081  0.9991188  0.99906343
 0.9990458  0.9990687  0.9991334  0.99923927 0.99938476 0.9995663
 0.99977833 1.0000144  1.000266   1.0005238  1.0007774  1.0010152
 1.001226   1.001398   1.0015193  1.0015794  1.0015672  1.0014737
 1.0012902  1.0010096  1.0006258  1.0001347  0.99953264]","[[0.5990027  1.3389764  0.61487055 1.1944389  0.69292563 0.76909775
  0.6540347  1.4568855  0.50520813]
 [1.8230047  5.4479184  0.6558088  1.8519443  2.4076035  3.940892
  3.685705   2.3561385  1.5475762 ]
 [1.4270242  3.2337456  5.551188   5.9889183  4.270708   2.0024717
  1.2417442  0.6250306  4.494725  ]]",trotter
252,252,4,True,"[0.99999994 0.9999986  0.99999505 0.9999903  0.9999858  0.9999821
 0.9999797  0.9999785  0.9999786  0.99997973 0.99998176 0.99998426
 0.9999871  0.99998987 0.99999255 0.9999948  0.99999666 0.99999803
 0.9999989  0.99999946 0.9999997  0.9999997  0.9999995  0.9999992
 0.999999   0.9999988  0.9999986  0.9999985  0.9999985  0.99999857
 0.9999986  0.9999987  0.9999988  0.999999   0.99999905 0.9999992
 0.99999934 0.99999946 0.9999996  0.9999996  0.99999964 0.9999997
 0.9999997  0.9999997  0.99999964 0.99999964 0.9999996  0.9999996
 0.9999995  0.99999946 0.9999994  0.9999994  0.9999994  0.99999934
 0.99999934 0.99999934 0.9999993  0.9999993  0.9999992  0.99999917
 0.99999917 0.9999991  0.99999917 0.99999917 0.9999992  0.9999993
 0.9999994  0.9999994  0.99999946 0.99999946 0.9999994  0.99999934
 0.9999992  0.9999991  0.99999905 0.99999887 0.99999887 0.99999887
 0.9999989  0.99999905 0.99999917 0.99999934 0.99999934 0.99999917
 0.9999988  0.9999982  0.99999726 0.99999607 0.9999946  0.99999297
 0.99999136 0.99998987 0.9999887  0.9999881  0.9999883  0.99998933
 0.99999124 0.99999386 0.9999967  0.9999991  0.99999994]","[[1.0775206  1.4345895  0.67685217 1.2249584  0.9175811  1.2338511
  0.50192577 0.95459497 0.8088166 ]
 [1.3175528  1.9559032  1.279234   2.751642   1.576268   3.2977145
  5.070996   0.32884395 5.8063955 ]
 [3.7804341  2.587291   0.6175277  0.7053298  5.652121   5.555637
  0.31298664 4.0031176  0.10167746]]",trotter
253,253,4,False,"[1.0003648  0.9996572  0.9991296  0.99876356 0.99853957 0.9984376
 0.9984385  0.9985222  0.9986689  0.998861   0.9990815  0.9993142
 0.99954605 0.9997647  0.99996126 1.0001279  1.00026    1.0003543
 1.0004109  1.0004302  1.0004163  1.0003728  1.0003052  1.00022
 1.0001234  1.0000218  0.9999212  0.99982727 0.99974465 0.9996767
 0.9996259  0.99959385 0.9995809  0.9995859  0.9996078  0.99964374
 0.9996917  0.9997484  0.99981064 0.9998757  0.9999404  1.0000027
 1.0000602  1.0001116  1.0001557  1.0001915  1.0002185  1.0002367
 1.0002463  1.0002471  1.0002395  1.0002242  1.0002009  1.0001708
 1.0001341  1.0000917  1.0000446  0.9999936  0.99994075 0.99988717
 0.9998348  0.99978596 0.9997427  0.99970734 0.99968237 0.99966943
 0.99967057 0.99968576 0.99971634 0.9997618  0.99982095 0.99989164
 0.9999715  1.0000566  1.0001432  1.000227   1.0003031  1.0003675
 1.0004157  1.000444   1.0004501  1.000432   1.000389   1.0003217
 1.0002315  1.0001222  0.9999977  0.999863   0.99972415 0.9995879
 0.9994615  0.99935234 0.99926764 0.9992146  0.9992004  0.9992314
 0.9993135  0.9994516  0.9996507  0.9999146  1.0002466 ]","[[1.0775206  1.4345895  0.67685217 1.2249584  0.9175811  1.2338511
  0.50192577 0.95459497 0.8088166 ]
 [1.3175528  1.9559032  1.279234   2.751642   1.576268   3.2977145
  5.070996   0.32884395 5.8063955 ]
 [3.7804341  2.587291   0.6175277  0.7053298  5.652121   5.555637
  0.31298664 4.0031176  0.10167746]]",trotter
254,254,4,True,"[0.9999983  0.9999976  0.99998987 0.9999798  0.9999703  0.9999632
 0.9999591  0.99995804 0.9999596  0.99996316 0.9999679  0.9999733
 0.9999786  0.9999835  0.9999876  0.9999909  0.9999934  0.9999951
 0.99999636 0.999997   0.99999756 0.99999785 0.99999803 0.9999983
 0.99999833 0.99999845 0.99999845 0.9999983  0.99999803 0.99999785
 0.9999975  0.99999726 0.999997   0.99999684 0.9999968  0.9999967
 0.9999968  0.9999968  0.9999969  0.999997   0.9999972  0.9999974
 0.99999756 0.9999978  0.9999981  0.9999984  0.9999987  0.99999905
 0.99999934 0.99999946 0.99999946 0.9999993  0.99999887 0.99999815
 0.99999726 0.9999962  0.999995   0.9999938  0.9999927  0.9999919
 0.9999915  0.9999913  0.9999916  0.9999923  0.9999933  0.99999464
 0.999996   0.9999973  0.99999845 0.9999993  0.99999964 0.9999995
 0.9999987  0.9999973  0.99999535 0.99999297 0.9999904  0.99998766
 0.99998534 0.9999835  0.9999825  0.99998236 0.9999833  0.99998516
 0.99998784 0.99999094 0.999994   0.9999966  0.9999984  0.999999
 0.9999984  0.9999966  0.9999941  0.9999915  0.9999893  0.99998826
 0.9999889  0.9999912  0.9999945  0.9999979  0.99999934]","[[1.1067739  1.2809101  0.9086189  1.3305658  1.4726888  0.5107553
  1.4398445  0.6877387  0.68329203]
 [4.921932   5.0240674  1.4443661  0.04008755 2.374842   2.1424332
  4.887924   4.6655087  3.5654888 ]
 [5.753025   2.7037795  6.0260067  5.1045475  0.20520937 0.63577217
  5.5555987  5.8163238  2.2157104 ]]",trotter
255,255,4,False,"[1.0030184  1.000933   0.9992717  0.99800617 0.9971019  0.99652076
 0.9962224  0.9961637  0.9963015  0.99659324 0.9969975  0.9974762
 0.9979935  0.9985191  0.999027   0.999496   0.99991    1.0002595
 1.0005385  1.0007468  1.0008869  1.0009652  1.0009893  1.0009699
 1.0009164  1.0008379  1.0007435  1.0006396  1.0005308  1.0004207
 1.00031    1.0001987  1.0000852  0.99996865 0.9998473  0.99972045
 0.99958926 0.999456   0.99932456 0.99920076 0.99909085 0.9990026
 0.99894255 0.9989185  0.9989337  0.99899274 0.99909496 0.9992395
 0.9994209  0.99963135 0.99986243 1.0001023  1.0003395  1.0005625
 1.0007603  1.0009229  1.0010428  1.001116   1.0011388  1.0011123
 1.0010397  1.0009258  1.0007787  1.0006073  1.000421   1.0002308
 1.0000474  0.99988014 0.9997387  0.9996301  0.9995612  0.99953634
 0.99955714 0.99962425 0.9997349  0.99988467 1.0000669  1.0002708
 1.0004866  1.0006996  1.0008953  1.0010583  1.0011724  1.0012232
 1.0011964  1.0010816  1.0008712  1.0005636  1.0001628  0.9996794
 0.9991324  0.99854964 0.9979686  0.9974349  0.9970047  0.99674207
 0.996721   0.99702156 0.9977302  0.9989386  1.0007412 ]","[[1.1067739  1.2809101  0.9086189  1.3305658  1.4726888  0.5107553
  1.4398445  0.6877387  0.68329203]
 [4.921932   5.0240674  1.4443661  0.04008755 2.374842   2.1424332
  4.887924   4.6655087  3.5654888 ]
 [5.753025   2.7037795  6.0260067  5.1045475  0.20520937 0.63577217
  5.5555987  5.8163238  2.2157104 ]]",trotter
256,256,4,True,"[0.9999998  0.9999943  0.9999819  0.99996865 0.999958   0.99995184
 0.99995035 0.99995303 0.99995863 0.9999656  0.99997264 0.9999787
 0.9999831  0.9999855  0.9999862  0.9999854  0.99998385 0.9999821
 0.99998075 0.9999804  0.9999809  0.9999824  0.9999847  0.9999875
 0.99999034 0.99999297 0.9999952  0.9999967  0.9999976  0.9999979
 0.9999978  0.9999974  0.9999967  0.99999595 0.99999523 0.99999446
 0.9999936  0.9999928  0.99999183 0.99999106 0.99999034 0.99998987
 0.99998975 0.99999005 0.99999076 0.99999183 0.99999315 0.9999945
 0.9999957  0.99999654 0.99999696 0.9999967  0.999996   0.9999949
 0.9999934  0.99999195 0.99999076 0.9999898  0.9999893  0.9999893
 0.99998975 0.9999906  0.99999166 0.99999297 0.9999943  0.9999954
 0.9999964  0.9999972  0.9999977  0.99999774 0.9999976  0.99999726
 0.9999967  0.9999962  0.99999577 0.99999565 0.99999577 0.99999636
 0.99999726 0.9999982  0.9999989  0.999999   0.99999803 0.9999955
 0.99999124 0.9999849  0.9999765  0.99996656 0.99995553 0.9999443
 0.9999341  0.9999259  0.99992114 0.9999208  0.9999254  0.99993515
 0.99994946 0.9999665  0.9999834  0.9999957  0.99999744]","[[1.4009993  0.7419555  0.8376683  0.8701036  0.562317   1.3836621
  0.6498245  0.88279825 1.2126728 ]
 [5.8125334  4.1770167  5.522341   6.130776   5.6245904  0.26596987
  3.4491956  6.2238536  6.250511  ]
 [4.6509867  5.6157093  3.9678621  4.2440314  1.6641088  1.9124281
  0.04973861 5.360133   0.5590464 ]]",trotter
257,257,4,False,"[1.0011505  0.9994485  0.99823487 0.9974487  0.9970282  0.9969091
 0.99702984 0.9973295  0.99775296 0.998249   0.99877423 0.9992904
 0.9997685  1.0001869  1.000531   1.0007938  1.0009738  1.0010757
 1.0011071  1.0010792  1.0010039  1.000894   1.0007615  1.0006174
 1.0004706  1.000328   1.0001947  1.0000732  0.9999656  0.9998726
 0.99979395 0.9997299  0.9996804  0.99964666 0.9996296  0.99963015
 0.9996499  0.99969023 0.9997508  0.9998309  0.99992836 1.0000384
 1.0001563  1.0002732  1.0003823  1.0004745  1.0005412  1.0005752
 1.0005713  1.0005265  1.0004402  1.0003159  1.0001583  0.9999764
 0.9997799  0.99957967 0.9993869  0.9992114  0.99906206 0.9989444
 0.9988632  0.99881935 0.99881226 0.9988401  0.99889994 0.9989881
 0.9991016  0.99923724 0.9993927  0.99956596 0.99975467 0.9999555
 1.0001644  1.0003752  1.00058    1.0007685  1.0009297  1.0010502
 1.0011171  1.001117   1.0010394  1.0008761  1.0006219  1.0002767
 0.99984527 0.9993378  0.9987713  0.9981663  0.9975498  0.9969524
 0.99640954 0.9959579  0.99563676 0.9954867  0.9955467  0.9958558
 0.9964502  0.9973634  0.99862546 1.0002625  1.0022957 ]","[[1.4009993  0.7419555  0.8376683  0.8701036  0.562317   1.3836621
  0.6498245  0.88279825 1.2126728 ]
 [5.8125334  4.1770167  5.522341   6.130776   5.6245904  0.26596987
  3.4491956  6.2238536  6.250511  ]
 [4.6509867  5.6157093  3.9678621  4.2440314  1.6641088  1.9124281
  0.04973861 5.360133   0.5590464 ]]",trotter
258,258,4,True,"[0.9999952  0.9999959  0.99999136 0.99998474 0.99997836 0.99997336
 0.99997056 0.9999699  0.9999711  0.99997354 0.9999769  0.99998033
 0.9999836  0.9999861  0.9999879  0.999989   0.99998933 0.9999893
 0.999989   0.99998885 0.9999888  0.9999892  0.99999005 0.9999912
 0.99999255 0.99999404 0.9999954  0.99999654 0.9999974  0.99999785
 0.9999978  0.9999975  0.99999684 0.99999607 0.9999953  0.9999945
 0.9999938  0.9999933  0.9999931  0.999993   0.999993   0.99999326
 0.99999356 0.9999938  0.9999942  0.9999946  0.99999493 0.99999535
 0.99999577 0.9999961  0.9999965  0.9999967  0.99999684 0.99999666
 0.99999636 0.9999958  0.99999505 0.99999416 0.9999932  0.99999243
 0.9999919  0.99999166 0.99999183 0.99999243 0.99999344 0.99999464
 0.99999595 0.9999972  0.9999981  0.9999987  0.99999875 0.99999833
 0.9999975  0.99999636 0.9999952  0.9999941  0.99999326 0.9999929
 0.9999931  0.9999937  0.9999947  0.9999959  0.999997   0.9999978
 0.9999979  0.99999726 0.9999956  0.9999929  0.99998933 0.9999851
 0.9999806  0.99997646 0.9999731  0.9999713  0.9999714  0.9999738
 0.99997854 0.999985   0.999992   0.9999975  0.999998  ]","[[1.4368421  0.8646408  0.9998756  0.5845347  0.83729064 1.468512
  0.8340036  1.4098527  1.2152443 ]
 [3.588602   4.6181703  2.5526679  4.4688473  5.540483   6.0950427
  1.7820777  3.0900133  5.6177135 ]
 [2.7048502  4.707847   1.0057989  6.124103   4.9464545  6.251712
  2.7939103  1.4757141  2.2759166 ]]",trotter
259,259,4,False,"[1.002562   1.0005075  0.9989797  0.99791366 0.99724454 0.9969077
 0.9968423  0.99698865 0.99729156 0.9977002  0.9981701  0.99866164
 0.999143   0.99958766 0.99997663 1.0002977  1.000544   1.0007149
 1.0008136  1.000849   1.0008302  1.0007699  1.0006809  1.0005758
 1.0004656  1.000359   1.0002638  1.0001839  1.0001208  1.0000728
 1.0000384  1.000013   0.9999916  0.9999698  0.9999432  0.9999093
 0.99986714 0.99981713 0.99976236 0.9997068  0.9996562  0.99961656
 0.9995946  0.999595   0.99962246 0.99967885 0.9997641  0.9998763
 1.0000094  1.0001571  1.0003104  1.0004586  1.0005914  1.0006987
 1.0007712  1.0008024  1.0007873  1.0007246  1.0006161  1.0004666
 1.0002842  1.0000794  0.99986506 0.99965453 0.9994622  0.99930114
 0.99918324 0.999118   0.9991119  0.9991683  0.99928594 0.99946046
 0.99968415 0.9999454  1.0002303  1.0005239  1.0008088  1.0010693
 1.0012889  1.0014541  1.0015529  1.0015768  1.0015209  1.0013834
 1.001167   1.0008787  1.0005285  1.0001302  0.99970055 0.9992596
 0.99883014 0.9984362  0.9981046  0.9978627  0.9977396  0.99776506
 0.9979699  0.99838454 0.99904025 0.99996793 1.0011978 ]","[[1.4368421  0.8646408  0.9998756  0.5845347  0.83729064 1.468512
  0.8340036  1.4098527  1.2152443 ]
 [3.588602   4.6181703  2.5526679  4.4688473  5.540483   6.0950427
  1.7820777  3.0900133  5.6177135 ]
 [2.7048502  4.707847   1.0057989  6.124103   4.9464545  6.251712
  2.7939103  1.4757141  2.2759166 ]]",trotter
260,260,4,True,"[0.99999994 0.99999964 0.99999875 0.99999785 0.99999714 0.9999968
 0.99999666 0.99999696 0.9999974  0.99999785 0.9999984  0.9999988
 0.9999992  0.99999934 0.9999994  0.9999993  0.999999   0.9999987
 0.99999833 0.9999981  0.99999785 0.9999978  0.99999785 0.999998
 0.9999983  0.9999987  0.9999991  0.9999994  0.9999997  0.9999999
 1.         0.9999999  0.9999997  0.9999994  0.99999905 0.9999986
 0.99999833 0.99999803 0.9999978  0.99999774 0.9999978  0.999998
 0.9999982  0.9999985  0.9999988  0.9999991  0.99999934 0.9999996
 0.9999997  0.99999976 0.9999997  0.9999996  0.99999946 0.99999934
 0.9999993  0.99999917 0.9999991  0.9999991  0.9999991  0.99999917
 0.99999917 0.9999992  0.9999993  0.9999993  0.9999993  0.9999992
 0.99999917 0.99999905 0.999999   0.99999887 0.99999875 0.9999987
 0.9999987  0.9999987  0.99999875 0.99999887 0.99999905 0.9999992
 0.9999994  0.99999946 0.9999995  0.99999946 0.99999917 0.9999986
 0.9999978  0.9999966  0.99999505 0.9999932  0.9999911  0.999989
 0.99998695 0.9999852  0.9999841  0.99998385 0.9999846  0.99998647
 0.9999894  0.99999297 0.9999964  0.9999987  0.9999979 ]","[[1.098113   0.80000955 0.9237108  0.5550103  0.9521513  1.0086749
  0.9823038  0.72536963 0.71112794]
 [1.1707077  6.243405   4.072828   2.1815505  0.09717769 6.0545254
  3.973788   1.3023657  2.273469  ]
 [1.451078   0.42703092 5.8937693  0.5678671  1.8912276  0.42993313
  0.08559266 2.1453786  3.2838602 ]]",trotter
261,261,4,False,"[1.000027   1.0000036  0.9999882  0.9999756  0.99996334 0.9999492
 0.9999334  0.9999164  0.9998995  0.999885   0.99987495 0.99987113
 0.9998746  0.99988574 0.99990505 0.99993116 0.9999633  0.9999982
 1.0000342  1.0000682  1.0000978  1.0001202  1.0001336  1.0001374
 1.0001308  1.0001143  1.0000898  1.0000592  1.0000246  0.9999895
 0.9999567  0.9999291  0.99990875 0.9998976  0.99989676 0.9999059
 0.99992466 0.99995106 0.99998313 1.0000185  1.0000536  1.000086
 1.0001129  1.0001321  1.0001421  1.0001423  1.0001326  1.0001135
 1.0000871  1.0000556  1.0000205  0.9999852  0.9999524  0.99992377
 0.9999014  0.9998866  0.99987966 0.9998803  0.99988717 0.9998996
 0.9999152  0.9999323  0.99994886 0.9999633  0.9999747  0.9999821
 0.99998605 0.99998707 0.99998647 0.9999863  0.99998844 0.9999948
 1.0000076  1.0000268  1.0000536  1.0000868  1.0001245  1.0001642
 1.0002011  1.0002316  1.0002495  1.0002493  1.0002263  1.0001758
 1.0000944  0.999981   0.9998354  0.999661   0.9994634  0.9992509
 0.9990349  0.9988303  0.9986544  0.9985264  0.9984693  0.998507
 0.99866503 0.99897015 0.99945015 1.0001316  1.0010419 ]","[[1.098113   0.80000955 0.9237108  0.5550103  0.9521513  1.0086749
  0.9823038  0.72536963 0.71112794]
 [1.1707077  6.243405   4.072828   2.1815505  0.09717769 6.0545254
  3.973788   1.3023657  2.273469  ]
 [1.451078   0.42703092 5.8937693  0.5678671  1.8912276  0.42993313
  0.08559266 2.1453786  3.2838602 ]]",trotter
262,262,4,True,"[0.9999981  0.9999929  0.99997556 0.9999524  0.9999285  0.99990755
 0.9998917  0.9998822  0.9998793  0.9998826  0.9998911  0.9999035
 0.99991834 0.9999343  0.99995    0.99996436 0.9999765  0.99998593
 0.9999925  0.9999962  0.99999726 0.9999963  0.99999374 0.9999903
 0.9999864  0.9999827  0.9999796  0.9999774  0.9999763  0.9999762
 0.99997705 0.99997866 0.99998105 0.99998367 0.99998647 0.99998915
 0.99999166 0.99999374 0.9999953  0.9999964  0.99999696 0.9999972
 0.99999696 0.9999965  0.9999958  0.999995   0.9999942  0.9999935
 0.9999929  0.9999925  0.9999924  0.9999925  0.9999928  0.9999934
 0.99999416 0.999995   0.9999959  0.9999967  0.9999975  0.9999981
 0.99999845 0.9999986  0.9999985  0.9999983  0.9999978  0.9999972
 0.99999654 0.99999595 0.99999523 0.99999464 0.9999943  0.99999404
 0.99999404 0.9999942  0.99999475 0.9999956  0.9999965  0.9999975
 0.9999985  0.9999993  0.9999996  0.9999992  0.999998   0.99999565
 0.99999225 0.99998766 0.99998224 0.99997616 0.9999698  0.9999637
 0.99995846 0.99995464 0.9999529  0.9999537  0.99995714 0.9999632
 0.9999716  0.9999813  0.99999064 0.99999774 0.9999995 ]","[[0.506123   1.2786385  1.2180629  0.5098032  0.79283684 1.1540587
  1.310879   0.7911208  1.2282462 ]
 [4.6724453  0.6463656  5.762147   1.3052019  2.7150881  3.084888
  1.1620325  2.8219533  2.9116788 ]
 [4.795214   4.9418335  3.917713   3.564271   3.6243231  3.3071434
  6.126719   4.9803314  5.529905  ]]",trotter
263,263,4,False,"[1.0018483  1.0004505  0.9993522  0.99852693 0.99794704 0.9975824
 0.99740237 0.99737704 0.9974764  0.99767125 0.99793375 0.9982399
 0.99856615 0.9988934  0.999205   0.9994867  0.99972963 0.9999261
 1.0000731  1.0001699  1.0002177  1.0002208  1.000185   1.0001174
 1.0000259  0.9999185  0.9998036  0.99968874 0.9995816  0.9994876
 0.99941236 0.999359   0.9993302  0.99932677 0.999349   0.99939543
 0.99946374 0.99955213 0.99965674 0.9997741  0.9999012  1.0000337
 1.0001687  1.0003029  1.0004323  1.0005544  1.0006663  1.0007648
 1.0008478  1.0009123  1.0009557  1.0009758  1.0009708  1.0009392
 1.00088    1.000792   1.0006775  1.0005372  1.0003749  1.0001945
 1.0000015  0.9998029  0.99960613 0.9994194  0.9992511  0.99910927
 0.9990012  0.9989329  0.9989093  0.9989326  0.99900275 0.9991173
 0.9992715  0.9994575  0.99966586 0.9998853  1.0001032  1.0003068
 1.0004828  1.0006193  1.0007052  1.0007328  1.0006957  1.0005916
 1.0004207  1.0001875  0.9999004  0.99956995 0.9992112  0.9988417
 0.99848086 0.9981512  0.99787605 0.99767953 0.9975868  0.9976224
 0.9978104  0.9981749  0.99873763 0.9995188  1.0005378 ]","[[0.506123   1.2786385  1.2180629  0.5098032  0.79283684 1.1540587
  1.310879   0.7911208  1.2282462 ]
 [4.6724453  0.6463656  5.762147   1.3052019  2.7150881  3.084888
  1.1620325  2.8219533  2.9116788 ]
 [4.795214   4.9418335  3.917713   3.564271   3.6243231  3.3071434
  6.126719   4.9803314  5.529905  ]]",trotter
264,264,4,True,"[0.99999994 0.9999991  0.9999971  0.99999505 0.9999935  0.9999928
 0.99999285 0.9999935  0.99999464 0.9999958  0.99999696 0.9999977
 0.9999979  0.9999977  0.9999969  0.9999959  0.9999946  0.9999932
 0.999992   0.9999911  0.99999064 0.99999064 0.9999912  0.99999213
 0.99999344 0.99999493 0.9999965  0.9999978  0.99999887 0.9999995
 0.99999964 0.99999934 0.99999857 0.9999974  0.99999607 0.99999464
 0.9999933  0.9999923  0.9999916  0.9999913  0.99999136 0.99999183
 0.99999267 0.9999938  0.999995   0.9999963  0.99999744 0.99999833
 0.999999   0.9999992  0.99999917 0.9999987  0.99999785 0.99999684
 0.9999957  0.9999946  0.99999356 0.9999927  0.99999225 0.9999921
 0.9999923  0.9999929  0.99999374 0.9999947  0.9999957  0.9999966
 0.9999973  0.9999977  0.9999977  0.9999973  0.9999967  0.999996
 0.9999952  0.9999945  0.99999404 0.999994   0.9999943  0.9999949
 0.9999957  0.9999967  0.9999976  0.99999803 0.999998   0.999997
 0.9999951  0.99999225 0.9999884  0.9999837  0.9999785  0.999973
 0.9999679  0.9999636  0.9999607  0.9999598  0.9999613  0.9999655
 0.9999722  0.99998075 0.99998987 0.9999972  0.9999992 ]","[[1.138976  1.1639488 1.499256  0.9006521 1.4093283 0.735733  0.7312304
  0.8275249 1.4657197]
 [5.078351  3.2341015 4.169268  0.5168237 1.6984192 0.9838198 4.2465925
  2.8800733 4.8831315]
 [1.134104  0.8493074 5.201264  3.1690593 0.6901873 1.1245452 4.971896
  2.3014317 4.015819 ]]",trotter
265,265,4,False,"[1.0005901  0.99990296 0.99933285 0.99888635 0.9985662  0.9983711
 0.9982951  0.9983301  0.99846286 0.9986783  0.998958   0.99928325
 0.99963325 0.99998796 1.0003299  1.0006411  1.0009084  1.0011219
 1.0012746  1.0013627  1.0013877  1.0013535  1.0012667  1.0011361
 1.0009726  1.0007881  1.0005932  1.000399   1.0002154  1.0000501
 0.99990964 0.99979806 0.9997175  0.9996672  0.99964637 0.99965125
 0.999677   0.99971926 0.9997717  0.9998299  0.9998877  0.9999411
 0.99998647 1.0000211  1.0000435  1.0000535  1.0000514  1.0000392
 1.0000186  0.9999929  0.99996537 0.9999389  0.9999167  0.99990064
 0.9998934  0.99989605 0.99990875 0.99993134 0.99996185 0.9999993
 1.0000404  1.0000825  1.0001231  1.0001582  1.0001856  1.0002017
 1.0002065  1.0001969  1.0001727  1.0001338  1.0000817  1.0000174
 0.9999439  0.9998643  0.9997825  0.999703   0.9996308  0.9995703
 0.9995267  0.9995037  0.99950415 0.9995308  0.9995847  0.99966353
 0.9997654  0.9998861  1.00002    1.0001597  1.0002977  1.0004253
 1.0005347  1.0006185  1.0006695  1.000683   1.0006566  1.0005885
 1.000481   1.0003369  1.0001628  0.9999666  0.999758  ]","[[1.138976  1.1639488 1.499256  0.9006521 1.4093283 0.735733  0.7312304
  0.8275249 1.4657197]
 [5.078351  3.2341015 4.169268  0.5168237 1.6984192 0.9838198 4.2465925
  2.8800733 4.8831315]
 [1.134104  0.8493074 5.201264  3.1690593 0.6901873 1.1245452 4.971896
  2.3014317 4.015819 ]]",trotter
266,266,4,True,"[0.9999987  0.9999927  0.9999763  0.9999552  0.9999337  0.9999152
 0.9999015  0.9998934  0.9998914  0.99989486 0.999903   0.9999146
 0.99992824 0.99994266 0.9999568  0.99996954 0.9999803  0.9999885
 0.9999941  0.99999726 0.9999982  0.99999756 0.99999565 0.99999315
 0.9999905  0.99998814 0.99998635 0.9999853  0.9999849  0.9999853
 0.99998623 0.99998754 0.99998915 0.99999076 0.9999923  0.9999937
 0.9999949  0.9999957  0.99999636 0.99999684 0.9999971  0.9999973
 0.9999975  0.99999756 0.9999976  0.9999977  0.9999977  0.99999774
 0.99999774 0.99999774 0.9999977  0.9999977  0.99999756 0.99999756
 0.99999756 0.9999976  0.9999976  0.9999976  0.99999774 0.9999978
 0.999998   0.9999981  0.9999983  0.9999983  0.99999833 0.9999983
 0.9999982  0.99999803 0.99999785 0.9999975  0.99999726 0.99999696
 0.9999967  0.9999966  0.99999666 0.9999969  0.99999726 0.99999774
 0.9999983  0.9999987  0.999999   0.999999   0.9999985  0.9999975
 0.9999959  0.9999937  0.9999909  0.99998766 0.99998426 0.99998087
 0.9999778  0.99997544 0.99997425 0.99997425 0.99997586 0.999979
 0.9999835  0.9999889  0.99999434 0.9999985  0.9999998 ]","[[1.2467026  0.5233964  0.92638195 0.66174    0.914972   0.7605927
  1.4332972  0.75612336 1.2485018 ]
 [0.08187407 2.2631335  3.5256107  1.8786072  2.5551417  4.4890356
  5.820597   3.0433834  2.7197762 ]
 [5.9160957  1.8279669  1.7786134  3.4680178  5.2437515  5.354335
  0.37576807 3.055241   4.822209  ]]",trotter
267,267,4,False,"[1.0016487  1.0001866  0.9990689  0.99826616 0.9977456  0.9974728
 0.9974111  0.9975227  0.99776983 0.9981164  0.9985261  0.99896634
 0.9994067  0.99982166 1.0001875  1.0004882  1.0007092  1.000844
 1.0008891  1.0008467  1.0007229  1.0005275  1.0002733  0.99997574
 0.9996517  0.9993183  0.998993   0.99869215 0.99843025 0.9982202
 0.99807096 0.9979897  0.99797934 0.99804115 0.9981723  0.998367
 0.9986179  0.9989154  0.99924827 0.9996042  0.9999706  1.0003351
 1.0006852  1.0010097  1.0012984  1.0015426  1.0017349  1.0018696
 1.0019433  1.0019542  1.0019026  1.0017903  1.001622   1.0014025
 1.0011398  1.0008423  1.0005203  1.0001849  0.99984753 0.9995193
 0.99921346 0.9989396  0.99870944 0.9985304  0.9984092  0.99835163
 0.99835825 0.9984287  0.99855936 0.9987441  0.99897426 0.9992381
 0.999524   0.9998179  1.0001056  1.0003735  1.0006084  1.0007986
 1.0009348  1.0010104  1.001021   1.0009651  1.0008453  1.0006657
 1.0004345  1.0001606  0.9998567  0.99953586 0.99921167 0.99889964
 0.99861467 0.9983717  0.99818474 0.9980673  0.9980324  0.99809164
 0.9982562  0.99853575 0.99893963 0.99947643 1.0001538 ]","[[1.2467026  0.5233964  0.92638195 0.66174    0.914972   0.7605927
  1.4332972  0.75612336 1.2485018 ]
 [0.08187407 2.2631335  3.5256107  1.8786072  2.5551417  4.4890356
  5.820597   3.0433834  2.7197762 ]
 [5.9160957  1.8279669  1.7786134  3.4680178  5.2437515  5.354335
  0.37576807 3.055241   4.822209  ]]",trotter
268,268,4,True,"[0.9999981  0.99999905 0.9999957  0.9999904  0.99998456 0.9999795
 0.9999758  0.9999737  0.9999734  0.9999746  0.99997693 0.99998015
 0.9999837  0.9999874  0.9999907  0.9999936  0.99999595 0.9999977
 0.9999987  0.9999992  0.9999993  0.99999917 0.9999988  0.99999845
 0.99999803 0.9999977  0.9999975  0.99999744 0.99999744 0.9999975
 0.99999774 0.99999803 0.99999833 0.9999986  0.9999989  0.99999917
 0.99999934 0.99999934 0.9999992  0.999999   0.9999985  0.9999979
 0.99999714 0.99999636 0.99999547 0.9999947  0.999994   0.99999344
 0.9999932  0.9999932  0.9999934  0.9999939  0.9999946  0.9999954
 0.9999963  0.9999972  0.9999981  0.99999875 0.9999993  0.99999964
 0.99999964 0.99999946 0.9999991  0.99999845 0.9999978  0.9999969
 0.999996   0.9999951  0.99999434 0.9999937  0.9999932  0.999993
 0.9999931  0.99999344 0.999994   0.9999948  0.99999577 0.99999684
 0.9999978  0.99999857 0.9999991  0.99999917 0.9999987  0.9999976
 0.99999595 0.9999936  0.9999908  0.99998766 0.9999845  0.9999816
 0.9999792  0.99997765 0.99997723 0.99997807 0.99998015 0.9999834
 0.99998736 0.99999154 0.99999523 0.99999785 0.9999983 ]","[[1.3139176  1.4180272  0.85419124 1.454705   1.3954705  0.50800884
  1.474602   0.90199256 1.0886385 ]
 [1.7189711  1.7156228  3.9852943  0.6203088  1.1888041  3.7001166
  1.6127912  2.8460746  3.0705857 ]
 [5.807835   2.7576172  0.5943568  5.6431355  2.082675   3.5864174
  1.3013963  1.0003301  0.575997  ]]",trotter
269,269,4,False,"[1.0020562  1.0006225  0.9995276  0.998734   0.9982033  0.9978969
 0.99777716 0.9978068  0.9979513  0.9981783  0.99845815 0.9987643
 0.9990736  0.9993679  0.99963164 0.9998541  1.0000277  1.0001497
 1.0002201  1.0002412  1.0002179  1.0001587  1.0000706  0.9999637
 0.9998472  0.9997302  0.9996204  0.99952585 0.9994513  0.9994005
 0.9993767  0.99937975 0.99940854 0.99946034 0.9995314  0.9996179
 0.9997144  0.99981576 0.99991614 1.0000118  1.000098   1.0001717
 1.0002301  1.0002724  1.000298   1.000307   1.0003011  1.0002819
 1.0002518  1.0002134  1.0001689  1.000122   1.000074   1.0000273
 0.9999836  0.99994415 0.99990946 0.9998807  0.9998571  0.99983954
 0.9998273  0.99982023 0.9998187  0.99982196 0.99983084 0.9998452
 0.99986523 0.99989146 0.9999247  0.99996436 1.0000105  1.0000623
 1.0001191  1.000178   1.000237   1.000292   1.0003387  1.0003715
 1.0003853  1.0003736  1.0003307  1.000251   1.0001296  0.9999629
 0.99974966 0.99949056 0.99918914 0.99885267 0.99849117 0.9981198
 0.9977579  0.997428   0.9971584  0.99698055 0.99693024 0.9970468
 0.99737245 0.99795216 0.99883217 1.0000601  1.001683  ]","[[1.3139176  1.4180272  0.85419124 1.454705   1.3954705  0.50800884
  1.474602   0.90199256 1.0886385 ]
 [1.7189711  1.7156228  3.9852943  0.6203088  1.1888041  3.7001166
  1.6127912  2.8460746  3.0705857 ]
 [5.807835   2.7576172  0.5943568  5.6431355  2.082675   3.5864174
  1.3013963  1.0003301  0.575997  ]]",trotter
270,270,4,True,"[0.99999994 0.9999994  0.9999982  0.9999969  0.99999595 0.9999954
 0.99999523 0.99999535 0.99999577 0.99999624 0.9999967  0.9999972
 0.9999975  0.9999978  0.99999785 0.9999979  0.99999785 0.99999774
 0.99999756 0.9999973  0.9999971  0.9999969  0.9999968  0.99999666
 0.9999966  0.9999965  0.99999654 0.99999654 0.9999966  0.9999967
 0.9999968  0.9999969  0.999997   0.9999971  0.99999714 0.99999726
 0.9999974  0.99999744 0.99999756 0.9999977  0.9999978  0.9999979
 0.9999981  0.99999815 0.9999982  0.9999982  0.99999815 0.999998
 0.9999977  0.9999973  0.9999969  0.9999965  0.99999607 0.99999565
 0.9999954  0.99999523 0.9999953  0.9999954  0.9999958  0.99999624
 0.9999967  0.99999726 0.9999977  0.9999981  0.99999833 0.99999833
 0.9999983  0.99999803 0.99999774 0.9999973  0.99999696 0.99999654
 0.9999963  0.99999607 0.999996   0.99999607 0.9999963  0.9999966
 0.999997   0.99999744 0.99999785 0.99999815 0.99999833 0.9999983
 0.9999979  0.9999972  0.999996   0.99999446 0.9999925  0.99999034
 0.999988   0.999986   0.9999843  0.9999835  0.99998367 0.9999851
 0.9999877  0.99999124 0.999995   0.99999785 0.99999803]","[[0.8668747  0.7320525  1.1810608  1.199326   0.58612776 0.68818414
  0.6609536  1.1598053  0.84568244]
 [1.6192328  4.448172   1.3451207  4.4735928  0.4017648  0.2555595
  1.2303679  5.916187   4.4395967 ]
 [4.4046526  4.2617383  1.4256176  4.8367624  3.0912561  4.0685515
  3.6941886  1.3317689  0.9692928 ]]",trotter
271,271,4,False,"[1.0000778  1.0004891  1.0007185  1.0008092  1.0007979  1.0007172
 1.0005934  1.0004475  1.0002954  1.0001485  1.0000137  0.9998963
 0.99979794 0.99971867 0.9996577  0.99961424 0.9995858  0.99957204
 0.99957216 0.99958473 0.999611   0.9996495  0.99970216 0.9997678
 0.99984616 0.9999362  1.0000372  1.0001453  1.0002582  1.0003713
 1.0004802  1.0005795  1.0006641  1.0007286  1.0007685  1.0007797
 1.0007588  1.0007042  1.0006158  1.0004948  1.0003444  1.0001689
 0.9999741  0.9997671  0.9995564  0.9993503  0.9991577  0.99898696
 0.9988456  0.99874073 0.9986766  0.99865735 0.99868315 0.998754
 0.99886644 0.99901587 0.9991961  0.99939865 0.9996152  0.9998362
 1.0000525  1.0002556  1.0004377  1.0005924  1.000715   1.0008029
 1.0008548  1.0008715  1.0008557  1.000811   1.0007424  1.0006559
 1.0005566  1.0004505  1.0003424  1.0002371  1.0001373  1.0000445
 0.99995935 0.9998814  0.9998081  0.9997372  0.9996655  0.9995898
 0.99950695 0.99941427 0.9993117  0.9991988  0.9990784  0.99895525
 0.99883604 0.9987302  0.99864954 0.99860924 0.99862576 0.99871814
 0.9989076  0.99921685 0.99966925 1.0002897  1.0011033 ]","[[0.8668747  0.7320525  1.1810608  1.199326   0.58612776 0.68818414
  0.6609536  1.1598053  0.84568244]
 [1.6192328  4.448172   1.3451207  4.4735928  0.4017648  0.2555595
  1.2303679  5.916187   4.4395967 ]
 [4.4046526  4.2617383  1.4256176  4.8367624  3.0912561  4.0685515
  3.6941886  1.3317689  0.9692928 ]]",trotter
272,272,4,True,"[1.         0.99999905 0.9999969  0.9999947  0.9999929  0.9999919
 0.99999183 0.9999924  0.9999935  0.999995   0.9999964  0.9999977
 0.9999985  0.99999887 0.9999988  0.99999833 0.99999744 0.9999964
 0.99999535 0.9999945  0.9999938  0.9999935  0.99999374 0.9999942
 0.999995   0.99999607 0.99999714 0.9999983  0.9999991  0.99999964
 0.9999998  0.9999996  0.9999991  0.9999982  0.99999714 0.99999595
 0.9999948  0.999994   0.9999933  0.9999931  0.99999315 0.9999936
 0.99999434 0.99999523 0.9999962  0.99999714 0.9999979  0.99999857
 0.99999887 0.99999905 0.999999   0.99999875 0.9999984  0.999998
 0.99999756 0.99999726 0.999997   0.99999696 0.99999696 0.9999971
 0.9999974  0.9999976  0.99999785 0.9999981  0.9999983  0.9999984
 0.9999984  0.9999984  0.99999833 0.99999833 0.9999983  0.9999983
 0.99999833 0.99999845 0.99999857 0.99999875 0.9999989  0.9999991
 0.99999917 0.99999917 0.999999   0.9999986  0.99999803 0.99999714
 0.9999959  0.99999434 0.9999924  0.99999005 0.9999874  0.9999848
 0.9999822  0.99998003 0.9999786  0.9999782  0.99997914 0.99998146
 0.9999853  0.99999005 0.9999948  0.99999815 0.9999976 ]","[[0.5272293  1.2614913  0.9715186  1.1322299  1.0125278  0.713757
  0.7431361  1.1690243  1.0667354 ]
 [4.697196   2.4404805  3.8309708  2.4545963  6.2671313  1.1358436
  4.4952326  4.093111   4.2662425 ]
 [0.15562056 4.010475   2.719519   2.3175197  0.38334814 5.5512404
  2.1772983  0.8794662  4.870595  ]]",trotter
273,273,4,False,"[0.9999977  0.99987805 0.9997835  0.99970853 0.9996504  0.9996081
 0.9995822  0.9995727  0.9995817  0.9996093  0.9996561  0.9997207
 0.9998022  0.99989533 0.9999972  1.0001022  1.0002048  1.0002987
 1.0003784  1.0004387  1.0004754  1.0004866  1.0004708  1.0004294
 1.0003645  1.0002805  1.0001825  1.0000775  0.999972   0.9998726
 0.9997864  0.99971867 0.99967414 0.9996545  0.9996617  0.9996948
 0.9997505  0.999826   0.9999153  1.0000118  1.0001091  1.0002007
 1.0002806  1.0003428  1.0003839  1.0004007  1.0003928  1.0003606
 1.0003065  1.0002344  1.0001489  1.0000557  0.99996096 0.99987084
 0.9997902  0.9997239  0.9996755  0.99964684 0.9996388  0.9996503
 0.9996794  0.9997222  0.9997753  0.9998343  0.9998944  0.9999517
 1.0000027  1.0000451  1.0000772  1.0000987  1.000111   1.0001154
 1.0001138  1.0001096  1.0001051  1.0001022  1.0001028  1.0001068
 1.000114   1.0001224  1.0001292  1.0001307  1.0001225  1.0000998
 1.0000587  0.9999954  0.99990803 0.9997963  0.99966264 0.99951136
 0.99935013 0.9991902  0.9990446  0.998931   0.9988694  0.99888194
 0.99899334 0.99923015 0.99961966 1.0001905  1.0009704 ]","[[0.5272293  1.2614913  0.9715186  1.1322299  1.0125278  0.713757
  0.7431361  1.1690243  1.0667354 ]
 [4.697196   2.4404805  3.8309708  2.4545963  6.2671313  1.1358436
  4.4952326  4.093111   4.2662425 ]
 [0.15562056 4.010475   2.719519   2.3175197  0.38334814 5.5512404
  2.1772983  0.8794662  4.870595  ]]",trotter
274,274,4,True,"[0.99999994 0.99999934 0.99999785 0.9999963  0.999995   0.9999943
 0.9999942  0.9999945  0.9999953  0.9999962  0.999997   0.99999774
 0.99999815 0.9999982  0.99999803 0.99999756 0.99999696 0.99999624
 0.99999565 0.9999952  0.99999493 0.99999493 0.99999523 0.9999957
 0.99999636 0.99999714 0.99999785 0.9999985  0.999999   0.9999993
 0.9999993  0.99999917 0.9999988  0.99999833 0.9999978  0.99999726
 0.9999967  0.99999636 0.9999961  0.99999607 0.9999962  0.99999636
 0.99999666 0.9999971  0.9999976  0.999998   0.99999845 0.99999875
 0.999999   0.99999917 0.9999993  0.9999993  0.9999992  0.99999905
 0.9999988  0.99999857 0.9999982  0.99999785 0.9999975  0.99999726
 0.999997   0.99999684 0.9999968  0.9999969  0.9999971  0.9999974
 0.9999978  0.9999982  0.9999986  0.9999989  0.99999917 0.9999992
 0.99999905 0.9999987  0.99999815 0.99999744 0.99999666 0.99999595
 0.9999953  0.9999948  0.99999464 0.9999947  0.999995   0.99999547
 0.999996   0.9999965  0.9999967  0.99999666 0.9999961  0.99999523
 0.999994   0.99999255 0.99999124 0.9999902  0.99998987 0.99999034
 0.9999917  0.9999939  0.99999636 0.9999984  0.9999986 ]","[[0.8888999  1.0099394  0.5688196  1.1151694  1.4702725  0.67727816
  0.5835495  0.91278434 0.8442765 ]
 [4.7058353  2.3489535  3.7104886  2.631103   3.7638664  1.9337056
  0.9758187  0.18525077 6.249889  ]
 [3.1013227  2.771208   4.1975803  1.1396916  4.4999056  4.430376
  3.0480704  4.3267264  1.0979216 ]]",trotter
275,275,4,False,"[1.0000185  1.0001912  1.0002745  1.0002886  1.0002525  1.0001824
 1.0000936  0.99999917 0.999908   0.99982834 0.9997646  0.9997189
 0.9996924  0.9996833  0.999689   0.99970585 0.9997301  0.999759
 0.99978834 0.999816   0.9998404  0.99985987 0.9998761  0.99988955
 0.99990135 0.9999141  0.9999303  0.9999523  0.9999812  1.0000187
 1.0000653  1.0001202  1.0001823  1.0002486  1.000317   1.0003829
 1.0004423  1.000491   1.0005254  1.0005414  1.0005369  1.0005096
 1.0004584  1.0003844  1.000289   1.0001758  1.0000482  0.99991095
 0.9997703  0.99963164 0.9995011  0.999384   0.9992852  0.9992092
 0.99915856 0.9991352  0.99913967 0.9991709  0.9992272  0.9993054
 0.9994018  0.999512   0.9996312  0.99975485 0.99987894 1.
 1.0001143  1.0002201  1.0003157  1.0004007  1.0004749  1.0005385
 1.0005924  1.000636   1.0006702  1.0006939  1.0007054  1.0007027
 1.0006818  1.0006391  1.0005698  1.0004685  1.0003303  1.000152
 0.9999303  0.9996642  0.99935645 0.9990121  0.99863994 0.9982536
 0.9978706  0.9975142  0.99721164 0.99699557 0.99690235 0.9969735
 0.9972538  0.99779034 0.9986326  0.99983245 1.001441  ]","[[0.8888999  1.0099394  0.5688196  1.1151694  1.4702725  0.67727816
  0.5835495  0.91278434 0.8442765 ]
 [4.7058353  2.3489535  3.7104886  2.631103   3.7638664  1.9337056
  0.9758187  0.18525077 6.249889  ]
 [3.1013227  2.771208   4.1975803  1.1396916  4.4999056  4.430376
  3.0480704  4.3267264  1.0979216 ]]",trotter
276,276,4,True,"[0.9999999  0.999999   0.999997   0.99999493 0.99999344 0.99999267
 0.9999928  0.9999935  0.99999464 0.9999958  0.9999969  0.99999785
 0.99999845 0.9999988  0.9999989  0.99999887 0.9999987  0.99999857
 0.9999985  0.99999845 0.99999845 0.99999857 0.9999986  0.9999988
 0.999999   0.99999917 0.9999994  0.9999995  0.9999997  0.9999998
 0.9999999  0.9999998  0.99999976 0.9999996  0.9999994  0.9999992
 0.99999905 0.99999887 0.9999988  0.99999875 0.9999988  0.9999989
 0.99999905 0.9999992  0.99999934 0.9999995  0.99999964 0.99999976
 0.9999999  0.9999999  0.9999998  0.9999998  0.9999997  0.99999964
 0.9999995  0.9999994  0.9999993  0.99999917 0.9999991  0.99999905
 0.999999   0.999999   0.99999905 0.99999905 0.9999992  0.9999993
 0.99999946 0.9999996  0.9999997  0.9999998  0.9999998  0.9999998
 0.9999997  0.99999946 0.99999917 0.99999887 0.9999985  0.9999982
 0.999998   0.9999978  0.99999774 0.99999774 0.999998   0.9999982
 0.99999845 0.9999986  0.9999987  0.9999985  0.99999815 0.99999756
 0.9999968  0.9999959  0.9999951  0.99999446 0.99999416 0.9999944
 0.9999951  0.9999964  0.9999979  0.9999993  0.99999964]","[[0.98359525 1.3386484  1.4814221  1.4382257  0.60485524 0.5166189
  1.4905913  1.2343026  0.5640132 ]
 [2.658027   3.1057582  0.8389447  2.2604578  5.205667   2.7637382
  1.1211072  3.059435   2.8396814 ]
 [4.517341   4.2700806  0.886711   5.948384   0.42586282 5.037156
  1.58412    3.1521811  5.4832664 ]]",trotter
277,277,4,False,"[1.000385   0.9994777  0.9988751  0.99852514 0.9983794  0.99839056
 0.9985167  0.9987188  0.9989648  0.9992266  0.9994826  0.9997168
 0.9999187  1.0000826  1.000206   1.0002915  1.0003433  1.0003672
 1.00037    1.000358   1.0003377  1.0003136  1.0002892  1.0002662
 1.0002452  1.0002253  1.000205   1.0001813  1.0001531  1.0001178
 1.0000749  1.0000244  0.99996716 0.9999054  0.9998423  0.99978137
 0.9997262  0.99968106 0.9996494  0.99963367 0.9996351  0.9996538
 0.9996894  0.9997387  0.9997992  0.99986625 0.99993557 1.0000026
 1.0000635  1.0001142  1.0001527  1.0001773  1.0001878  1.0001844
 1.0001694  1.0001454  1.0001144  1.0000808  1.000046   1.0000137
 0.999985   0.99996126 0.9999434  0.99993086 0.99992335 0.9999194
 0.99991864 0.9999201  0.9999232  0.999928   0.99993557 0.9999462
 0.999962   0.9999843  1.0000145  1.0000538  1.0001018  1.000158
 1.0002198  1.0002843  1.0003456  1.0003985  1.0004355  1.0004494
 1.0004333  1.000381   1.0002873  1.0001508  0.9999723  0.99975634
 0.9995123  0.9992538  0.9989996  0.9987732  0.9986029  0.9985221
 0.99856734 0.99877745 0.9991958  0.99986535 1.0008293 ]","[[0.98359525 1.3386484  1.4814221  1.4382257  0.60485524 0.5166189
  1.4905913  1.2343026  0.5640132 ]
 [2.658027   3.1057582  0.8389447  2.2604578  5.205667   2.7637382
  1.1211072  3.059435   2.8396814 ]
 [4.517341   4.2700806  0.886711   5.948384   0.42586282 5.037156
  1.58412    3.1521811  5.4832664 ]]",trotter
278,278,4,True,"[0.99999964 0.9999947  0.99998105 0.9999648  0.99994975 0.9999383
 0.9999317  0.99992996 0.9999325  0.9999384  0.99994653 0.99995583
 0.99996513 0.9999738  0.99998116 0.9999871  0.9999915  0.9999944
 0.999996   0.99999666 0.9999965  0.99999595 0.9999952  0.99999434
 0.9999936  0.9999931  0.9999927  0.99999267 0.9999928  0.99999315
 0.9999936  0.9999941  0.99999464 0.99999505 0.9999953  0.9999954
 0.9999953  0.99999505 0.9999946  0.9999941  0.9999936  0.99999326
 0.9999931  0.9999932  0.9999936  0.99999434 0.9999952  0.9999962
 0.9999971  0.99999785 0.99999833 0.9999984  0.9999981  0.9999974
 0.99999636 0.9999952  0.999994   0.99999285 0.999992   0.99999154
 0.9999915  0.99999183 0.99999255 0.99999356 0.99999475 0.999996
 0.9999972  0.9999983  0.99999905 0.9999996  0.9999998  0.9999997
 0.99999934 0.9999988  0.99999815 0.9999975  0.9999969  0.99999636
 0.999996   0.9999959  0.9999959  0.99999607 0.9999963  0.99999654
 0.99999654 0.99999636 0.99999577 0.99999475 0.9999934  0.9999916
 0.99998975 0.9999879  0.99998647 0.9999857  0.9999859  0.9999872
 0.9999897  0.99999285 0.999996   0.99999785 0.99999624]","[[1.2103938  0.75389767 0.55721647 0.62145114 1.0672253  1.1238446
  0.8535538  1.0084254  1.2906146 ]
 [5.93985    1.6654406  2.3567955  1.6440325  2.8885746  0.9746993
  0.6536956  6.2246776  5.732155  ]
 [2.5089343  1.0055634  1.2479007  2.7578332  4.441361   2.7937803
  4.404619   3.7397947  1.3067428 ]]",trotter
279,279,4,False,"[1.0003259  0.99959564 0.9991339  0.9988926  0.9988269  0.9988941
 0.99905396 0.9992719  0.9995178  0.99976605 0.9999963  1.0001947
 1.000351   1.0004598  1.0005205  1.0005344  1.0005075  1.000446
 1.0003577  1.0002514  1.000136   1.0000184  0.99990577 0.9998034
 0.9997153  0.9996448  0.9995928  0.99955976 0.9995453  0.99954855
 0.99956805 0.9996021  0.9996489  0.99970686 0.9997746  0.99985045
 0.999933   1.0000196  1.0001087  1.0001973  1.0002824  1.0003608
 1.0004286  1.0004814  1.0005163  1.000529   1.0005168  1.0004783
 1.0004125  1.0003201  1.0002036  1.0000666  0.9999138  0.9997521
 0.9995877  0.9994284  0.99928176 0.9991542  0.9990519  0.9989802
 0.998942   0.9989396  0.99897295 0.99904114 0.9991415  0.9992702
 0.99942225 0.99959224 0.9997748  0.9999634  1.0001525  1.0003362
 1.0005087  1.0006651  1.0007999  1.0009081  1.0009857  1.0010278
 1.0010297  1.000988   1.0008992  1.0007606  1.0005702  1.0003283
 1.0000361  0.9996976  0.99932003 0.99891245 0.9984889  0.9980667
 0.9976672  0.99731666 0.9970447  0.9968861  0.99687994 0.9970678
 0.9974964  0.99821335 0.99926996 1.0007187  1.002612  ]","[[1.2103938  0.75389767 0.55721647 0.62145114 1.0672253  1.1238446
  0.8535538  1.0084254  1.2906146 ]
 [5.93985    1.6654406  2.3567955  1.6440325  2.8885746  0.9746993
  0.6536956  6.2246776  5.732155  ]
 [2.5089343  1.0055634  1.2479007  2.7578332  4.441361   2.7937803
  4.404619   3.7397947  1.3067428 ]]",trotter
280,280,4,True,"[0.9999999  0.99999815 0.99999356 0.99998826 0.99998343 0.9999799
 0.99997795 0.9999776  0.99997854 0.99998057 0.9999834  0.9999864
 0.9999895  0.9999924  0.99999475 0.9999967  0.9999981  0.99999905
 0.9999995  0.99999976 0.99999976 0.99999964 0.9999995  0.99999934
 0.99999917 0.99999917 0.9999991  0.9999991  0.99999917 0.99999917
 0.9999993  0.9999993  0.9999994  0.9999995  0.9999996  0.9999997
 0.99999976 0.99999976 0.9999998  0.9999998  0.9999998  0.99999976
 0.99999976 0.9999997  0.99999964 0.9999996  0.9999995  0.9999996
 0.9999995  0.9999996  0.99999964 0.9999997  0.99999964 0.9999997
 0.99999976 0.9999997  0.99999964 0.9999996  0.9999994  0.9999993
 0.99999917 0.999999   0.9999989  0.9999989  0.999999   0.9999991
 0.9999993  0.9999995  0.9999997  0.9999999  0.99999994 0.9999999
 0.9999997  0.9999994  0.999999   0.9999985  0.999998   0.99999756
 0.99999714 0.9999969  0.99999684 0.999997   0.9999973  0.9999977
 0.9999982  0.9999987  0.99999905 0.9999994  0.9999995  0.9999994
 0.9999992  0.9999988  0.99999845 0.99999803 0.9999978  0.9999978
 0.999998   0.9999985  0.99999917 0.99999976 0.99999994]","[[1.2522277  0.6509035  1.3762716  0.83819383 0.5512617  1.4463931
  0.5210054  0.53624564 0.55009055]
 [1.5569515  3.6318583  3.3876946  1.8776867  4.120828   4.988386
  1.0671028  3.3598516  2.9808931 ]
 [0.0095356  5.1077023  3.292492   2.614646   0.5303474  2.7981439
  6.221209   3.3731089  5.942987  ]]",trotter
281,281,4,False,"[1.0000234  0.99986356 0.9997951  0.9997996  0.9998609  0.9999623
 1.0000881  1.0002235  1.0003563  1.0004745  1.0005692  1.0006332
 1.0006623  1.0006549  1.0006111  1.0005331  1.000425   1.0002937
 1.0001462  0.9999904  0.99983495 0.99968815 0.9995581  0.999451
 0.99937266 0.9993257  0.99931294 0.99933344 0.9993854  0.99946463
 0.9995659  0.99968296 0.9998084  0.99993527 1.0000559  1.0001649
 1.0002563  1.0003266  1.0003732  1.0003949  1.0003939  1.0003712
 1.0003309  1.0002776  1.0002155  1.00015    1.000086   1.000027
 0.9999764  0.99993676 0.999909   0.9998927  0.99988747 0.999891
 0.9999005  0.9999135  0.9999267  0.99993813 0.99994504 0.99994576
 0.9999403  0.99992853 0.9999118  0.999892   0.99987227 0.9998552
 0.99984443 0.9998428  0.9998534  0.9998778  0.9999175  0.9999733
 1.0000436  1.0001265  1.000219   1.0003172  1.000416   1.00051
 1.0005935  1.0006609  1.0007073  1.0007281  1.0007192  1.0006785
 1.0006056  1.0005007  1.0003661  1.0002055  1.0000248  0.99983096
 0.999633   0.9994415  0.9992676  0.99912524 0.9990282  0.9989925
 0.99903476 0.9991731  0.9994268  0.99981606 1.0003628 ]","[[1.2522277  0.6509035  1.3762716  0.83819383 0.5512617  1.4463931
  0.5210054  0.53624564 0.55009055]
 [1.5569515  3.6318583  3.3876946  1.8776867  4.120828   4.988386
  1.0671028  3.3598516  2.9808931 ]
 [0.0095356  5.1077023  3.292492   2.614646   0.5303474  2.7981439
  6.221209   3.3731089  5.942987  ]]",trotter
282,282,4,True,"[0.99999994 0.99999785 0.99999326 0.99998826 0.9999844  0.99998206
 0.9999813  0.99998206 0.99998385 0.99998623 0.9999888  0.99999136
 0.99999374 0.99999565 0.999997   0.999998   0.9999986  0.99999887
 0.9999989  0.9999988  0.99999857 0.9999984  0.9999982  0.9999982
 0.9999982  0.99999833 0.9999986  0.99999887 0.9999991  0.9999993
 0.9999994  0.99999934 0.99999917 0.99999887 0.9999984  0.99999785
 0.99999726 0.9999966  0.9999962  0.9999958  0.99999565 0.99999565
 0.9999959  0.99999624 0.9999968  0.9999974  0.99999803 0.9999985
 0.999999   0.9999993  0.99999934 0.9999993  0.9999991  0.9999987
 0.9999983  0.9999977  0.99999714 0.9999967  0.9999964  0.9999962
 0.9999961  0.9999962  0.9999964  0.9999968  0.9999972  0.9999977
 0.99999815 0.99999857 0.9999989  0.99999917 0.99999934 0.99999934
 0.9999993  0.99999905 0.9999988  0.99999845 0.99999803 0.9999976
 0.9999972  0.9999969  0.9999966  0.9999964  0.99999607 0.9999957
 0.9999948  0.9999933  0.999991   0.99998754 0.999983   0.99997747
 0.9999713  0.9999651  0.99995965 0.9999561  0.9999553  0.9999581
 0.9999647  0.9999746  0.9999862  0.9999961  0.9999995 ]","[[0.9924739  1.1673025  0.8883379  0.6418213  1.300141   0.84271604
  0.9411031  0.6113275  1.2938602 ]
 [2.3254874  4.109361   3.3946824  1.4388249  4.731927   4.1426396
  5.0373363  3.4146671  4.8808856 ]
 [5.7767057  3.6828887  4.719689   1.4935776  3.085275   4.08955
  1.4017727  5.466851   0.6242429 ]]",trotter
283,283,4,False,"[0.99998164 1.0000947  1.0002215  1.0003458  1.000454   1.0005357
 1.0005834  1.0005926  1.0005631  1.0004971  1.0003998  1.0002787
 1.0001423  1.0000004  0.9998626  0.99973786 0.9996345  0.99955755
 0.99951136 0.99949783 0.99951583 0.99956244 0.99963295 0.99972105
 0.9998206  0.99992335 1.0000234  1.0001137  1.0001899  1.0002483
 1.0002877  1.0003067  1.0003073  1.0002913  1.0002623  1.0002234
 1.0001789  1.0001326  1.0000881  1.0000464  1.0000101  0.9999803
 0.99995613 0.9999381  0.9999239  0.9999134  0.99990505 0.9998983
 0.9998922  0.9998871  0.99988365 0.9998827  0.9998861  0.9998955
 0.99991196 0.9999374  0.99997216 1.0000162  1.000068   1.0001262
 1.0001874  1.0002477  1.0003024  1.0003465  1.000376   1.0003864
 1.0003747  1.0003397  1.0002811  1.0002021  1.0001061  0.9999996
 0.99988973 0.99978554 0.9996956  0.9996274  0.999589   0.9995838
 0.9996147  0.9996806  0.999777   0.99989486 1.0000241  1.0001515
 1.0002626  1.0003421  1.000377   1.0003564  1.0002729  1.0001252
 0.99991775 0.9996617  0.9993769  0.99908954 0.9988342  0.99865204
 0.9985902  0.9987015  0.9990414  0.9996678  1.0006399 ]","[[0.9924739  1.1673025  0.8883379  0.6418213  1.300141   0.84271604
  0.9411031  0.6113275  1.2938602 ]
 [2.3254874  4.109361   3.3946824  1.4388249  4.731927   4.1426396
  5.0373363  3.4146671  4.8808856 ]
 [5.7767057  3.6828887  4.719689   1.4935776  3.085275   4.08955
  1.4017727  5.466851   0.6242429 ]]",trotter
284,284,4,True,"[1.         0.99999887 0.99999654 0.99999404 0.99999225 0.9999916
 0.999992   0.9999934  0.9999952  0.999997   0.99999845 0.99999905
 0.99999875 0.9999976  0.9999957  0.9999934  0.99999106 0.99998903
 0.9999875  0.99998665 0.9999867  0.9999875  0.999989   0.9999907
 0.99999267 0.99999464 0.9999964  0.99999785 0.99999887 0.99999946
 0.9999997  0.9999995  0.9999992  0.99999875 0.99999815 0.99999756
 0.9999971  0.9999967  0.9999964  0.9999963  0.99999636 0.99999654
 0.9999969  0.9999973  0.99999785 0.99999833 0.99999875 0.99999917
 0.99999946 0.99999964 0.99999976 0.9999997  0.9999996  0.9999994
 0.9999992  0.999999   0.9999988  0.9999987  0.9999986  0.9999986
 0.9999987  0.99999875 0.99999887 0.999999   0.99999917 0.9999992
 0.9999994  0.99999946 0.99999946 0.99999946 0.9999994  0.9999993
 0.9999991  0.9999989  0.9999987  0.9999985  0.99999833 0.9999982
 0.99999815 0.99999815 0.9999983  0.9999984  0.9999985  0.9999986
 0.9999987  0.9999987  0.9999985  0.9999981  0.9999975  0.9999967
 0.99999577 0.99999475 0.9999938  0.9999931  0.9999928  0.99999297
 0.9999938  0.99999535 0.99999726 0.99999905 0.99999964]","[[0.89349586 1.345851   0.988954   0.92824906 1.112185   0.7613935
  1.4176706  1.3895322  0.8610818 ]
 [4.7558646  4.3104     4.9214816  0.5440696  3.3464704  6.271011
  1.600806   1.3600298  1.1680287 ]
 [5.799595   1.2573208  2.0512545  5.560297   4.59557    1.8911184
  1.6664734  5.7575173  0.4716226 ]]",trotter
285,285,4,False,"[1.0000492  0.99813396 0.99684846 0.99610215 0.99580455 0.9958674
 0.99620473 0.9967374  0.9973931  0.9981075  0.998826   0.9995047
 1.0001097  1.0006167  1.0010132  1.0012937  1.0014607  1.0015234
 1.0014954  1.001393   1.0012339  1.0010368  1.0008187  1.0005943
 1.0003769  1.0001757  0.99999815 0.9998487  0.9997294  0.99964106
 0.9995825  0.9995515  0.9995463  0.99956363 0.99960124 0.9996563
 0.9997262  0.999808   0.9998991  0.9999955  1.0000943  1.0001912
 1.0002818  1.0003613  1.0004256  1.0004702  1.0004919  1.0004884
 1.0004578  1.0004002  1.0003175  1.0002126  1.0000889  0.9999527
 0.9998097  0.9996667  0.9995301  0.99940646 0.9993017  0.9992194
 0.999164   0.99913716 0.9991401  0.99917144 0.9992304  0.9993134
 0.999418   0.9995398  0.99967563 0.99982065 0.9999712  1.0001234
 1.0002732  1.0004171  1.0005515  1.0006727  1.0007763  1.0008584
 1.0009141  1.0009383  1.0009265  1.0008739  1.0007765  1.0006315
 1.0004367  1.0001934  0.9999051  0.9995775  0.9992215  0.99885035
 0.99848115 0.9981355  0.99783814 0.9976162  0.9974995  0.9975198
 0.997708   0.99809635 0.9987141  0.9995889  1.0007448 ]","[[0.89349586 1.345851   0.988954   0.92824906 1.112185   0.7613935
  1.4176706  1.3895322  0.8610818 ]
 [4.7558646  4.3104     4.9214816  0.5440696  3.3464704  6.271011
  1.600806   1.3600298  1.1680287 ]
 [5.799595   1.2573208  2.0512545  5.560297   4.59557    1.8911184
  1.6664734  5.7575173  0.4716226 ]]",trotter
286,286,4,True,"[1.         0.9999997  0.99999917 0.9999987  0.9999983  0.9999981
 0.99999815 0.9999983  0.9999985  0.9999988  0.99999905 0.9999992
 0.9999992  0.9999992  0.99999917 0.999999   0.9999988  0.99999857
 0.99999845 0.9999983  0.9999981  0.9999981  0.99999815 0.99999833
 0.99999857 0.9999988  0.9999991  0.99999946 0.99999964 0.9999998
 0.9999998  0.99999964 0.9999994  0.9999989  0.9999984  0.99999785
 0.9999973  0.9999969  0.9999966  0.9999965  0.99999666 0.99999696
 0.99999744 0.999998   0.9999985  0.99999905 0.9999994  0.99999964
 0.9999996  0.9999995  0.9999992  0.99999887 0.99999845 0.99999815
 0.9999979  0.99999774 0.9999977  0.99999774 0.9999979  0.9999982
 0.9999984  0.9999987  0.9999989  0.9999991  0.9999993  0.99999934
 0.9999994  0.9999994  0.99999934 0.9999993  0.9999992  0.99999917
 0.9999991  0.9999991  0.9999991  0.9999991  0.99999917 0.9999992
 0.9999992  0.9999992  0.9999992  0.9999991  0.9999988  0.9999984
 0.99999774 0.9999969  0.99999595 0.9999948  0.99999356 0.9999923
 0.9999912  0.9999903  0.9999898  0.99998975 0.9999903  0.9999913
 0.99999285 0.9999944  0.9999956  0.9999956  0.99999315]","[[1.4230139  1.393112   0.83108896 0.9852448  0.58543974 0.9380134
  0.5009311  1.0418117  0.7404939 ]
 [4.619522   2.5963144  3.2317877  1.932558   0.49590433 3.4607468
  5.942291   2.2721791  1.3929207 ]
 [2.389621   0.8870292  4.2359405  2.972072   4.1473336  6.2439437
  2.3822277  3.7591329  3.5654435 ]]",trotter
287,287,4,False,"[1.0000602  0.99929804 0.99877864 0.99846727 0.99833083 0.9983374
 0.9984591  0.9986678  0.99893934 0.9992516  0.9995835  0.9999175
 1.0002382  1.0005325  1.0007895  1.0009998  1.0011581  1.0012606
 1.0013056  1.0012938  1.001228   1.0011133  1.0009568  1.0007665
 1.0005518  1.0003235  1.0000932  0.9998716  0.99966925 0.9994963
 0.9993609  0.9992693  0.99922645 0.9992338  0.9992898  0.9993921
 0.99953395 0.9997071  0.99990153 1.0001053  1.0003068  1.0004935
 1.0006533  1.0007766  1.0008548  1.0008816  1.0008543  1.0007722
 1.000638   1.0004578  1.0002388  0.99999136 0.99972755 0.9994591
 0.99919975 0.99896127 0.99875563 0.9985922  0.9984796  0.99842316
 0.9984263  0.9984903  0.9986127  0.99879026 0.99901664 0.9992833
 0.9995815  0.9999001  1.0002279  1.000553   1.0008638  1.0011485
 1.0013953  1.001595   1.0017374  1.001815   1.0018206  1.0017494
 1.0015985  1.0013665  1.0010542  1.0006652  1.0002056  0.9996837
 0.9991111  0.99850255 0.99787575 0.9972517  0.9966543  0.99611115
 0.99565226 0.99531126 0.99512416 0.99512917 0.9953667  0.9958795
 0.9967105  0.9979045  0.99950564 1.0015585  1.0041068 ]","[[1.4230139  1.393112   0.83108896 0.9852448  0.58543974 0.9380134
  0.5009311  1.0418117  0.7404939 ]
 [4.619522   2.5963144  3.2317877  1.932558   0.49590433 3.4607468
  5.942291   2.2721791  1.3929207 ]
 [2.389621   0.8870292  4.2359405  2.972072   4.1473336  6.2439437
  2.3822277  3.7591329  3.5654435 ]]",trotter
288,288,4,True,"[1.         0.9999969  0.9999899  0.9999817  0.99997413 0.99996847
 0.9999649  0.99996394 0.9999651  0.99996793 0.999972   0.9999767
 0.99998146 0.999986   0.9999899  0.99999297 0.9999952  0.99999654
 0.99999726 0.99999744 0.9999973  0.99999714 0.99999684 0.99999684
 0.999997   0.9999974  0.9999979  0.9999985  0.999999   0.9999994
 0.9999996  0.9999995  0.9999992  0.9999986  0.9999979  0.9999971
 0.9999963  0.9999957  0.9999953  0.9999952  0.9999953  0.99999565
 0.99999624 0.99999696 0.99999756 0.9999983  0.9999987  0.999999
 0.99999905 0.9999989  0.9999987  0.99999833 0.99999803 0.9999977
 0.9999975  0.9999975  0.9999976  0.9999979  0.9999983  0.9999987
 0.99999905 0.9999993  0.9999994  0.9999992  0.99999887 0.99999833
 0.9999976  0.9999969  0.9999962  0.9999956  0.9999953  0.99999523
 0.9999954  0.9999958  0.9999964  0.99999714 0.9999979  0.99999857
 0.99999905 0.9999994  0.99999946 0.9999992  0.99999875 0.9999979
 0.99999696 0.99999565 0.9999941  0.9999924  0.99999046 0.9999885
 0.9999865  0.99998486 0.99998367 0.9999832  0.99998367 0.9999852
 0.9999879  0.99999154 0.99999535 0.9999985  0.99999934]","[[0.91138786 0.5045304  0.6389534  0.66919625 0.7932319  1.0456395
  0.58602697 1.2471564  1.3599623 ]
 [5.9776316  1.84001    0.5103522  0.5404542  2.9155967  1.7843944
  1.022151   5.2255363  5.7106524 ]
 [1.0634191  0.8832937  5.845361   3.014243   4.671687   1.2585208
  1.5413285  4.794841   3.4793139 ]]",trotter
289,289,4,False,"[1.0000082  1.0000751  1.000087   1.0000572  0.9999995  0.999927
 0.9998515  0.99978256 0.9997296  0.999699   0.99969465 0.9997172
 0.9997668  0.9998403  0.9999327  1.0000379  1.0001488  1.000258
 1.0003582  1.0004426  1.0005064  1.0005454  1.0005577  1.0005425
 1.0005031  1.0004412  1.0003623  1.0002719  1.0001768  1.0000825
 0.99999547 0.9999206  0.9998618  0.9998216  0.99980074 0.99979943
 0.99981517 0.9998447  0.9998843  0.99992895 0.99997437 1.0000156
 1.0000486  1.0000705  1.000079   1.0000736  1.0000551  1.0000253
 0.99998677 0.9999444  0.99990183 0.99986386 0.99983436 0.99981743
 0.99981546 0.99982995 0.99986035 0.9999056  0.9999624  1.000027
 1.0000938  1.000157   1.0002116  1.000251   1.0002725  1.0002718
 1.0002478  1.0002012  1.0001339  1.0000501  0.9999558  0.9998573
 0.99976254 0.999679   0.99961317 0.9995712  0.99955773 0.9995748
 0.99962264 0.9996983  0.9997981  0.9999143  1.00004    1.000165
 1.0002798  1.0003747  1.0004412  1.0004718  1.0004622  1.0004103
 1.0003175  1.0001884  1.0000318  0.99986035 0.9996898  0.99954015
 0.9994342  0.9993977  0.99945855 0.9996461  0.99999136]","[[0.91138786 0.5045304  0.6389534  0.66919625 0.7932319  1.0456395
  0.58602697 1.2471564  1.3599623 ]
 [5.9776316  1.84001    0.5103522  0.5404542  2.9155967  1.7843944
  1.022151   5.2255363  5.7106524 ]
 [1.0634191  0.8832937  5.845361   3.014243   4.671687   1.2585208
  1.5413285  4.794841   3.4793139 ]]",trotter
290,290,4,True,"[0.99999917 0.9999932  0.9999777  0.99995905 0.999942   0.99992925
 0.99992204 0.99992055 0.9999239  0.999931   0.9999404  0.99995077
 0.99996084 0.9999697  0.9999769  0.9999822  0.9999855  0.9999874
 0.99998826 0.9999885  0.99998844 0.9999887  0.9999892  0.9999901
 0.9999914  0.9999929  0.9999944  0.99999565 0.99999666 0.9999972
 0.99999744 0.9999972  0.9999967  0.9999961  0.9999955  0.9999951
 0.99999475 0.9999947  0.9999949  0.9999952  0.9999955  0.99999595
 0.9999963  0.99999666 0.99999696 0.9999972  0.99999744 0.9999976
 0.9999978  0.999998   0.9999982  0.9999983  0.9999983  0.99999815
 0.9999979  0.9999975  0.99999714 0.9999967  0.99999636 0.9999962
 0.99999624 0.9999965  0.99999696 0.99999756 0.9999982  0.9999989
 0.99999934 0.9999997  0.9999997  0.99999946 0.9999991  0.9999986
 0.9999981  0.9999977  0.9999973  0.99999714 0.99999714 0.9999974
 0.99999774 0.99999803 0.99999833 0.99999845 0.99999833 0.99999785
 0.99999696 0.9999958  0.99999434 0.9999926  0.99999076 0.999989
 0.99998736 0.9999862  0.9999855  0.9999857  0.99998665 0.9999885
 0.99999106 0.99999416 0.9999972  0.9999992  0.9999991 ]","[[1.0511404  0.9153376  0.94302505 0.568128   0.95063937 1.2194043
  0.73957527 0.85178447 0.9300478 ]
 [5.3929987  3.590973   3.5984461  1.8244151  6.073267   5.193545
  2.7163801  2.0364325  5.9580727 ]
 [0.86752236 3.9762273  5.793219   5.621389   1.6446458  4.8645997
  4.5212374  5.2248583  4.067117  ]]",trotter
291,291,4,False,"[1.0018184  0.9998766  0.9984495  0.99747574 0.9968941  0.9966417
 0.99665767 0.996884   0.997265   0.99775034 0.9982946  0.998858
 0.99940723 0.99991596 1.0003635  1.0007355  1.0010238  1.0012258
 1.0013433  1.0013812  1.0013477  1.0012531  1.0011094  1.0009276
 1.0007204  1.0004979  1.0002708  1.0000473  0.99983555 0.9996415
 0.99946946 0.99932337 0.9992069  0.9991221  0.99907    0.99905187
 0.9990685  0.99912024 0.9992058  0.99932426 0.9994723  0.9996468
 0.99984217 1.0000521  1.000269   1.0004836  1.0006859  1.0008656
 1.001013   1.0011182  1.0011731  1.0011714  1.0011089  1.000985
 1.000801   1.0005631  1.0002793  0.99996126 0.99962246 0.999279
 0.9989471  0.99864346 0.9983831  0.9981813  0.9980494  0.9979956
 0.99802536 0.99813986 0.9983367  0.99860847 0.9989461  0.99933577
 0.9997625  1.0002085  1.0006553  1.0010844  1.0014771  1.0018162
 1.0020864  1.002274   1.0023689  1.0023639  1.0022556  1.0020431
 1.0017309  1.0013264  1.0008411  1.0002913  0.9996965  0.99908
 0.9984686  0.9978943  0.99739057 0.9969955  0.99674964 0.99669605
 0.9968812  0.9973528  0.9981601  0.9993538  1.0009855 ]","[[1.0511404  0.9153376  0.94302505 0.568128   0.95063937 1.2194043
  0.73957527 0.85178447 0.9300478 ]
 [5.3929987  3.590973   3.5984461  1.8244151  6.073267   5.193545
  2.7163801  2.0364325  5.9580727 ]
 [0.86752236 3.9762273  5.793219   5.621389   1.6446458  4.8645997
  4.5212374  5.2248583  4.067117  ]]",trotter
292,292,4,True,"[0.9999997  0.99999845 0.9999942  0.99998957 0.9999859  0.9999838
 0.99998325 0.9999839  0.9999855  0.99998754 0.9999897  0.9999918
 0.99999356 0.999995   0.9999961  0.99999696 0.9999976  0.999998
 0.9999982  0.9999984  0.9999985  0.99999857 0.99999857 0.9999986
 0.9999986  0.99999857 0.99999845 0.99999833 0.99999815 0.999998
 0.9999978  0.9999976  0.99999744 0.9999973  0.9999972  0.9999972
 0.9999972  0.99999726 0.9999973  0.9999974  0.9999974  0.99999744
 0.99999744 0.9999974  0.99999726 0.9999971  0.9999969  0.9999967
 0.9999966  0.9999964  0.99999636 0.99999624 0.9999963  0.9999964
 0.99999654 0.9999967  0.99999696 0.99999726 0.99999756 0.99999774
 0.99999785 0.999998   0.99999803 0.99999803 0.9999979  0.9999978
 0.9999977  0.9999975  0.9999973  0.99999714 0.99999696 0.9999969
 0.9999969  0.9999969  0.9999971  0.9999973  0.99999756 0.999998
 0.9999982  0.9999985  0.9999986  0.99999857 0.9999982  0.9999975
 0.99999654 0.99999505 0.9999932  0.9999908  0.999988   0.99998486
 0.9999816  0.9999783  0.9999756  0.9999739  0.9999737  0.9999755
 0.9999794  0.9999852  0.999992   0.9999978  0.9999993 ]","[[1.4474062  0.55958104 1.0402359  1.4105792  0.67657155 0.9739085
  1.4638392  0.62102115 1.1197947 ]
 [2.62609    1.7746681  5.163245   0.08803645 2.2803183  2.8267272
  5.951197   5.355349   3.7917457 ]
 [5.344901   1.144584   1.1826993  1.210316   1.775936   4.017891
  3.2733185  3.0960922  3.44485   ]]",trotter
293,293,4,False,"[0.99999994 0.9998752  0.9998393  0.9998638  0.9999224  0.999994
 1.0000615  1.0001125  1.0001409  1.0001429  1.0001199  1.0000763
 1.0000187  0.99995476 0.9998937  0.9998426  0.99980783 0.9997953
 0.99980617 0.9998412  0.99989766 0.99997014 1.0000527  1.0001377
 1.0002172  1.0002844  1.0003326  1.0003573  1.0003563  1.0003285
 1.0002769  1.0002048  1.0001181  1.0000237  0.9999287  0.99984074
 0.9997659  0.99970955 0.99967504 0.9996646  0.9996777  0.99971235
 0.99976516 0.9998309  0.99990326 0.9999767  1.0000447  1.0001018
 1.000144   1.0001681  1.0001725  1.0001577  1.000126   1.0000803
 1.0000254  0.9999669  0.9999099  0.9998603  0.9998226  0.9998
 0.9997954  0.9998083  0.9998382  0.9998815  0.9999341  0.99999094
 1.0000453  1.0000925  1.0001267  1.0001445  1.0001438  1.0001236
 1.0000867  1.0000364  0.9999784  0.99991924 0.9998657  0.99982536
 0.99980366 0.9998047  0.9998309  0.9998812  0.99995166 1.0000376
 1.0001293  1.0002176  1.0002912  1.0003401  1.0003549  1.0003293
 1.0002604  1.0001495  1.000003   0.99983376 0.99966    0.99950534
 0.9993998  0.99937814 0.99947876 0.9997435  1.000216  ]","[[1.4474062  0.55958104 1.0402359  1.4105792  0.67657155 0.9739085
  1.4638392  0.62102115 1.1197947 ]
 [2.62609    1.7746681  5.163245   0.08803645 2.2803183  2.8267272
  5.951197   5.355349   3.7917457 ]
 [5.344901   1.144584   1.1826993  1.210316   1.775936   4.017891
  3.2733185  3.0960922  3.44485   ]]",trotter
294,294,4,True,"[0.9999999  0.9999982  0.99999404 0.99998957 0.9999857  0.9999832
 0.99998224 0.99998254 0.999984   0.9999862  0.99998873 0.9999912
 0.9999935  0.99999547 0.99999684 0.99999774 0.9999982  0.9999984
 0.9999982  0.99999803 0.9999978  0.9999976  0.99999756 0.9999977
 0.9999979  0.9999982  0.9999986  0.9999991  0.9999994  0.9999997
 0.99999976 0.99999964 0.99999946 0.99999905 0.99999857 0.99999803
 0.9999975  0.9999971  0.9999968  0.9999966  0.9999965  0.99999654
 0.99999666 0.9999969  0.99999714 0.9999974  0.99999744 0.9999975
 0.9999976  0.99999756 0.9999975  0.9999974  0.9999973  0.99999726
 0.99999726 0.9999973  0.9999974  0.99999744 0.99999744 0.9999974
 0.9999974  0.9999973  0.9999972  0.99999726 0.9999973  0.9999975
 0.9999977  0.99999803 0.99999833 0.9999986  0.99999875 0.9999987
 0.9999984  0.9999978  0.99999696 0.999996   0.999995   0.9999939
 0.9999931  0.99999243 0.9999921  0.999992   0.99999195 0.99999195
 0.9999918  0.99999106 0.9999897  0.9999875  0.99998444 0.9999807
 0.9999765  0.9999724  0.9999689  0.99996674 0.99996656 0.9999688
 0.9999738  0.99998075 0.99998873 0.9999954  0.99999714]","[[1.1289884  0.9351136  1.0214949  0.6335019  0.88889813 1.0415804
  1.062306   0.9710636  1.032631  ]
 [3.739713   5.9876847  0.5224142  4.734357   0.1039436  2.6975234
  5.0894747  5.8658004  1.068285  ]
 [3.8108554  1.4395641  1.5379993  1.7893167  3.483676   4.2865143
  5.9174066  2.8884964  5.7850237 ]]",trotter
295,295,4,False,"[1.0002499  0.9996404  0.99924207 0.99901736 0.99892986 0.99894667
 0.99903893 0.9991813  0.9993525  0.9995351  0.9997156  0.9998841
 1.0000336  1.0001608  1.0002627  1.0003401  1.0003946  1.0004281
 1.0004437  1.0004437  1.0004311  1.0004083  1.000377   1.0003389
 1.0002949  1.0002459  1.0001923  1.000136   1.000077   1.0000172
 0.99995846 0.99990326 0.9998537  0.9998127  0.9997828  0.99976677
 0.99976593 0.9997815  0.9998138  0.99986124 0.99992234 0.9999933
 1.0000695  1.0001475  1.0002208  1.0002841  1.0003328  1.000363
 1.0003704  1.000354   1.0003129  1.0002486  1.0001627  1.0000601
 0.9999445  0.9998223  0.9996988  0.99958074 0.99947345 0.99938214
 0.9993112  0.999264   0.9992431  0.9992496  0.99928445 0.99934566
 0.9994325  0.9995421  0.9996715  0.99981713 0.99997514 1.0001402
 1.000308   1.0004731  1.0006299  1.0007724  1.0008945  1.0009904
 1.0010531  1.0010768  1.0010562  1.0009863  1.0008631  1.000684
 1.00045    1.0001621  0.9998256  0.9994491  0.9990442  0.99862725
 0.99821806 0.9978425  0.99752855 0.99730986 0.9972255  0.9973159
 0.99762756 0.9982073  0.9991072  1.000379   1.002076  ]","[[1.1289884  0.9351136  1.0214949  0.6335019  0.88889813 1.0415804
  1.062306   0.9710636  1.032631  ]
 [3.739713   5.9876847  0.5224142  4.734357   0.1039436  2.6975234
  5.0894747  5.8658004  1.068285  ]
 [3.8108554  1.4395641  1.5379993  1.7893167  3.483676   4.2865143
  5.9174066  2.8884964  5.7850237 ]]",trotter
296,296,4,True,"[0.9999999  0.99999917 0.9999972  0.9999953  0.9999939  0.9999934
 0.9999937  0.9999945  0.99999577 0.99999696 0.9999981  0.9999987
 0.99999875 0.9999983  0.9999972  0.99999577 0.9999941  0.99999255
 0.9999911  0.99999017 0.9999898  0.99999    0.9999908  0.9999921
 0.9999936  0.99999535 0.9999969  0.9999982  0.99999917 0.9999996
 0.9999996  0.9999992  0.99999857 0.9999979  0.9999972  0.9999967
 0.99999654 0.9999966  0.99999696 0.99999756 0.99999815 0.9999986
 0.9999989  0.99999875 0.9999983  0.99999726 0.99999595 0.9999944
 0.9999928  0.9999912  0.9999899  0.9999891  0.9999888  0.9999891
 0.99999    0.99999136 0.9999929  0.9999947  0.99999636 0.99999774
 0.9999987  0.999999   0.9999987  0.99999774 0.9999963  0.9999944
 0.99999225 0.99999005 0.999988   0.9999862  0.99998474 0.99998385
 0.99998355 0.99998385 0.9999848  0.9999863  0.99998826 0.9999905
 0.9999929  0.9999951  0.99999684 0.9999977  0.99999726 0.9999952
 0.9999911  0.999985   0.9999769  0.999967   0.9999559  0.99994457
 0.99993396 0.9999253  0.99991995 0.99991894 0.999923   0.99993217
 0.999946   0.9999628  0.99998003 0.9999939  0.9999997 ]","[[1.1853725  1.4336828  1.2633935  0.7185535  0.66457856 0.52413774
  0.85926676 1.3415271  1.0981246 ]
 [3.8806376  3.224341   3.2732933  1.0261136  5.817268   0.16749401
  4.6201816  4.19382    3.7873437 ]
 [0.04984006 2.1342678  4.840019   2.0286841  5.997874   3.1725075
  4.1737533  4.07009    3.9259603 ]]",trotter
297,297,4,False,"[1.0003623  0.99935246 0.9986206  0.99813706 0.99787366 0.9978016
 0.9978927  0.9981179  0.998449   0.9988582  0.9993177  0.9998015
 1.000284   1.0007423  1.0011562  1.0015092  1.0017878  1.0019822
 1.0020872  1.0021042  1.0020357  1.0018893  1.0016775  1.0014132
 1.0011121  1.0007914  1.0004673  1.0001562  0.9998717  0.99962646
 0.9994292  0.9992864  0.99920046 0.99917126 0.9991958  0.9992682
 0.9993802  0.9995232  0.99968576 0.9998582  1.0000294  1.0001913
 1.000334   1.0004519  1.0005401  1.0005959  1.0006188  1.0006095
 1.000571   1.0005082  1.0004264  1.000331   1.0002295  1.0001271
 1.0000304  0.9999443  0.99987227 0.99981797 0.99978137 0.9997633
 0.9997617  0.99977475 0.9997996  0.99983215 0.9998689  0.99990666
 0.99994266 0.9999742  1.0000005  1.0000216  1.0000384  1.0000517
 1.0000638  1.0000774  1.0000939  1.0001147  1.0001403  1.0001698
 1.0002005  1.0002295  1.0002505  1.0002581  1.0002453  1.0002053
 1.000132   1.0000204  0.99986774 0.9996745  0.999444   0.9991841
 0.99890697 0.9986296  0.99837416 0.9981658  0.9980353  0.9980168
 0.99814725 0.9984657  0.9990131  0.99982965 1.0009563 ]","[[1.1853725  1.4336828  1.2633935  0.7185535  0.66457856 0.52413774
  0.85926676 1.3415271  1.0981246 ]
 [3.8806376  3.224341   3.2732933  1.0261136  5.817268   0.16749401
  4.6201816  4.19382    3.7873437 ]
 [0.04984006 2.1342678  4.840019   2.0286841  5.997874   3.1725075
  4.1737533  4.07009    3.9259603 ]]",trotter
298,298,4,True,"[0.9999999  0.99999917 0.9999975  0.9999957  0.99999416 0.9999934
 0.9999933  0.9999939  0.9999949  0.999996   0.9999971  0.99999785
 0.99999833 0.99999845 0.9999981  0.99999744 0.9999965  0.9999955
 0.9999946  0.99999386 0.99999344 0.9999933  0.9999935  0.99999404
 0.9999949  0.99999577 0.9999968  0.9999977  0.99999857 0.99999917
 0.9999995  0.99999964 0.99999946 0.999999   0.99999833 0.9999975
 0.99999654 0.99999565 0.99999475 0.999994   0.9999934  0.999993
 0.99999285 0.99999285 0.99999315 0.9999936  0.99999416 0.9999949
 0.99999565 0.9999964  0.9999971  0.9999977  0.9999981  0.9999984
 0.99999845 0.99999845 0.9999983  0.999998   0.9999977  0.99999744
 0.9999971  0.9999969  0.9999968  0.9999969  0.9999971  0.99999726
 0.99999756 0.9999979  0.9999982  0.9999985  0.9999987  0.99999887
 0.9999989  0.999999   0.999999   0.9999989  0.9999989  0.999999
 0.999999   0.99999905 0.99999905 0.999999   0.99999887 0.9999987
 0.99999833 0.99999785 0.99999726 0.9999965  0.9999957  0.999995
 0.9999943  0.99999374 0.9999934  0.99999356 0.99999404 0.9999949
 0.99999607 0.9999974  0.9999987  0.99999946 0.9999993 ]","[[0.7838388  0.95175105 1.3823624  0.6108634  0.6044954  0.7512432
  0.7022328  0.64190006 1.2153095 ]
 [4.591358   3.2242622  0.20134264 1.917798   0.5339379  4.05186
  5.0313153  4.9089823  0.75202346]
 [2.3759308  1.0366123  1.2627051  6.258702   6.0765147  3.697823
  1.3738923  2.3348556  2.19145   ]]",trotter
299,299,4,False,"[1.000801   1.0000064  0.99941903 0.9990093  0.99874824 0.99860847
 0.9985661  0.9985985  0.9986858  0.9988107  0.9989586  0.9991177
 0.9992791  0.99943477 0.9995801  0.9997117  0.99982786 0.99992836
 1.0000132  1.0000837  1.0001407  1.0001866  1.0002226  1.0002493
 1.0002687  1.0002806  1.0002862  1.0002853  1.0002778  1.0002635
 1.0002428  1.0002147  1.00018    1.0001395  1.0000935  1.0000429
 0.9999898  0.9999352  0.9998817  0.99983084 0.9997839  0.99974346
 0.9997101  0.9996854  0.9996696  0.99966335 0.99966544 0.9996754
 0.99969214 0.99971366 0.99973845 0.99976426 0.9997904  0.99981445
 0.9998356  0.9998533  0.9998673  0.99987817 0.99988633 0.9998937
 0.9999018  0.99991286 0.9999285  0.99995065 0.99998087 1.000021
 1.0000712  1.0001312  1.0002005  1.0002773  1.0003592  1.0004426
 1.000524   1.0005995  1.0006638  1.000713   1.0007423  1.0007477
 1.0007257  1.0006738  1.0005903  1.0004754  1.0003291  1.0001544
 0.9999544  0.99973506 0.9995018  0.9992627  0.9990271  0.9988051
 0.9986073  0.9984469  0.99833584 0.9982879  0.99831814 0.99843997
 0.9986698  0.999022   0.9995136  1.00016    1.000978  ]","[[0.7838388  0.95175105 1.3823624  0.6108634  0.6044954  0.7512432
  0.7022328  0.64190006 1.2153095 ]
 [4.591358   3.2242622  0.20134264 1.917798   0.5339379  4.05186
  5.0313153  4.9089823  0.75202346]
 [2.3759308  1.0366123  1.2627051  6.258702   6.0765147  3.697823
  1.3738923  2.3348556  2.19145   ]]",trotter
300,0,5,True,"[0.99999994 0.99999976 0.9999993  0.9999989  0.99999875 0.9999987
 0.99999887 0.99999905 0.9999993  0.9999995  0.9999996  0.99999976
 0.9999998  0.99999976 0.99999976 0.99999964 0.9999995  0.99999946
 0.99999934 0.9999994  0.99999934 0.9999994  0.9999995  0.9999996
 0.99999964 0.99999964 0.9999997  0.99999976 0.99999976 0.9999997
 0.9999997  0.9999997  0.9999997  0.99999976 0.99999976 0.9999998
 0.9999998  0.9999998  0.9999998  0.99999976 0.99999976 0.9999997
 0.9999997  0.9999997  0.9999997  0.9999997  0.9999998  0.9999998
 0.9999999  0.9999999  0.99999994 0.99999994 0.9999999  0.9999998
 0.9999998  0.99999976 0.99999976 0.9999997  0.99999964 0.9999996
 0.9999996  0.9999996  0.9999996  0.99999964 0.99999964 0.9999997
 0.99999976 0.99999976 0.9999998  0.9999998  0.9999998  0.99999976
 0.9999997  0.99999964 0.9999996  0.9999995  0.9999994  0.9999993
 0.9999992  0.9999991  0.99999905 0.9999991  0.9999991  0.9999992
 0.99999934 0.9999995  0.99999964 0.9999997  0.99999964 0.99999934
 0.99999887 0.99999815 0.99999726 0.99999624 0.99999547 0.999995
 0.9999951  0.99999595 0.99999744 0.9999991  1.        ]","[[1.1084516  0.84818166 0.5396095  1.1631604  0.5571137  1.2952546
  1.4684646  0.8045256  1.3302102  1.4482431  0.66890115 1.2357948 ]
 [0.56312776 3.124217   2.8087478  1.7890518  3.8127701  2.2667167
  5.550629   0.38275865 2.9906583  5.577903   0.81822896 0.5067667 ]
 [5.2823787  4.568585   3.875927   1.9945028  1.4454052  0.3918315
  0.07763462 1.3192836  5.78086    5.7913017  5.8605647  5.2795973 ]]",trotter
301,1,5,False,"[1.0000178  0.99924177 0.99877405 0.9985529  0.99852204 0.99863166
 0.99883866 0.9991054  0.9993998  0.9996954  0.99997115 1.0002106
 1.0004028  1.0005399  1.0006196  1.0006421  1.0006112  1.0005343
 1.0004199  1.0002794  1.0001245  0.99996746 0.99981976 0.9996913
 0.99959123 0.9995252  0.9994961  0.9995051  0.9995489  0.9996228
 0.99971944 0.99983    0.9999452  1.000056   1.0001533  1.0002311
 1.000284   1.0003096  1.0003084  1.0002818  1.0002346  1.0001731
 1.0001029  1.0000311  0.9999653  0.9999093  0.9998683  0.9998448
 0.9998388  0.99985    0.99987584 0.99991244 0.9999562  1.0000015
 1.0000458  1.0000832  1.0001118  1.00013    1.0001367  1.0001326
 1.0001187  1.0000969  1.0000703  1.0000418  1.0000135  0.99998826
 0.99996746 0.9999517  0.9999421  0.99993783 0.99993885 0.999943
 0.9999492  0.9999569  0.9999636  0.99996996 0.99997485 0.9999782
 0.99998075 0.99998266 0.99998486 0.9999872  0.9999909  0.9999949
 0.99999994 1.0000048  1.0000087  1.0000114  1.0000116  1.0000087
 1.000002   0.99999195 0.9999786  0.99996334 0.99994725 0.9999333
 0.9999244  0.9999238  0.9999357  0.99996495 1.0000166 ]","[[1.1084516  0.84818166 0.5396095  1.1631604  0.5571137  1.2952546
  1.4684646  0.8045256  1.3302102  1.4482431  0.66890115 1.2357948 ]
 [0.56312776 3.124217   2.8087478  1.7890518  3.8127701  2.2667167
  5.550629   0.38275865 2.9906583  5.577903   0.81822896 0.5067667 ]
 [5.2823787  4.568585   3.875927   1.9945028  1.4454052  0.3918315
  0.07763462 1.3192836  5.78086    5.7913017  5.8605647  5.2795973 ]]",trotter
302,2,5,True,"[0.99999994 0.9999954  0.9999849  0.9999731  0.99996305 0.99995637
 0.9999537  0.99995464 0.99995863 0.9999645  0.99997115 0.9999777
 0.99998343 0.99998766 0.99999046 0.9999918  0.99999213 0.9999917
 0.99999106 0.99999046 0.9999903  0.9999905  0.99999136 0.9999925
 0.9999939  0.9999954  0.9999968  0.9999979  0.99999875 0.9999992
 0.9999994  0.9999992  0.9999988  0.9999983  0.99999756 0.99999684
 0.9999962  0.9999956  0.9999952  0.999995   0.9999951  0.99999535
 0.9999958  0.9999965  0.9999971  0.9999977  0.99999815 0.9999985
 0.9999986  0.9999986  0.9999984  0.9999981  0.9999978  0.99999756
 0.99999744 0.9999975  0.9999977  0.99999803 0.9999984  0.9999988
 0.9999991  0.9999992  0.99999917 0.9999988  0.9999983  0.99999756
 0.9999969  0.9999962  0.9999957  0.99999547 0.9999955  0.99999577
 0.99999624 0.9999968  0.9999972  0.9999975  0.99999756 0.9999974
 0.9999969  0.9999965  0.99999595 0.99999565 0.9999955  0.9999956
 0.9999958  0.99999607 0.99999624 0.999996   0.99999535 0.9999942
 0.99999255 0.99999064 0.9999887  0.99998707 0.9999861  0.99998635
 0.9999879  0.9999908  0.9999946  0.9999983  1.        ]","[[0.79508424 0.688909   1.2901595  1.0854708  1.2449348  0.8265347
  1.0436289  0.5763476  1.4834694  1.2048802  1.3677348  0.5874825 ]
 [1.6149663  0.35641804 0.7329878  5.661616   6.0022206  4.1613107
  6.0629272  0.8261342  5.744327   2.0375404  0.5062863  1.3143735 ]
 [5.246914   2.305168   4.3886337  1.2589391  0.21207403 2.3591976
  2.8056056  0.8729704  1.2065614  5.5838757  3.7198899  2.746338  ]]",trotter
303,3,5,False,"[1.0002437  0.9988559  0.99789244 0.9973094  0.99705756 0.99708354
 0.99733067 0.99774176 0.9982609  0.9988353  0.9994169  0.9999648
 1.0004456  1.0008354  1.0011193  1.0012914  1.001355   1.00132
 1.0012028  1.0010228  1.000802   1.0005631  1.0003262  1.000109
 0.9999261  0.99978614 0.9996953  0.99965334 0.99965876 0.99970543
 0.99978626 0.9998922  1.0000147  1.0001453  1.0002754  1.0003977
 1.0005065  1.000597   1.0006644  1.0007056  1.0007175  1.0007
 1.0006515  1.0005724  1.0004652  1.000332   1.0001782  1.0000103
 0.9998353  0.9996629  0.99950284 0.9993648  0.9992592  0.99919325
 0.9991743  0.99920577 0.9992877  0.9994171  0.99958754 0.9997885
 1.0000073  1.000229   1.0004394  1.0006213  1.0007638  1.0008557
 1.0008907  1.0008665  1.0007873  1.0006591  1.000494   1.0003064
 1.000112   0.9999277  0.99976796 0.99964625 0.99957186 0.99955
 0.99958086 0.9996608  0.999781   0.99992996 1.0000923  1.0002517
 1.0003921  1.0004971  1.0005527  1.000549   1.000479   1.0003412
 1.0001394  0.9998844  0.9995919  0.99928564 0.9989949  0.99875677
 0.9986137  0.99861485 0.9988165  0.9992794  1.0000714 ]","[[0.79508424 0.688909   1.2901595  1.0854708  1.2449348  0.8265347
  1.0436289  0.5763476  1.4834694  1.2048802  1.3677348  0.5874825 ]
 [1.6149663  0.35641804 0.7329878  5.661616   6.0022206  4.1613107
  6.0629272  0.8261342  5.744327   2.0375404  0.5062863  1.3143735 ]
 [5.246914   2.305168   4.3886337  1.2589391  0.21207403 2.3591976
  2.8056056  0.8729704  1.2065614  5.5838757  3.7198899  2.746338  ]]",trotter
304,4,5,True,"[0.99999994 0.9999998  0.9999997  0.99999946 0.9999994  0.9999994
 0.9999996  0.9999998  0.9999998  0.99999994 1.         1.
 0.9999999  0.9999998  0.99999976 0.99999964 0.9999996  0.9999996
 0.9999995  0.9999996  0.99999964 0.9999997  0.99999976 0.9999998
 0.9999998  0.9999998  0.9999998  0.9999998  0.9999999  0.9999999
 0.9999999  0.9999998  0.9999998  0.99999976 0.99999976 0.9999998
 0.9999998  0.9999998  0.9999999  0.99999994 0.99999994 1.
 0.99999994 0.99999994 0.9999999  0.9999998  0.99999976 0.99999976
 0.9999997  0.99999964 0.9999996  0.99999964 0.99999964 0.99999964
 0.9999997  0.99999976 0.9999998  0.99999994 0.99999994 0.99999994
 0.99999994 0.99999994 0.9999999  0.9999998  0.99999976 0.99999976
 0.9999997  0.9999997  0.9999997  0.9999997  0.99999976 0.9999998
 0.9999998  0.9999998  0.99999976 0.99999976 0.9999997  0.99999964
 0.9999995  0.99999946 0.9999994  0.9999994  0.99999946 0.99999946
 0.9999996  0.99999964 0.99999976 0.9999999  0.99999994 0.99999994
 0.9999999  0.99999976 0.9999996  0.9999993  0.99999905 0.99999887
 0.9999988  0.999999   0.99999934 0.99999976 1.        ]","[[0.9170923  0.6391277  0.6889683  1.150625   0.7218828  0.9476449
  0.5965049  1.4742602  1.0589458  1.3043133  0.9256918  1.376782  ]
 [4.9696302  0.09235006 2.2256787  0.35345632 0.30915952 4.6135488
  2.5223482  4.000776   2.3719232  1.570467   0.35151422 1.170793  ]
 [2.7840931  0.88783073 3.6365557  0.2509055  3.004039   0.5300507
  1.9248093  4.82386    0.53698176 1.6234553  1.1658452  1.04408   ]]",trotter
305,5,5,False,"[1.0000323  0.99986386 0.9997652  0.99971896 0.99971086 0.9997293
 0.99976486 0.99981135 0.99986297 0.99991673 0.999969   1.0000188
 1.0000645  1.0001051  1.0001404  1.0001682  1.0001897  1.0002027
 1.0002077  1.0002037  1.0001917  1.0001714  1.0001434  1.0001104
 1.000073   1.0000335  0.99999493 0.9999592  0.9999283  0.9999044
 0.9998887  0.99988276 0.9998852  0.999897   0.9999158  0.9999399
 0.99996746 0.99999565 1.0000219  1.000044   1.0000598  1.0000688
 1.0000689  1.0000608  1.0000451  1.0000232  0.9999963  0.99996704
 0.9999374  0.99990946 0.9998856  0.9998674  0.99985594 0.9998526
 0.999857   0.9998695  0.9998894  0.99991524 0.9999465  0.99998087
 1.0000175  1.0000539  1.000089   1.0001208  1.0001477  1.0001688
 1.0001823  1.0001873  1.0001831  1.0001692  1.0001454  1.000112
 1.0000701  1.0000209  0.9999658  0.9999076  0.999849   0.9997929
 0.9997426  0.99970144 0.9996722  0.9996576  0.9996595  0.9996786
 0.9997153  0.99976844 0.99983597 0.9999143  0.99999917 1.0000857
 1.0001688  1.0002426  1.0003016  1.0003413  1.0003575  1.0003482
 1.0003123  1.0002515  1.000169   1.0000713  0.99996656]","[[0.9170923  0.6391277  0.6889683  1.150625   0.7218828  0.9476449
  0.5965049  1.4742602  1.0589458  1.3043133  0.9256918  1.376782  ]
 [4.9696302  0.09235006 2.2256787  0.35345632 0.30915952 4.6135488
  2.5223482  4.000776   2.3719232  1.570467   0.35151422 1.170793  ]
 [2.7840931  0.88783073 3.6365557  0.2509055  3.004039   0.5300507
  1.9248093  4.82386    0.53698176 1.6234553  1.1658452  1.04408   ]]",trotter
306,6,5,True,"[0.99999994 0.99999875 0.99999624 0.9999937  0.9999917  0.99999076
 0.99999064 0.99999124 0.9999923  0.9999936  0.9999948  0.9999958
 0.99999654 0.99999696 0.9999971  0.999997   0.99999684 0.99999666
 0.99999654 0.99999654 0.99999666 0.9999969  0.99999726 0.9999976
 0.999998   0.9999984  0.9999987  0.999999   0.9999991  0.9999993
 0.99999934 0.99999934 0.9999993  0.9999992  0.99999905 0.99999887
 0.99999857 0.99999833 0.9999981  0.9999979  0.9999978  0.99999774
 0.9999978  0.999998   0.9999983  0.9999985  0.9999988  0.9999989
 0.999999   0.999999   0.9999988  0.99999857 0.99999833 0.99999815
 0.99999803 0.99999815 0.99999833 0.9999987  0.99999905 0.99999934
 0.9999996  0.99999964 0.9999994  0.999999   0.9999983  0.99999744
 0.9999966  0.9999957  0.999995   0.9999945  0.9999943  0.9999943
 0.9999945  0.99999493 0.99999535 0.9999958  0.99999624 0.9999966
 0.9999968  0.9999969  0.99999684 0.9999966  0.99999607 0.9999951
 0.99999344 0.99999094 0.9999873  0.9999825  0.9999765  0.9999695
 0.99996203 0.9999547  0.99994856 0.9999446  0.99994403 0.9999476
 0.99995565 0.9999677  0.99998176 0.99999446 0.99999994]","[[1.1775132  1.0955321  1.4107832  0.6824127  0.6680295  0.6180085
  1.0514212  0.6389146  1.1759475  0.93085986 0.9090267  1.4549588 ]
 [0.34456    5.9098735  3.9060216  0.13736352 6.0619974  0.22372398
  0.26241627 0.39485756 4.9709787  3.2998862  6.2769213  1.2355546 ]
 [1.1654292  2.990289   1.7623469  5.8922014  1.0685035  5.7650433
  2.018636   5.733276   3.335448   0.8824482  5.431824   1.5381395 ]]",trotter
307,7,5,False,"[1.0001726  0.9995987  0.9992345  0.9990409  0.99898267 0.999026
 0.9991416  0.99930304 0.99948657 0.9996731  0.99984837 0.9999989
 1.000119   1.0002036  1.0002525  1.0002693  1.0002569  1.0002229
 1.0001745  1.0001197  1.0000645  1.0000172  0.99998015 0.99995756
 0.99995095 0.9999595  0.9999809  1.0000123  1.00005    1.0000901
 1.0001284  1.0001628  1.0001905  1.0002104  1.0002227  1.0002276
 1.0002265  1.0002203  1.0002115  1.0002002  1.0001878  1.0001737
 1.0001577  1.000139   1.0001152  1.0000857  1.00005    1.0000062
 0.999956   0.99989986 0.99984086 0.9997821  0.9997282  0.9996843
 0.9996552  0.9996454  0.99965966 0.9997006  0.99976915 0.9998646
 0.9999847  1.0001228  1.0002725  1.0004256  1.0005715  1.0007005
 1.0008023  1.0008687  1.0008928  1.00087    1.0008004  1.000685
 1.0005295  1.0003436  1.000137   0.9999227  0.9997146  0.99952537
 0.99936783 0.9992514  0.9991836  0.99916816 0.9992051  0.9992908
 0.9994178  0.99957633 0.99975437 0.9999388  1.0001155  1.0002717
 1.0003968  1.0004818  1.0005215  1.000515   1.0004646  1.0003778
 1.0002656  1.0001423  1.0000266  0.99993837 0.9998999 ]","[[1.1775132  1.0955321  1.4107832  0.6824127  0.6680295  0.6180085
  1.0514212  0.6389146  1.1759475  0.93085986 0.9090267  1.4549588 ]
 [0.34456    5.9098735  3.9060216  0.13736352 6.0619974  0.22372398
  0.26241627 0.39485756 4.9709787  3.2998862  6.2769213  1.2355546 ]
 [1.1654292  2.990289   1.7623469  5.8922014  1.0685035  5.7650433
  2.018636   5.733276   3.335448   0.8824482  5.431824   1.5381395 ]]",trotter
308,8,5,True,"[0.99999994 0.99999946 0.99999833 0.99999744 0.9999971  0.9999972
 0.9999977  0.99999833 0.9999989  0.9999993  0.99999946 0.99999946
 0.99999934 0.9999993  0.99999917 0.9999991  0.99999917 0.99999917
 0.9999992  0.9999993  0.99999934 0.9999994  0.99999946 0.9999996
 0.99999964 0.9999997  0.99999976 0.99999976 0.99999976 0.9999997
 0.99999964 0.99999964 0.99999964 0.9999996  0.9999996  0.99999964
 0.9999997  0.9999997  0.9999997  0.9999997  0.9999997  0.9999997
 0.99999964 0.9999996  0.99999946 0.99999946 0.99999934 0.99999934
 0.99999934 0.99999934 0.99999934 0.9999994  0.99999946 0.9999995
 0.9999995  0.9999996  0.99999964 0.99999964 0.99999964 0.9999996
 0.9999996  0.9999995  0.9999995  0.9999995  0.9999996  0.9999996
 0.99999964 0.9999997  0.99999976 0.99999976 0.99999976 0.99999976
 0.99999964 0.9999996  0.99999946 0.9999993  0.9999991  0.999999
 0.99999887 0.99999875 0.99999875 0.99999875 0.99999875 0.99999875
 0.9999986  0.99999845 0.99999803 0.99999744 0.9999966  0.9999956
 0.99999446 0.99999326 0.99999225 0.99999154 0.99999136 0.9999919
 0.9999931  0.99999493 0.9999971  0.99999875 0.99999887]","[[1.245231   0.9567329  1.3072362  0.51955783 1.1713474  0.8385834
  1.1408145  1.0472674  0.7312383  1.1817694  1.3811518  0.80722886]
 [2.4532747  2.6755877  2.3148336  1.9036206  0.40562886 0.3794195
  4.125335   1.6687313  3.1561682  1.6076399  5.0109067  4.182762  ]
 [4.715611   0.7507231  1.6458203  1.4750936  2.5690866  1.4635717
  4.9055276  5.184693   1.7991472  4.6643405  1.6582923  4.8103437 ]]",trotter
309,9,5,False,"[0.9999995  0.999457   0.99923897 0.9992439  0.9993822  0.9995816
 0.9997864  0.9999577  1.000073   1.0001234  1.0001117  1.0000495
 0.99995285 0.9998414  0.999733   0.9996441  0.9995862  0.99956626
 0.999586   0.9996423  0.9997284  0.9998347  0.99995065 1.000065
 1.0001677  1.0002509  1.000308   1.0003368  1.0003359  1.0003076
 1.0002567  1.0001878  1.0001082  1.0000242  0.9999429  0.9998701
 0.99981076 0.99976766 0.99974394 0.9997396  0.9997541  0.9997846
 0.99982905 0.99988353 0.99994355 1.0000056  1.0000643  1.0001172
 1.0001607  1.000193   1.0002129  1.0002189  1.0002123  1.0001942
 1.0001658  1.0001296  1.0000877  1.0000434  0.99999875 0.9999559
 0.9999169  0.9998835  0.9998574  0.9998393  0.9998295  0.99982923
 0.99983895 0.99985766 0.9998865  0.9999248  0.99997294 1.0000294
 1.0000947  1.0001659  1.0002424  1.0003209  1.0003985  1.0004708
 1.0005335  1.0005811  1.0006084  1.0006098  1.0005786  1.0005116
 1.0004047  1.000256   1.0000659  0.99983734 0.9995758  0.9992914
 0.9989972  0.99871033 0.9984518  0.9982465  0.99812436 0.99811786
 0.9982633  0.9985997  0.9991678  1.0000111  1.0011736 ]","[[1.245231   0.9567329  1.3072362  0.51955783 1.1713474  0.8385834
  1.1408145  1.0472674  0.7312383  1.1817694  1.3811518  0.80722886]
 [2.4532747  2.6755877  2.3148336  1.9036206  0.40562886 0.3794195
  4.125335   1.6687313  3.1561682  1.6076399  5.0109067  4.182762  ]
 [4.715611   0.7507231  1.6458203  1.4750936  2.5690866  1.4635717
  4.9055276  5.184693   1.7991472  4.6643405  1.6582923  4.8103437 ]]",trotter
310,10,5,True,"[0.9999999  0.9999974  0.9999914  0.99998474 0.99997914 0.9999753
 0.9999738  0.9999742  0.99997634 0.99997944 0.99998313 0.9999866
 0.9999896  0.999992   0.99999356 0.99999434 0.99999464 0.99999446
 0.9999941  0.9999938  0.9999935  0.99999344 0.9999936  0.99999416
 0.9999948  0.99999565 0.99999654 0.99999744 0.9999983  0.99999887
 0.9999991  0.99999905 0.99999875 0.9999981  0.9999973  0.99999636
 0.99999535 0.99999446 0.9999938  0.9999933  0.9999932  0.9999934
 0.99999374 0.9999944  0.99999523 0.9999961  0.9999969  0.9999977
 0.99999833 0.9999988  0.99999905 0.9999991  0.9999989  0.99999857
 0.999998   0.9999974  0.99999666 0.99999595 0.9999953  0.99999475
 0.99999446 0.99999434 0.9999944  0.9999947  0.99999523 0.9999958
 0.9999966  0.99999726 0.999998   0.9999985  0.9999988  0.9999989
 0.99999875 0.9999983  0.9999976  0.9999967  0.99999577 0.9999949
 0.99999416 0.9999937  0.9999935  0.9999936  0.99999386 0.9999941
 0.999994   0.9999933  0.99999183 0.9999893  0.9999857  0.9999812
 0.9999763  0.99997145 0.99996734 0.99996483 0.9999646  0.99996716
 0.9999725  0.9999803  0.9999891  0.9999967  0.9999996 ]","[[1.2087896  0.9991874  1.3235526  0.5113915  0.98802716 1.4072615
  0.8925085  0.679675   0.71776134 1.1375637  1.1495197  1.054297  ]
 [0.10055104 0.78470653 4.555335   0.08570619 3.6421535  3.3731744
  5.63112    1.885581   1.0287772  3.0786533  1.260695   5.644973  ]
 [2.9934068  3.30828    0.83018035 0.67952096 1.0169549  5.575636
  1.637463   5.0630383  1.839935   0.7696407  0.0792342  2.9699063 ]]",trotter
311,11,5,False,"[1.0004733  0.9992014  0.9983151  0.9977651  0.99750113 0.9974706
 0.99762267 0.99790764 0.99827987 0.9986967  0.9991221  0.9995255
 0.9998846  1.0001824  1.00041    1.0005649  1.0006504  1.000674
 1.0006475  1.000584   1.0004971  1.0004003  1.0003059  1.0002229
 1.000158   1.0001142  1.0000919  1.0000887  1.0001001  1.0001212
 1.0001452  1.0001658  1.0001787  1.0001792  1.0001655  1.0001363
 1.0000935  1.0000389  0.99997616 0.9999098  0.9998436  0.99978286
 0.99973106 0.9996918  0.9996666  0.9996574  0.9996644  0.9996877
 0.99972516 0.99977654 0.9998374  0.999908   0.9999835  1.0000625
 1.000142   1.0002195  1.0002922  1.0003574  1.0004122  1.0004541
 1.0004805  1.0004885  1.0004771  1.0004447  1.0003922  1.0003202
 1.0002313  1.0001298  1.0000212  0.9999124  0.9998101  0.9997225
 0.9996571  0.9996201  0.9996163  0.99964863 0.9997166  0.99981743
 0.99994487 1.0000899  1.0002413  1.0003862  1.000511   1.0006021
 1.0006472  1.0006369  1.0005652  1.0004294  1.000233   0.99998415
 0.99969566 0.9993861  0.99907863 0.9988002  0.99858135 0.99845487
 0.9984547  0.9986151  0.99897    0.9995515  1.0003897 ]","[[1.2087896  0.9991874  1.3235526  0.5113915  0.98802716 1.4072615
  0.8925085  0.679675   0.71776134 1.1375637  1.1495197  1.054297  ]
 [0.10055104 0.78470653 4.555335   0.08570619 3.6421535  3.3731744
  5.63112    1.885581   1.0287772  3.0786533  1.260695   5.644973  ]
 [2.9934068  3.30828    0.83018035 0.67952096 1.0169549  5.575636
  1.637463   5.0630383  1.839935   0.7696407  0.0792342  2.9699063 ]]",trotter
312,12,5,True,"[1.         0.99999595 0.9999873  0.9999783  0.99997115 0.9999668
 0.99996555 0.99996686 0.99996996 0.99997413 0.99997866 0.999983
 0.99998677 0.9999897  0.9999917  0.999993   0.9999938  0.99999416
 0.99999434 0.9999945  0.99999475 0.999995   0.99999535 0.99999565
 0.99999595 0.999996   0.99999595 0.9999958  0.99999547 0.9999952
 0.9999949  0.9999948  0.999995   0.99999535 0.9999959  0.99999666
 0.99999744 0.9999982  0.99999887 0.99999934 0.9999995  0.9999994
 0.99999905 0.99999845 0.9999977  0.9999968  0.9999959  0.9999952
 0.9999945  0.99999404 0.99999386 0.999994   0.9999944  0.999995
 0.99999577 0.9999966  0.9999975  0.9999983  0.99999887 0.9999993
 0.9999994  0.9999993  0.9999989  0.99999845 0.999998   0.99999756
 0.99999726 0.99999714 0.99999726 0.9999974  0.9999977  0.99999785
 0.99999785 0.9999975  0.9999969  0.999996   0.9999949  0.9999936
 0.9999926  0.9999919  0.9999916  0.99999183 0.99999255 0.99999356
 0.99999475 0.99999565 0.99999607 0.9999957  0.99999434 0.999992
 0.99998885 0.9999852  0.99998164 0.9999788  0.99997723 0.99997765
 0.9999804  0.9999853  0.9999916  0.99999744 0.9999997 ]","[[1.1075695  1.1411352  1.1443273  1.1491408  1.3469077  1.3634379
  0.5223373  0.6855277  0.6304212  1.4433475  1.4063429  1.0681531 ]
 [5.1879945  5.698658   5.136775   4.9932528  0.11331955 5.3810515
  4.2077928  0.735824   5.5417213  0.51360273 5.336303   1.1816632 ]
 [6.139919   5.749808   1.5953637  3.7426     2.6258714  0.7408116
  1.4739319  1.9122497  0.9495726  0.11504165 0.9727208  4.4621363 ]]",trotter
313,13,5,False,"[1.000017   0.9994603  0.9990821  0.9988569  0.9987597  0.99876636
 0.9988553  0.99900573 0.99919844 0.99941665 0.9996451  0.99986994
 1.000079   1.0002625  1.0004123  1.0005229  1.0005914  1.0006168
 1.0006013  1.0005502  1.0004691  1.000366   1.0002502  1.0001305
 1.000016   0.99991316 0.99982846 0.9997647  0.9997238  0.99970514
 0.99970716 0.99972606 0.9997586  0.9998005  0.9998479  0.9998981
 0.9999474  0.9999946  1.0000383  1.0000777  1.0001127  1.0001428
 1.0001676  1.0001872  1.0002003  1.000207   1.0002065  1.000198
 1.0001819  1.0001588  1.000129   1.0000948  1.0000577  1.0000215
 0.9999886  0.9999617  0.99994427 0.9999377  0.9999428  0.9999599
 0.9999872  1.0000215  1.0000583  1.0000938  1.000123   1.0001421
 1.0001472  1.000137   1.0001123  1.0000744  1.000028   0.99997884
 0.99993354 0.9998987  0.99988    0.9998824  0.9999067  0.99995315
 1.0000179  1.0000943  1.0001752  1.0002507  1.0003109  1.0003464
 1.0003499  1.0003159  1.000241   1.0001265  0.99997604 0.9997972
 0.9996001  0.99939835 0.999208   0.99904686 0.9989347  0.9988922
 0.99894136 0.999104   0.99940264 0.9998585  1.0004934 ]","[[1.1075695  1.1411352  1.1443273  1.1491408  1.3469077  1.3634379
  0.5223373  0.6855277  0.6304212  1.4433475  1.4063429  1.0681531 ]
 [5.1879945  5.698658   5.136775   4.9932528  0.11331955 5.3810515
  4.2077928  0.735824   5.5417213  0.51360273 5.336303   1.1816632 ]
 [6.139919   5.749808   1.5953637  3.7426     2.6258714  0.7408116
  1.4739319  1.9122497  0.9495726  0.11504165 0.9727208  4.4621363 ]]",trotter
314,14,5,True,"[0.99999994 0.99999297 0.99997777 0.9999612  0.9999474  0.9999379
 0.9999332  0.9999327  0.9999355  0.9999407  0.9999471  0.99995416
 0.9999614  0.9999682  0.9999744  0.99998    0.99998474 0.99998856
 0.9999915  0.99999344 0.99999434 0.99999434 0.99999344 0.99999183
 0.9999897  0.99998724 0.99998474 0.99998254 0.9999809  0.9999799
 0.99997985 0.9999806  0.99998224 0.99998444 0.9999872  0.9999901
 0.99999285 0.9999953  0.99999714 0.99999833 0.9999988  0.9999985
 0.9999976  0.9999962  0.9999945  0.9999928  0.9999913  0.9999901
 0.9999894  0.99998915 0.99998945 0.99999034 0.99999154 0.999993
 0.9999945  0.99999595 0.9999972  0.99999815 0.9999987  0.9999989
 0.99999887 0.9999986  0.9999982  0.9999978  0.99999744 0.9999973
 0.9999972  0.99999744 0.99999774 0.999998   0.9999982  0.9999983
 0.9999981  0.99999774 0.99999714 0.99999636 0.9999954  0.9999945
 0.9999937  0.999993   0.9999926  0.9999926  0.99999285 0.9999934
 0.9999942  0.99999493 0.99999565 0.999996   0.9999959  0.99999535
 0.9999942  0.9999926  0.999991   0.99998957 0.9999887  0.9999888
 0.9999899  0.9999923  0.99999535 0.99999803 0.9999987 ]","[[0.68627876 0.75936997 1.326253   0.7228116  1.2424741  1.344425
  1.1557978  0.94587094 1.1349069  1.1041127  0.5453843  1.1306043 ]
 [4.9771385  5.3935366  5.7662835  4.9220343  2.6733227  3.906707
  5.9176803  5.745894   0.75039953 4.1118145  3.0794566  2.743454  ]
 [1.6718174  0.15729514 4.130393   5.2366514  5.6954045  4.1265845
  0.5657979  6.0927043  4.716133   1.4724993  6.1478834  1.7239689 ]]",trotter
315,15,5,False,"[1.0000302  0.99976504 0.9997336  0.9998543  1.0000552  1.0002791
 1.0004798  1.0006282  1.0007049  1.0007054  1.0006334  1.0005015
 1.0003287  1.000135   0.99994266 0.99977183 0.9996377  0.9995523
 0.9995205  0.99954283 0.999614   0.99972373 0.9998588  1.0000054
 1.0001489  1.0002754  1.0003735  1.0004355  1.0004561  1.0004351
 1.0003753  1.0002834  1.0001669  1.0000374  0.9999046  0.99978095
 0.99967486 0.99959695 0.99955213 0.99954504 0.9995768  0.99964577
 0.99974793 0.999877   1.0000242  1.0001811  1.0003356  1.0004791
 1.0006014  1.000693   1.0007493  1.0007662  1.0007427  1.0006797
 1.0005827  1.0004579  1.0003147  1.0001615  1.0000099  0.9998679
 0.9997442  0.9996448  0.999573   0.9995298  0.99951434 0.99952185
 0.99954754 0.9995871  0.999634   0.9996851  0.9997378  0.9997916
 0.9998486  0.99991167 0.9999844  1.0000713  1.0001744  1.0002943
 1.0004282  1.0005705  1.0007113  1.0008384  1.000937   1.0009928
 1.0009912  1.000921   1.0007744  1.00055    1.0002524  0.9998928
 0.9994904  0.9990713  0.9986687  0.9983197  0.9980677  0.9979585
 0.9980402  0.99836093 0.99896866 0.99991    1.0012283 ]","[[0.68627876 0.75936997 1.326253   0.7228116  1.2424741  1.344425
  1.1557978  0.94587094 1.1349069  1.1041127  0.5453843  1.1306043 ]
 [4.9771385  5.3935366  5.7662835  4.9220343  2.6733227  3.906707
  5.9176803  5.745894   0.75039953 4.1118145  3.0794566  2.743454  ]
 [1.6718174  0.15729514 4.130393   5.2366514  5.6954045  4.1265845
  0.5657979  6.0927043  4.716133   1.4724993  6.1478834  1.7239689 ]]",trotter
316,16,5,True,"[1.         0.99999946 0.9999985  0.99999774 0.99999744 0.9999976
 0.99999815 0.9999987  0.9999994  0.9999998  0.99999994 0.9999999
 0.9999997  0.9999993  0.9999989  0.9999985  0.99999815 0.999998
 0.9999979  0.9999981  0.99999833 0.99999857 0.99999887 0.9999991
 0.99999917 0.99999905 0.9999988  0.9999984  0.999998   0.99999744
 0.9999971  0.99999684 0.9999969  0.99999714 0.99999756 0.99999815
 0.9999987  0.99999917 0.9999996  0.99999976 0.9999998  0.99999964
 0.99999934 0.9999991  0.9999988  0.99999857 0.9999985  0.9999985
 0.9999986  0.99999875 0.999999   0.99999917 0.9999993  0.9999994
 0.9999994  0.9999993  0.9999991  0.999999   0.99999875 0.99999857
 0.99999845 0.9999984  0.99999833 0.9999984  0.9999985  0.9999987
 0.9999989  0.9999992  0.99999946 0.9999997  0.9999998  0.9999998
 0.9999995  0.999999   0.99999815 0.999997   0.99999577 0.9999945
 0.99999344 0.99999285 0.9999927  0.9999932  0.9999941  0.9999952
 0.9999959  0.9999957  0.9999941  0.9999907  0.99998534 0.9999782
 0.99996984 0.9999614  0.9999538  0.9999487  0.99994713 0.9999502
 0.999958   0.99996984 0.99998355 0.99999535 0.9999995 ]","[[1.2142373  0.93187124 0.6419772  0.56673694 0.85604    1.2697273
  1.2754418  1.475289   1.2565752  0.98880124 0.9579195  0.55247927]
 [1.0060737  1.9928069  4.49008    1.9206543  4.893695   5.7142973
  1.0864747  5.094139   5.5430617  2.454724   1.3395616  4.9823985 ]
 [5.066505   4.1753006  2.9593184  2.1725485  2.343066   5.797652
  5.4346075  0.70447874 5.8733406  5.028328   4.4510665  0.44686532]]",trotter
317,17,5,False,"[1.0000088  0.999199   0.9987063  0.9984685  0.9984298  0.99854064
 0.9987574  0.9990418  0.9993606  0.99968636 0.9999957  1.0002704
 1.0004965  1.0006644  1.0007688  1.0008084  1.000786   1.000707
 1.0005808  1.0004193  1.0002352  1.000043   0.99985677 0.9996903
 0.99955446 0.99945796 0.999407   0.999403   0.9994448  0.99952674
 0.9996407  0.99977607 0.9999202  1.0000612  1.0001863  1.0002854
 1.0003506  1.0003765  1.0003616  1.0003073  1.0002177  1.0001006
 0.9999648  0.9998205  0.9996783  0.9995487  0.9994406  0.9993621
 0.9993189  0.99931455 0.9993504  0.9994261  0.99953854 0.99968374
 0.9998552  1.0000457  1.0002463  1.0004485  1.0006421  1.000817
 1.0009633  1.0010724  1.0011358  1.001148   1.0011045  1.0010053
 1.0008513  1.0006502  1.0004112  1.0001475  0.9998749  0.9996119
 0.99937737 0.9991894  0.99906373 0.99901223 0.9990422  0.99915355
 0.99934006 0.99958825 0.9998788  1.0001874  1.0004869  1.0007484
 1.0009451  1.0010548  1.0010608  1.000955   1.0007377  1.0004202
 1.0000232  0.9995768  0.99911886 0.99869347 0.998349   0.9981365
 0.99810535 0.9983044  0.9987774  0.99956274 1.0006913 ]","[[1.2142373  0.93187124 0.6419772  0.56673694 0.85604    1.2697273
  1.2754418  1.475289   1.2565752  0.98880124 0.9579195  0.55247927]
 [1.0060737  1.9928069  4.49008    1.9206543  4.893695   5.7142973
  1.0864747  5.094139   5.5430617  2.454724   1.3395616  4.9823985 ]
 [5.066505   4.1753006  2.9593184  2.1725485  2.343066   5.797652
  5.4346075  0.70447874 5.8733406  5.028328   4.4510665  0.44686532]]",trotter
318,18,5,True,"[1.         0.99999875 0.99999654 0.9999951  0.9999947  0.9999952
 0.9999964  0.9999977  0.99999887 0.9999997  1.         0.9999998
 0.9999992  0.99999845 0.9999976  0.99999684 0.9999963  0.9999962
 0.99999624 0.9999966  0.9999972  0.9999977  0.99999815 0.99999845
 0.9999984  0.9999981  0.9999976  0.9999969  0.9999962  0.9999956
 0.9999951  0.999995   0.99999523 0.99999565 0.99999636 0.9999972
 0.9999979  0.9999986  0.999999   0.99999917 0.9999991  0.99999875
 0.9999983  0.99999774 0.9999972  0.9999968  0.9999964  0.99999636
 0.9999964  0.99999666 0.99999696 0.99999726 0.9999975  0.99999756
 0.9999974  0.99999696 0.99999636 0.9999955  0.9999946  0.9999937
 0.9999929  0.9999924  0.9999922  0.99999243 0.9999931  0.99999404
 0.9999953  0.99999666 0.9999979  0.9999988  0.9999992  0.99999905
 0.9999982  0.9999966  0.9999944  0.9999919  0.99998915 0.9999867
 0.99998474 0.9999835  0.9999832  0.99998385 0.99998534 0.9999874
 0.9999896  0.99999154 0.9999925  0.9999922  0.99999046 0.9999872
 0.99998266 0.9999776  0.99997264 0.99996877 0.999967   0.99996793
 0.9999721  0.9999792  0.999988   0.99999607 0.99999946]","[[1.3087895  0.840017   1.2534446  1.355907   1.4031072  0.83112085
  1.0615032  1.0839046  1.0436889  1.089162   1.4545017  0.58436203]
 [1.4035118  4.43127    2.12304    4.2507515  4.8586864  6.162036
  5.0798745  6.0518866  3.400869   5.0714197  3.585031   0.9125651 ]
 [4.208487   4.86064    1.8828578  2.2662575  5.775816   0.46512535
  2.7538679  5.7880745  2.3650553  3.9119465  1.885286   0.12575154]]",trotter
319,19,5,False,"[1.0000443  0.99914926 0.99862075 0.99837863 0.9983532  0.99848646
 0.9987267  0.99903184 0.9993669  0.99970347 1.0000185  1.0002946
 1.0005187  1.0006827  1.0007824  1.0008171  1.0007915  1.0007113
 1.0005863  1.0004281  1.000249   1.0000638  0.99988484 0.99972475
 0.99959373 0.9994995  0.9994465  0.9994362  0.9994663  0.99953145
 0.9996242  0.9997352  0.99985284 0.99996763 1.0000699  1.0001513
 1.000206   1.0002319  1.0002292  1.0001999  1.0001506  1.000087
 1.0000173  0.9999496  0.9998903  0.99984616 0.9998203  0.99981415
 0.99982786 0.9998593  0.99990296 0.99995506 1.0000093  1.0000619
 1.0001073  1.0001416  1.0001644  1.000173   1.0001699  1.0001543
 1.0001281  1.0000943  1.0000544  1.00001    0.9999624  0.99991375
 0.9998664  0.9998226  0.999786   0.999761   0.9997525  0.99976516
 0.9998045  0.99987507 0.999978   1.0001137  1.0002779  1.0004625
 1.0006568  1.0008463  1.0010129  1.001139   1.0012063  1.0011982
 1.0011024  1.0009118  1.0006248  1.000247   0.9997929  0.999283
 0.9987459  0.9982153  0.9977306  0.99733555 0.9970743  0.99699366
 0.99713874 0.9975528  0.99827725 0.9993487  1.0007988 ]","[[1.3087895  0.840017   1.2534446  1.355907   1.4031072  0.83112085
  1.0615032  1.0839046  1.0436889  1.089162   1.4545017  0.58436203]
 [1.4035118  4.43127    2.12304    4.2507515  4.8586864  6.162036
  5.0798745  6.0518866  3.400869   5.0714197  3.585031   0.9125651 ]
 [4.208487   4.86064    1.8828578  2.2662575  5.775816   0.46512535
  2.7538679  5.7880745  2.3650553  3.9119465  1.885286   0.12575154]]",trotter
320,20,5,True,"[0.99999994 0.9999994  0.9999983  0.9999975  0.99999714 0.9999973
 0.9999979  0.9999986  0.9999993  0.99999976 0.99999994 0.9999998
 0.9999995  0.9999989  0.99999833 0.99999785 0.99999756 0.9999973
 0.99999744 0.9999977  0.99999803 0.9999984  0.99999875 0.99999887
 0.99999875 0.9999984  0.99999785 0.99999714 0.9999964  0.9999957
 0.99999523 0.99999505 0.9999952  0.9999955  0.9999962  0.999997
 0.9999979  0.9999986  0.9999992  0.99999964 0.99999964 0.9999994
 0.99999887 0.9999981  0.99999726 0.99999624 0.9999954  0.99999464
 0.9999941  0.9999938  0.9999938  0.9999941  0.9999946  0.9999953
 0.99999607 0.9999968  0.9999974  0.99999774 0.99999774 0.9999975
 0.999997   0.9999964  0.9999959  0.9999954  0.9999951  0.9999952
 0.9999955  0.99999607 0.9999968  0.9999974  0.9999979  0.99999815
 0.9999981  0.9999977  0.99999696 0.9999961  0.99999535 0.9999946
 0.99999404 0.9999938  0.9999939  0.9999942  0.99999475 0.9999954
 0.99999595 0.99999624 0.99999636 0.99999595 0.9999952  0.9999939
 0.9999923  0.9999906  0.999989   0.99998784 0.99998736 0.999988
 0.9999898  0.99999267 0.999996   0.9999987  0.9999988 ]","[[0.81229275 1.1761608  0.55029976 1.1846496  0.6865711  0.66854346
  0.6777657  0.51669556 0.97258246 1.1990429  0.5043479  1.2069356 ]
 [3.2785008  6.2432203  2.6259167  4.6550293  2.249064   4.94004
  1.362497   2.1463034  3.7633576  2.5062892  2.3782258  6.24556   ]
 [5.899991   3.1683185  1.41597    4.8261676  0.91325366 0.5275783
  5.512077   5.05694    5.193906   0.60028917 4.1609583  2.4800158 ]]",trotter
321,21,5,False,"[1.0000381  0.9992614  0.99877053 0.9985172  0.9984558  0.9985447
 0.99874544 0.999022   0.9993424  0.9996785  1.0000054  1.0003029
 1.0005544  1.0007474  1.0008748  1.0009329  1.0009223  1.0008471
 1.0007157  1.000539   1.0003293  1.0001012  0.9998688  0.9996471
 0.9994485  0.9992842  0.9991628  0.9990896  0.9990675  0.9990955
 0.9991695  0.9992827  0.9994267  0.9995915  0.999766   0.9999401
 1.0001025  1.0002445  1.0003586  1.0004396  1.0004843  1.0004914
 1.0004625  1.0003989  1.0003068  1.0001917  1.0000598  0.9999193
 0.99977744 0.99964327 0.99952465 0.99942786 0.99936074 0.999328
 0.99933374 0.999381   0.99947107 0.9996009  0.9997663  0.999961
 1.0001761  1.0003998  1.0006193  1.00082    1.000988   1.0011086
 1.0011697  1.001161   1.0010762  1.000913   1.0006738  1.0003654
 0.99999994 0.9995934  0.9991658  0.9987393  0.9983375  0.9979837
 0.9977007  0.9975072  0.9974182  0.99744505 0.9975913  0.99785644
 0.99823153 0.99870324 0.9992519  0.9998532  1.0004789  1.0010974
 1.0016764  1.0021814  1.0025804  1.0028416  1.0029368  1.0028397
 1.0025296  1.0019889  1.0012051  1.0001702  0.9988802 ]","[[0.81229275 1.1761608  0.55029976 1.1846496  0.6865711  0.66854346
  0.6777657  0.51669556 0.97258246 1.1990429  0.5043479  1.2069356 ]
 [3.2785008  6.2432203  2.6259167  4.6550293  2.249064   4.94004
  1.362497   2.1463034  3.7633576  2.5062892  2.3782258  6.24556   ]
 [5.899991   3.1683185  1.41597    4.8261676  0.91325366 0.5275783
  5.512077   5.05694    5.193906   0.60028917 4.1609583  2.4800158 ]]",trotter
322,22,5,True,"[1.         0.9999995  0.9999985  0.9999974  0.9999966  0.9999961
 0.999996   0.99999624 0.99999666 0.9999972  0.99999774 0.99999815
 0.9999985  0.99999875 0.9999988  0.9999988  0.9999988  0.99999875
 0.9999986  0.99999857 0.99999857 0.9999986  0.9999986  0.9999986
 0.9999986  0.9999986  0.99999857 0.9999985  0.99999845 0.99999845
 0.9999985  0.99999857 0.99999875 0.99999887 0.9999991  0.9999993
 0.9999994  0.9999995  0.9999996  0.99999964 0.9999996  0.9999996
 0.9999995  0.9999995  0.9999994  0.9999994  0.99999934 0.9999993
 0.9999993  0.9999993  0.9999992  0.9999992  0.9999992  0.9999992
 0.9999993  0.99999934 0.99999934 0.99999934 0.99999934 0.99999934
 0.9999993  0.9999992  0.9999991  0.99999905 0.99999905 0.999999
 0.99999905 0.99999917 0.9999993  0.9999994  0.99999946 0.9999995
 0.99999946 0.9999993  0.99999905 0.99999875 0.9999984  0.9999981
 0.9999978  0.9999976  0.9999975  0.99999756 0.99999774 0.9999979
 0.99999803 0.9999981  0.9999979  0.9999974  0.9999965  0.99999523
 0.99999374 0.9999921  0.9999905  0.9999894  0.9999889  0.9999894
 0.9999909  0.9999933  0.9999963  0.99999887 0.99999976]","[[1.0018905  1.0126172  1.108674   0.943957   1.3222204  1.0144526
  0.92782754 1.4334291  0.5752207  0.6299097  1.1028913  0.69793266]
 [0.18900724 3.7612417  4.5847917  0.09811247 0.0141544  5.800261
  0.74691117 0.8489334  1.6700124  6.0166616  0.61537045 0.54259914]
 [4.343805   5.546494   4.190829   1.52469    4.0291505  2.0238593
  0.834398   4.4258323  1.5540128  3.3339977  2.128196   2.7825537 ]]",trotter
323,23,5,False,"[1.0002887  0.99958265 0.9991045  0.9988221  0.998703   0.99871486
 0.9988275  0.99901074 0.99923706 0.99948174 0.9997236  0.9999452
 1.0001335  1.0002795  1.0003787  1.0004302  1.0004373  1.0004053
 1.000343   1.000259   1.0001644  1.0000682  0.99997914 0.9999057
 0.99985236 0.9998223  0.99981654 0.9998335  0.99987    0.9999208
 0.9999802  1.0000415  1.0000994  1.0001469  1.0001808  1.0001978
 1.0001968  1.0001777  1.0001434  1.0000964  1.0000414  0.99998313
 0.9999268  0.99987733 0.99983877 0.999814   0.9998055  0.99981314
 0.99983644 0.9998737  0.9999224  0.9999791  1.0000402  1.0001012
 1.0001591  1.0002116  1.0002549  1.0002869  1.0003068  1.0003129
 1.0003057  1.0002851  1.0002512  1.0002053  1.0001496  1.0000844
 1.0000135  0.9999398  0.9998672  0.9998001  0.99974316 0.9997023
 0.999682   0.9996864  0.9997192  0.99978215 0.99987423 0.9999926
 1.0001316  1.0002832  1.0004363  1.0005783  1.0006952  1.0007739
 1.0008012  1.0007672  1.0006647  1.0004909  1.0002483  0.9999461
 0.9995984  0.99922585 0.9988553  0.9985184  0.9982512  0.9980927
 0.99808466 0.99826944 0.9986897  0.99938655 1.000399  ]","[[1.0018905  1.0126172  1.108674   0.943957   1.3222204  1.0144526
  0.92782754 1.4334291  0.5752207  0.6299097  1.1028913  0.69793266]
 [0.18900724 3.7612417  4.5847917  0.09811247 0.0141544  5.800261
  0.74691117 0.8489334  1.6700124  6.0166616  0.61537045 0.54259914]
 [4.343805   5.546494   4.190829   1.52469    4.0291505  2.0238593
  0.834398   4.4258323  1.5540128  3.3339977  2.128196   2.7825537 ]]",trotter
324,24,5,True,"[0.99999815 0.99999577 0.99998784 0.9999777  0.9999676  0.99995905
 0.999953   0.9999498  0.99994946 0.9999517  0.999956   0.9999618
 0.99996835 0.9999751  0.9999816  0.99998724 0.9999918  0.9999952
 0.9999973  0.9999984  0.9999985  0.99999803 0.9999971  0.9999959
 0.99999475 0.9999938  0.99999315 0.9999928  0.9999927  0.999993
 0.99999344 0.99999416 0.9999949  0.9999956  0.99999636 0.99999696
 0.99999744 0.9999977  0.99999774 0.9999976  0.9999973  0.99999684
 0.99999636 0.9999959  0.99999547 0.9999953  0.99999523 0.9999955
 0.9999959  0.9999965  0.9999971  0.9999976  0.999998   0.99999815
 0.999998   0.9999975  0.99999684 0.9999961  0.9999953  0.99999464
 0.9999942  0.999994   0.9999941  0.9999945  0.9999951  0.99999595
 0.99999684 0.9999977  0.99999845 0.999999   0.99999934 0.99999934
 0.999999   0.99999815 0.9999968  0.99999493 0.9999926  0.9999901
 0.9999876  0.99998534 0.9999838  0.99998313 0.9999836  0.9999851
 0.99998754 0.9999904  0.9999932  0.99999535 0.9999964  0.99999607
 0.9999943  0.9999913  0.9999878  0.9999844  0.9999822  0.9999817
 0.99998343 0.99998724 0.99999225 0.99999696 0.9999987 ]","[[0.8676604  1.467651   0.9683754  1.2012237  0.6407229  1.1886231
  1.2736194  0.63955945 1.3958833  0.9481807  1.0609939  0.8983841 ]
 [1.0806708  2.920716   5.2649784  4.427354   3.6434824  3.8310976
  5.1245184  2.9741082  1.3525484  5.483328   4.73562    3.5701423 ]
 [5.4963765  1.8586798  2.593376   0.4187498  4.046049   2.9518433
  3.2804193  4.6181912  2.9650364  1.3332478  2.0753398  3.6100953 ]]",trotter
325,25,5,False,"[1.0009505  1.0002136  0.999652   0.9992479  0.99898136 0.9988342
 0.9987866  0.99882036 0.99891686 0.9990584  0.999229   0.9994133
 0.99959797 0.99977183 0.9999255  1.0000533  1.0001506  1.0002166
 1.0002517  1.000259   1.0002437  1.0002114  1.000168   1.000121
 1.000076   1.0000381  1.0000107  0.99999684 0.9999958  1.0000076
 1.0000293  1.0000573  1.0000877  1.0001163  1.0001395  1.0001537
 1.0001572  1.0001494  1.0001305  1.0001026  1.0000682  1.00003
 0.999992   0.9999572  0.9999284  0.9999071  0.99989474 0.9998913
 0.9998959  0.9999067  0.9999221  0.99994    0.9999585  0.99997514
 0.99998945 1.0000004  1.000007   1.00001    1.0000087  1.0000032
 0.99999326 0.9999784  0.9999577  0.9999305  0.99989647 0.99985576
 0.9998096  0.9997603  0.9997121  0.99967086 0.99964374 0.9996393
 0.99966633 0.9997333  0.99984664 1.0000104  1.0002238  1.0004817
 1.000773   1.0010806  1.001382   1.0016503  1.0018559  1.0019689
 1.0019611  1.00181    1.0015004  1.0010283  1.0004011  0.9996417
 0.9987866  0.9978868  0.99700737 0.99622524 0.9956276  0.99530804
 0.99536484 0.99589777 0.9970045  0.99877965 1.0013102 ]","[[0.8676604  1.467651   0.9683754  1.2012237  0.6407229  1.1886231
  1.2736194  0.63955945 1.3958833  0.9481807  1.0609939  0.8983841 ]
 [1.0806708  2.920716   5.2649784  4.427354   3.6434824  3.8310976
  5.1245184  2.9741082  1.3525484  5.483328   4.73562    3.5701423 ]
 [5.4963765  1.8586798  2.593376   0.4187498  4.046049   2.9518433
  3.2804193  4.6181912  2.9650364  1.3332478  2.0753398  3.6100953 ]]",trotter
326,26,5,True,"[0.99999595 0.9999956  0.99999315 0.9999905  0.99998873 0.9999879
 0.9999883  0.9999894  0.999991   0.9999928  0.99999434 0.9999956
 0.9999963  0.99999654 0.9999963  0.99999577 0.99999505 0.9999943
 0.99999356 0.999993   0.9999928  0.99999285 0.99999326 0.999994
 0.99999475 0.99999577 0.9999968  0.9999977  0.99999845 0.9999989
 0.9999992  0.9999992  0.999999   0.99999857 0.999998   0.99999726
 0.99999654 0.99999595 0.9999954  0.9999951  0.99999505 0.9999952
 0.9999955  0.999996   0.99999654 0.9999971  0.99999756 0.999998
 0.9999982  0.99999833 0.9999983  0.9999982  0.99999803 0.9999978
 0.9999976  0.9999974  0.99999714 0.99999684 0.99999654 0.99999636
 0.9999962  0.99999607 0.9999961  0.9999963  0.99999666 0.99999714
 0.9999978  0.9999984  0.999999   0.9999994  0.9999996  0.9999993
 0.9999986  0.99999744 0.9999957  0.9999937  0.9999913  0.9999889
 0.99998677 0.9999851  0.99998426 0.9999843  0.9999854  0.9999873
 0.99998987 0.9999926  0.99999493 0.9999964  0.9999966  0.9999953
 0.9999926  0.9999889  0.9999848  0.99998116 0.999979   0.99997896
 0.99998134 0.9999861  0.9999921  0.99999744 0.9999994 ]","[[1.3002788  0.52610326 1.0246555  0.5313748  1.2240319  1.4735886
  0.6615431  0.9260232  0.6801051  0.82717466 1.1471359  1.123065  ]
 [2.5879762  1.2314796  4.0611835  4.6355233  1.6092517  0.03408163
  5.347083   0.79283166 5.3037086  0.22065264 5.633528   6.0924025 ]
 [3.128943   1.012848   2.73737    3.711964   0.0318293  1.7034978
  4.733788   5.9509225  5.5965242  3.8139563  4.692164   1.9428761 ]]",trotter
327,27,5,False,"[1.00212    1.0011282  1.0003316  0.99970704 0.99923104 0.998883
 0.9986457  0.99850184 0.9984355  0.9984346  0.99848574 0.998579
 0.998703   0.9988506  0.99901325 0.9991847  0.99935836 0.99953145
 0.9996989  0.9998572  1.0000062  1.0001421  1.000265   1.0003742
 1.0004692  1.0005497  1.0006154  1.000666   1.0007017  1.0007206
 1.0007219  1.0007055  1.0006698  1.0006143  1.0005397  1.0004463
 1.0003362  1.0002123  1.0000782  0.9999398  0.9998026  0.99967325
 0.99955934 0.9994671  0.9994013  0.99936736 0.99936783 0.99940276
 0.99947107 0.9995677  0.99968797 0.99982476 0.9999684  1.0001111
 1.0002441  1.0003595  1.0004506  1.0005131  1.0005449  1.0005442
 1.0005139  1.0004549  1.0003726  1.000272   1.0001584  1.0000381
 0.9999173  0.99980223 0.9996985  0.9996118  0.99954796 0.99951184
 0.99950826 0.9995407  0.99961144 0.99972194 0.99987066 1.0000528
 1.000262   1.0004871  1.0007135  1.0009255  1.0011028  1.0012267
 1.001276   1.0012338  1.0010861  1.0008258  1.0004525  0.99997497
 0.99941325 0.9987974  0.9981696  0.9975827  0.99710035 0.9967943
 0.99674404 0.99703485 0.99775493 0.9989932  1.0008383 ]","[[1.3002788  0.52610326 1.0246555  0.5313748  1.2240319  1.4735886
  0.6615431  0.9260232  0.6801051  0.82717466 1.1471359  1.123065  ]
 [2.5879762  1.2314796  4.0611835  4.6355233  1.6092517  0.03408163
  5.347083   0.79283166 5.3037086  0.22065264 5.633528   6.0924025 ]
 [3.128943   1.012848   2.73737    3.711964   0.0318293  1.7034978
  4.733788   5.9509225  5.5965242  3.8139563  4.692164   1.9428761 ]]",trotter
328,28,5,True,"[0.999999   0.9999935  0.9999825  0.9999717  0.9999644  0.99996185
 0.99996346 0.99996823 0.99997455 0.99998087 0.9999859  0.9999887
 0.99998873 0.9999863  0.9999818  0.999976   0.99996984 0.9999642
 0.9999599  0.9999574  0.99995726 0.9999593  0.99996334 0.9999688
 0.99997526 0.99998176 0.99998784 0.9999929  0.9999965  0.9999986
 0.9999992  0.9999985  0.99999696 0.99999493 0.9999929  0.99999124
 0.9999902  0.99999    0.9999904  0.9999914  0.9999927  0.999994
 0.999995   0.9999955  0.9999956  0.99999523 0.9999947  0.999994
 0.9999935  0.9999934  0.9999936  0.9999942  0.9999951  0.99999607
 0.99999696 0.9999976  0.99999803 0.99999803 0.99999785 0.9999975
 0.99999714 0.9999968  0.99999666 0.99999666 0.99999696 0.9999973
 0.99999785 0.9999984  0.99999887 0.9999993  0.99999946 0.9999994
 0.9999989  0.9999981  0.99999666 0.9999948  0.9999926  0.99999017
 0.9999877  0.9999855  0.99998385 0.9999829  0.9999829  0.99998385
 0.99998564 0.99998814 0.999991   0.99999374 0.999996   0.9999975
 0.999998   0.9999973  0.9999958  0.99999374 0.9999917  0.99999034
 0.99999    0.999991   0.99999315 0.9999956  0.99999684]","[[0.7799311  1.0442922  0.832449   0.8055656  0.69564044 0.72325706
  1.1498564  0.8164845  0.8371749  1.3881786  1.0137386  1.411748  ]
 [1.1571989  3.7790322  0.411072   6.2251654  4.9541683  1.1605815
  5.2574077  5.141267   3.3501475  6.181421   2.3357775  4.429454  ]
 [5.8691072  3.598157   5.2392607  1.0214899  1.4855351  1.3981873
  5.1113844  2.0816374  5.0248218  4.6487246  0.73841584 5.9410176 ]]",trotter
329,29,5,False,"[1.0014825  1.0000567  0.9990598  0.99841905 0.99806273 0.99793124
 0.99796474 0.9981169  0.99834365 0.9986126  0.99889237 0.9991673
 0.99942183 0.9996446  0.9998354  0.99999225 1.000117   1.0002158
 1.0002925  1.0003572  1.0004113  1.0004581  1.0005043  1.0005454
 1.0005828  1.0006133  1.0006312  1.0006338  1.0006123  1.0005646
 1.0004841  1.0003728  1.0002269  1.0000532  0.9998577  0.9996493
 0.9994415  0.9992464  0.9990799  0.99895614 0.9988888  0.998887
 0.9989581  0.99910235 0.99931765 0.99959195 0.9999128  1.0002602
 1.0006123  1.000945   1.0012339  1.0014571  1.0015978  1.0016407
 1.0015795  1.0014149  1.001154   1.0008106  1.000405   0.9999618
 0.9995084  0.9990736  0.99868464 0.9983669  0.9981419  0.99802595
 0.9980286  0.99815416 0.99839896 0.99875426 0.99920666 0.99973667
 1.000321   1.0009357  1.0015546  1.0021493  1.0026948  1.0031651
 1.0035398  1.0037972  1.003922   1.0039015  1.0037295  1.0034009
 1.0029187  1.0022919  1.001532   1.000662   0.9997085  0.99870616
 0.99769723 0.99673194 0.99586976 0.9951761  0.9947257  0.9946017
 0.9948922  0.9956945  0.99710953 0.9992439  1.0022088 ]","[[0.7799311  1.0442922  0.832449   0.8055656  0.69564044 0.72325706
  1.1498564  0.8164845  0.8371749  1.3881786  1.0137386  1.411748  ]
 [1.1571989  3.7790322  0.411072   6.2251654  4.9541683  1.1605815
  5.2574077  5.141267   3.3501475  6.181421   2.3357775  4.429454  ]
 [5.8691072  3.598157   5.2392607  1.0214899  1.4855351  1.3981873
  5.1113844  2.0816374  5.0248218  4.6487246  0.73841584 5.9410176 ]]",trotter
330,30,5,True,"[0.99999994 0.9999997  0.99999887 0.99999803 0.9999974  0.99999696
 0.9999967  0.99999666 0.9999968  0.999997   0.9999973  0.99999756
 0.9999978  0.999998   0.9999982  0.99999833 0.9999984  0.9999984
 0.99999833 0.99999833 0.9999983  0.9999983  0.9999983  0.99999833
 0.9999984  0.99999845 0.9999985  0.99999857 0.9999985  0.99999845
 0.99999833 0.9999982  0.9999981  0.999998   0.999998   0.999998
 0.9999981  0.99999833 0.99999857 0.9999988  0.99999905 0.9999992
 0.9999992  0.9999991  0.99999887 0.99999845 0.999998   0.99999744
 0.9999969  0.9999964  0.99999607 0.9999958  0.99999577 0.9999958
 0.999996   0.99999624 0.99999654 0.9999969  0.9999973  0.9999976
 0.999998   0.9999982  0.99999845 0.9999986  0.99999887 0.999999
 0.99999917 0.99999917 0.9999992  0.99999917 0.9999991  0.9999989
 0.99999875 0.9999985  0.9999983  0.999998   0.99999785 0.99999774
 0.99999774 0.9999978  0.99999785 0.9999979  0.99999785 0.99999756
 0.9999967  0.99999547 0.9999935  0.99999094 0.9999878  0.9999842
 0.9999805  0.9999771  0.9999745  0.9999732  0.9999735  0.99997586
 0.99998015 0.99998605 0.9999925  0.9999979  0.9999999 ]","[[1.3307263  1.0229472  0.75422305 0.9221577  1.1558074  1.1193119
  0.7976202  0.6971036  0.74214095 1.1129887  1.3445959  0.68113947]
 [1.7128257  0.16924155 0.6475764  2.622069   3.9527006  1.6072556
  0.62900215 0.36034718 0.996006   3.2816317  3.164717   0.39645946]
 [1.4087776  2.1399326  0.83706206 2.6711247  4.2593727  4.0271564
  5.2263813  0.9463848  4.294899   5.6631885  5.346474   3.7877302 ]]",trotter
331,31,5,False,"[1.0000584  0.9991947  0.9986572  0.9983819  0.9983098  0.9983879
 0.99857026 0.99881756 0.9990972  0.999383   0.999656   0.99990255
 1.0001123  1.000282   1.0004094  1.0004958  1.0005441  1.0005584
 1.0005437  1.0005049  1.0004474  1.0003759  1.0002958  1.0002104
 1.0001253  1.000043   0.9999674  0.99990124 0.9998465  0.9998056
 0.9997795  0.9997682  0.9997715  0.9997879  0.99981546 0.99985147
 0.99989283 0.99993557 0.99997646 1.0000113  1.0000374  1.0000523
 1.0000541  1.0000427  1.0000186  0.9999833  0.9999398  0.999892
 0.9998441  0.999801   0.9997677  0.9997478  0.9997459  0.9997647
 0.9998047  0.99986595 0.9999467  1.0000429  1.0001498  1.0002615
 1.0003703  1.0004694  1.0005516  1.0006101  1.0006396  1.0006369
 1.0005999  1.0005296  1.0004283  1.0003011  1.0001551  0.99999833
 0.99983966 0.9996889  0.999555   0.9994464  0.9993692  0.99932903
 0.9993272  0.9993637  0.9994361  0.9995383  0.99966365 0.9998027
 0.99994564 1.0000819  1.0002018  1.0002959  1.0003576  1.0003818
 1.0003672  1.0003145  1.0002289  1.0001192  0.99999774 0.9998795
 0.9997829  0.99972975 0.99974334 0.99984753 1.0000683 ]","[[1.3307263  1.0229472  0.75422305 0.9221577  1.1558074  1.1193119
  0.7976202  0.6971036  0.74214095 1.1129887  1.3445959  0.68113947]
 [1.7128257  0.16924155 0.6475764  2.622069   3.9527006  1.6072556
  0.62900215 0.36034718 0.996006   3.2816317  3.164717   0.39645946]
 [1.4087776  2.1399326  0.83706206 2.6711247  4.2593727  4.0271564
  5.2263813  0.9463848  4.294899   5.6631885  5.346474   3.7877302 ]]",trotter
332,32,5,True,"[1.         0.9999979  0.9999934  0.9999886  0.9999848  0.99998254
 0.999982   0.9999829  0.99998486 0.9999874  0.9999901  0.9999926
 0.9999947  0.9999962  0.9999972  0.9999977  0.9999978  0.9999977
 0.9999974  0.99999714 0.999997   0.99999696 0.999997   0.99999726
 0.99999756 0.999998   0.99999833 0.9999987  0.99999905 0.9999993
 0.99999946 0.9999995  0.9999996  0.9999995  0.99999934 0.99999917
 0.9999989  0.99999875 0.99999857 0.9999984  0.99999833 0.99999833
 0.9999984  0.9999985  0.9999987  0.9999989  0.9999991  0.99999934
 0.9999995  0.9999997  0.99999976 0.9999998  0.9999997  0.9999996
 0.9999994  0.9999992  0.99999905 0.99999887 0.9999987  0.9999986
 0.9999985  0.99999857 0.9999987  0.9999988  0.999999   0.99999917
 0.99999934 0.9999996  0.9999997  0.9999998  0.9999999  0.9999998
 0.99999976 0.99999964 0.9999994  0.9999993  0.9999991  0.99999887
 0.99999875 0.9999986  0.99999857 0.99999857 0.99999857 0.9999987
 0.99999887 0.999999   0.9999991  0.99999917 0.99999917 0.999999
 0.99999875 0.99999833 0.9999978  0.99999726 0.99999684 0.9999967
 0.99999696 0.99999756 0.9999985  0.99999946 0.9999998 ]","[[0.55353314 1.308789   1.2465237  1.3394247  0.5109445  0.9512782
  1.318874   0.8047293  0.87969404 0.869459   1.201758   0.7719984 ]
 [3.9995546  2.4720833  2.9016685  1.8201354  1.735631   4.475885
  1.558662   2.5690277  3.0641372  1.9994047  1.1566741  2.1083255 ]
 [0.98053837 1.958067   2.4078484  4.8957753  2.52125    1.67373
  0.5316327  3.8501606  4.7224307  5.1528597  4.3542914  2.5086353 ]]",trotter
333,33,5,False,"[1.0004226  0.9995976  0.9990628  0.99875706 0.99862844 0.99863136
 0.99872553 0.9988781  0.9990634  0.9992602  0.99945265 0.9996301
 0.9997852  0.99991554 1.0000196  1.0000981  1.0001535  1.0001894
 1.0002093  1.0002168  1.0002156  1.0002081  1.000197   1.0001838
 1.0001694  1.0001547  1.0001396  1.0001243  1.0001085  1.000092
 1.000075   1.0000565  1.0000377  1.0000186  0.99999917 0.99998116
 0.99996454 0.9999497  0.9999379  0.999929   0.9999237  0.99992144
 0.99992174 0.99992484 0.99992955 0.99993503 0.9999401  0.9999451
 0.999948   0.99994934 0.9999483  0.9999456  0.9999422  0.9999373
 0.9999335  0.999931   0.9999312  0.9999346  0.9999423  0.9999543
 0.9999706  0.99999034 1.0000123  1.0000355  1.000057   1.0000758
 1.0000889  1.0000955  1.0000939  1.000084   1.0000656  1.00004
 1.00001    0.9999783  0.9999483  0.9999239  0.9999091  0.9999064
 0.9999182  0.9999456  0.9999874  1.0000408  1.0001005  1.00016
 1.0002105  1.0002443  1.0002515  1.0002244  1.0001557  1.0000432
 0.99988705 0.9996925  0.999471   0.9992404  0.9990243  0.99885434
 0.998768   0.99880946 0.99902934 0.9994818  1.000227  ]","[[0.55353314 1.308789   1.2465237  1.3394247  0.5109445  0.9512782
  1.318874   0.8047293  0.87969404 0.869459   1.201758   0.7719984 ]
 [3.9995546  2.4720833  2.9016685  1.8201354  1.735631   4.475885
  1.558662   2.5690277  3.0641372  1.9994047  1.1566741  2.1083255 ]
 [0.98053837 1.958067   2.4078484  4.8957753  2.52125    1.67373
  0.5316327  3.8501606  4.7224307  5.1528597  4.3542914  2.5086353 ]]",trotter
334,34,5,True,"[1.         0.9999989  0.9999971  0.99999535 0.9999945  0.9999946
 0.9999954  0.9999967  0.999998   0.999999   0.99999946 0.9999994
 0.99999887 0.99999815 0.9999974  0.9999967  0.99999636 0.9999963
 0.9999964  0.9999968  0.9999972  0.9999975  0.99999774 0.99999785
 0.9999978  0.9999978  0.9999977  0.9999977  0.9999977  0.99999774
 0.9999978  0.9999979  0.9999981  0.9999982  0.99999833 0.99999845
 0.99999857 0.9999986  0.99999875 0.99999887 0.999999   0.99999917
 0.9999992  0.9999992  0.99999917 0.9999989  0.99999857 0.9999981
 0.9999975  0.9999969  0.99999624 0.9999958  0.9999955  0.9999955
 0.9999958  0.99999636 0.99999714 0.999998   0.99999875 0.99999934
 0.99999964 0.99999964 0.9999993  0.9999986  0.9999978  0.9999969
 0.9999962  0.9999955  0.9999952  0.9999951  0.99999523 0.99999547
 0.9999957  0.99999607 0.9999964  0.99999666 0.99999696 0.99999726
 0.99999756 0.9999978  0.9999981  0.9999983  0.9999982  0.9999978
 0.9999967  0.99999475 0.99999183 0.99998766 0.99998224 0.99997586
 0.9999688  0.9999619  0.99995583 0.9999517  0.9999507  0.99995345
 0.9999605  0.9999713  0.99998397 0.99999535 0.9999996 ]","[[1.3560508  1.4244418  1.254956   1.2305447  1.2073811  1.288654
  1.2562557  1.3682352  1.4168516  1.0497161  1.1706432  0.6222779 ]
 [4.097668   2.3090236  4.2670655  1.689806   3.1530788  0.67541397
  5.7284083  1.5528136  1.671026   2.9001465  5.0503025  3.2666502 ]
 [1.5266895  5.345658   5.20134    5.845111   2.6524332  5.394436
  3.4782994  4.1228833  4.3442492  3.0247984  1.3364081  5.800006  ]]",trotter
335,35,5,False,"[1.0000287  0.99851316 0.99756813 0.99710274 0.9970222  0.99723464
 0.9976498  0.9981863  0.99877095 0.999344   0.9998588  1.0002832
 1.0006006  1.0008047  1.0009032  1.00091    1.0008456  1.0007327
 1.0005938  1.0004487  1.0003132  1.0001979  1.000108   1.0000448
 1.0000045  0.99998164 0.99996847 0.9999592  0.99994695 0.9999281
 0.9999005  0.999865   0.9998241  0.999782   0.99974394 0.99971527
 0.99970144 0.9997055  0.99973005 0.9997757  0.99984056 0.9999208
 1.0000118  1.0001069  1.0001985  1.0002788  1.0003424  1.0003823
 1.0003957  1.0003802  1.0003368  1.0002685  1.000181   1.0000823
 0.99998105 0.99988735 0.99981123 0.9997616  0.9997455  0.9997675
 0.9998283  0.99992484 1.0000528  1.0002011  1.0003574  1.0005089
 1.0006405  1.0007391  1.0007921  1.0007923  1.0007348  1.0006202
 1.0004543  1.0002465  1.0000114  0.99976546 0.9995264  0.9993129
 0.9991399  0.9990216  0.9989673  0.99897987 0.99905926 0.99919903
 0.99938726 0.9996097  0.99984837 1.0000843  1.0002996  1.0004772
 1.0006031  1.0006684  1.0006698  1.000609   1.0004953  1.0003444
 1.0001781  1.0000235  0.99991333 0.99988407 0.9999746 ]","[[1.3560508  1.4244418  1.254956   1.2305447  1.2073811  1.288654
  1.2562557  1.3682352  1.4168516  1.0497161  1.1706432  0.6222779 ]
 [4.097668   2.3090236  4.2670655  1.689806   3.1530788  0.67541397
  5.7284083  1.5528136  1.671026   2.9001465  5.0503025  3.2666502 ]
 [1.5266895  5.345658   5.20134    5.845111   2.6524332  5.394436
  3.4782994  4.1228833  4.3442492  3.0247984  1.3364081  5.800006  ]]",trotter
336,36,5,True,"[0.99999946 0.9999984  0.9999954  0.99999195 0.99998885 0.9999864
 0.9999849  0.9999842  0.99998426 0.999985   0.9999862  0.9999877
 0.99998957 0.9999914  0.9999932  0.9999949  0.9999963  0.9999975
 0.9999984  0.9999989  0.99999917 0.99999917 0.9999989  0.99999857
 0.9999982  0.9999978  0.99999744 0.9999972  0.99999696 0.9999969
 0.99999696 0.99999714 0.9999974  0.99999774 0.99999815 0.9999985
 0.9999989  0.99999917 0.9999994  0.9999996  0.9999996  0.9999995
 0.99999934 0.9999991  0.9999988  0.9999985  0.9999982  0.999998
 0.99999785 0.99999785 0.9999979  0.9999981  0.9999983  0.99999857
 0.9999988  0.9999989  0.9999991  0.9999992  0.9999993  0.9999993
 0.9999993  0.9999992  0.99999917 0.99999917 0.9999992  0.9999993
 0.99999934 0.9999994  0.9999995  0.99999964 0.99999964 0.9999997
 0.9999996  0.9999994  0.99999917 0.9999988  0.9999984  0.999998
 0.99999756 0.9999972  0.99999696 0.9999969  0.999997   0.99999726
 0.9999977  0.9999981  0.99999857 0.9999989  0.9999991  0.99999905
 0.99999875 0.9999983  0.99999774 0.9999972  0.9999968  0.99999666
 0.99999696 0.9999976  0.9999985  0.9999992  0.99999917]","[[0.68476343 0.5278023  1.0604961  0.8065065  1.3281416  1.432366
  1.3680167  1.0322332  0.8220834  1.2151634  0.8233419  0.6717678 ]
 [6.0901403  5.774007   5.614717   4.1702633  1.7377467  2.0212767
  0.14218056 0.48123157 4.6159945  1.1380576  6.080595   1.5379415 ]
 [5.197266   1.3436167  4.7636824  2.7705505  5.448511   4.5627427
  3.2672966  3.5175638  0.21830909 0.16827784 3.5040784  2.4994192 ]]",trotter
337,37,5,False,"[1.0003976  1.0000901  0.9998969  0.9997861  0.9997313  0.9997115
 0.99971    0.9997152  0.9997199  0.99972    0.9997151  0.99970573
 0.99969584 0.9996887  0.999688   0.9996974  0.9997194  0.9997551
 0.9998048  0.9998673  0.9999401  1.0000197  1.0001023  1.0001832
 1.0002577  1.0003221  1.0003719  1.0004052  1.0004193  1.0004138
 1.000389   1.0003463  1.0002878  1.0002173  1.0001383  1.0000552
 0.9999724  0.99989456 0.9998261  0.99977    0.99972963 0.9997069
 0.99970293 0.9997173  0.9997494  0.9997968  0.9998561  0.9999239
 0.9999957  1.000067   1.0001333  1.0001909  1.0002357  1.0002654
 1.0002786  1.0002743  1.0002533  1.0002168  1.0001675  1.0001081
 1.0000421  0.99997324 0.999905   0.99984056 0.9997832  0.9997358
 0.9997004  0.99967885 0.99967307 0.99968463 0.9997149  0.99976516
 0.99983644 0.9999295  1.0000442  1.0001794  1.0003327  1.0004996
 1.0006735  1.000846   1.0010058  1.0011399  1.001234   1.001273
 1.001243   1.0011317  1.0009302  1.0006351  1.0002495  0.99978364
 0.9992575  0.99869967 0.998149   0.9976534  0.99726963 0.9970619
 0.9971009  0.9974617  0.9982222  0.9994613  1.0012566 ]","[[0.68476343 0.5278023  1.0604961  0.8065065  1.3281416  1.432366
  1.3680167  1.0322332  0.8220834  1.2151634  0.8233419  0.6717678 ]
 [6.0901403  5.774007   5.614717   4.1702633  1.7377467  2.0212767
  0.14218056 0.48123157 4.6159945  1.1380576  6.080595   1.5379415 ]
 [5.197266   1.3436167  4.7636824  2.7705505  5.448511   4.5627427
  3.2672966  3.5175638  0.21830909 0.16827784 3.5040784  2.4994192 ]]",trotter
338,38,5,True,"[1.         0.99999595 0.9999869  0.99997663 0.9999676  0.9999611
 0.9999576  0.9999571  0.999959   0.99996275 0.9999677  0.99997306
 0.9999782  0.99998295 0.9999869  0.9999898  0.99999195 0.99999326
 0.99999404 0.99999434 0.9999944  0.99999434 0.9999944  0.99999446
 0.9999947  0.999995   0.9999953  0.99999565 0.99999595 0.9999962
 0.99999636 0.99999654 0.9999967  0.999997   0.9999973  0.9999977
 0.99999815 0.9999986  0.999999   0.99999934 0.99999946 0.99999946
 0.99999917 0.9999987  0.99999803 0.99999726 0.99999654 0.9999959
 0.99999547 0.9999952  0.99999523 0.9999955  0.99999607 0.9999967
 0.9999975  0.9999982  0.9999988  0.9999993  0.99999964 0.99999976
 0.9999998  0.9999997  0.9999996  0.9999994  0.9999992  0.9999991
 0.9999991  0.9999991  0.9999991  0.99999917 0.9999993  0.9999993
 0.9999992  0.9999992  0.99999905 0.9999988  0.99999857 0.99999833
 0.9999981  0.999998   0.99999785 0.99999785 0.999998   0.9999982
 0.99999845 0.99999875 0.999999   0.99999917 0.99999917 0.9999989
 0.9999985  0.99999785 0.999997   0.99999624 0.9999956  0.9999953
 0.9999955  0.99999636 0.99999774 0.9999991  0.9999997 ]","[[1.1807897  0.67207444 0.65154463 0.9768863  1.0248746  0.8513434
  1.0514705  1.2071518  1.0984342  0.8584007  0.86240804 0.6128193 ]
 [4.720117   3.2017763  2.4340298  5.0846033  5.564455   5.2751317
  4.89884    0.77264094 5.2651196  3.5918155  1.4425827  1.4449426 ]
 [4.681383   5.460026   4.0744214  2.8584263  4.3779044  5.9047484
  4.2948165  3.6651962  0.41420653 0.8655605  2.9873126  3.2282205 ]]",trotter
339,39,5,False,"[1.00011    0.9998878  0.9997582  0.99970096 0.9996982  0.99973375
 0.9997926  0.99986285 0.9999334  0.99999684 1.0000465  1.0000783
 1.0000906  1.0000834  1.0000582  1.0000179  0.99996674 0.9999091
 0.9998502  0.99979556 0.9997498  0.9997172  0.9997004  0.99970186
 0.9997217  0.99975926 0.99981236 0.9998773  0.9999499  1.0000253
 1.0000981  1.0001636  1.0002166  1.0002542  1.0002737  1.0002742
 1.0002561  1.0002213  1.0001732  1.0001158  1.0000544  0.99999356
 0.9999385  0.9998935  0.99986184 0.9998458  0.9998458  0.9998619
 0.9998912  0.99993074 0.9999765  1.0000237  1.0000678  1.0001047
 1.0001307  1.0001429  1.0001407  1.0001234  1.0000937  1.0000528
 1.0000056  0.9999555  0.9999074  0.99986553 0.9998335  0.99981433
 0.99980944 0.99981916 0.99984306 0.99987847 0.9999229  0.9999722
 1.0000226  1.00007    1.0001117  1.0001442  1.0001659  1.0001764
 1.0001758  1.0001656  1.0001482  1.0001256  1.0001005  1.0000755
 1.0000519  1.0000306  1.0000124  0.999996   0.9999796  0.9999611
 0.99993914 0.9999115  0.99987847 0.99984056 0.9998027  0.99977165
 0.9997585  0.99977875 0.9998518  1.0000033  1.0002615 ]","[[1.1807897  0.67207444 0.65154463 0.9768863  1.0248746  0.8513434
  1.0514705  1.2071518  1.0984342  0.8584007  0.86240804 0.6128193 ]
 [4.720117   3.2017763  2.4340298  5.0846033  5.564455   5.2751317
  4.89884    0.77264094 5.2651196  3.5918155  1.4425827  1.4449426 ]
 [4.681383   5.460026   4.0744214  2.8584263  4.3779044  5.9047484
  4.2948165  3.6651962  0.41420653 0.8655605  2.9873126  3.2282205 ]]",trotter
340,40,5,True,"[0.9999982  0.99999845 0.99999493 0.9999898  0.99998456 0.99998003
 0.9999768  0.99997514 0.99997485 0.99997574 0.9999775  0.9999798
 0.99998236 0.99998474 0.9999869  0.9999886  0.9999899  0.9999908
 0.9999913  0.99999166 0.99999183 0.99999213 0.99999255 0.9999932
 0.999994   0.9999949  0.99999595 0.99999696 0.9999979  0.99999857
 0.9999989  0.9999989  0.9999985  0.99999785 0.9999967  0.9999954
 0.9999939  0.9999925  0.99999106 0.9999899  0.99998915 0.9999888
 0.9999889  0.9999895  0.9999905  0.99999195 0.99999356 0.9999953
 0.99999684 0.9999981  0.9999989  0.9999991  0.99999857 0.9999975
 0.9999959  0.99999386 0.99999166 0.9999896  0.99998784 0.9999866
 0.99998593 0.999986   0.99998677 0.99998814 0.9999899  0.9999921
 0.9999942  0.99999624 0.9999979  0.99999905 0.99999964 0.9999995
 0.9999988  0.9999976  0.9999961  0.99999446 0.99999285 0.9999915
 0.9999905  0.99999005 0.9999901  0.9999907  0.99999166 0.99999297
 0.9999943  0.9999955  0.9999965  0.99999684 0.99999654 0.9999956
 0.99999386 0.9999918  0.99998945 0.9999874  0.9999861  0.99998605
 0.9999875  0.99999046 0.99999434 0.9999978  0.9999983 ]","[[1.4947513  0.8099032  0.8965802  1.1954789  1.3165315  1.3609858
  1.05665    1.3733296  0.8221115  0.87165534 0.68270606 1.3932457 ]
 [0.2286791  3.4568782  4.6056094  3.8210292  3.8114755  4.262371
  1.9718957  5.127875   1.5190071  4.755628   0.10813374 3.7066896 ]
 [3.3104274  0.9599947  2.5032878  5.903421   5.8067017  1.6939973
  2.0622804  1.544112   0.42258206 6.066436   5.4733667  1.152116  ]]",trotter
341,41,5,False,"[1.0026186  0.9998541  0.997633   0.9959273  0.99470526 0.9939306
 0.99356204 0.99355507 0.99386144 0.9944306  0.9952093  0.99614394
 0.9971812  0.99826854 0.9993571  1.0004013  1.0013614  1.0022027
 1.0028999  1.0034328  1.003791   1.0039712  1.0039781  1.0038229
 1.0035232  1.0031004  1.00258    1.0019897  1.0013568  1.0007094
 1.0000733  0.99947214 0.99892646 0.99845326 0.9980657  0.99777323
 0.9975806  0.9974896  0.99749774 0.9975992  0.99778503 0.9980434
 0.9983596  0.9987176  0.9990996  0.99948746 0.9998627  1.0002083
 1.0005085  1.0007501  1.0009236  1.0010229  1.0010457  1.0009947
 1.0008764  1.0007004  1.0004799  1.0002306  0.99996805 0.99970907
 0.9994694  0.99926186 0.9990981  0.9989853  0.99892825 0.9989273
 0.9989808  0.99908394 0.99922985 0.9994113  0.9996199  0.9998473
 1.0000858  1.000329   1.0005704  1.0008048  1.0010256  1.0012274
 1.0014027  1.0015438  1.0016408  1.001683   1.0016594  1.0015591
 1.001373   1.0010942  1.0007209  1.0002568  0.99971294 0.99910825
 0.99847066 0.9978364  0.9972503  0.99676526 0.99644    0.9963389
 0.99652886 0.9970784  0.99805474 0.9995231  1.0015432 ]","[[1.4947513  0.8099032  0.8965802  1.1954789  1.3165315  1.3609858
  1.05665    1.3733296  0.8221115  0.87165534 0.68270606 1.3932457 ]
 [0.2286791  3.4568782  4.6056094  3.8210292  3.8114755  4.262371
  1.9718957  5.127875   1.5190071  4.755628   0.10813374 3.7066896 ]
 [3.3104274  0.9599947  2.5032878  5.903421   5.8067017  1.6939973
  2.0622804  1.544112   0.42258206 6.066436   5.4733667  1.152116  ]]",trotter
342,42,5,True,"[0.9999998  0.9999994  0.9999982  0.9999969  0.99999577 0.9999952
 0.99999505 0.9999954  0.99999607 0.9999967  0.99999744 0.999998
 0.99999833 0.99999857 0.99999845 0.99999833 0.9999981  0.9999978
 0.99999756 0.99999744 0.99999744 0.99999756 0.9999978  0.9999981
 0.99999845 0.99999887 0.99999917 0.9999995  0.9999997  0.9999998
 0.9999998  0.99999976 0.99999964 0.99999946 0.99999934 0.99999917
 0.999999   0.99999887 0.9999988  0.99999875 0.99999875 0.99999875
 0.9999988  0.999999   0.9999991  0.9999993  0.9999994  0.9999995
 0.9999995  0.9999995  0.99999934 0.99999917 0.9999989  0.9999986
 0.99999833 0.9999981  0.9999979  0.99999774 0.99999774 0.9999978
 0.9999979  0.99999815 0.99999845 0.9999987  0.9999989  0.99999917
 0.99999934 0.9999995  0.9999996  0.9999995  0.9999995  0.9999994
 0.9999992  0.99999905 0.99999887 0.9999987  0.9999985  0.9999984
 0.9999984  0.9999984  0.99999845 0.99999857 0.9999986  0.9999987
 0.9999987  0.99999857 0.99999833 0.9999979  0.9999974  0.9999968
 0.9999961  0.9999955  0.99999505 0.9999948  0.9999948  0.99999535
 0.9999961  0.99999726 0.9999985  0.9999994  0.9999994 ]","[[1.2929213  1.22417    1.3381432  1.3536823  0.7509433  1.2674056
  1.2121638  0.8967725  0.8792018  0.67703295 1.2695109  1.0989914 ]
 [3.3429968  0.9839706  1.8694105  2.9354293  4.4768295  2.759961
  3.9955575  1.0269055  4.8304253  0.4449598  2.107568   0.16159295]
 [3.292219   2.2558808  4.4882193  4.882059   2.2678964  1.9792347
  2.5654337  1.6682895  0.09840762 0.74014467 0.38132954 5.911416  ]]",trotter
343,43,5,False,"[1.000759   0.99886596 0.9975379  0.9967005  0.9962784  0.99619615
 0.9963811  0.9967648  0.99728334 0.99788076 0.9985087  0.9991272
 0.9997054  1.000221   1.000659   1.0010126  1.0012805  1.0014656
 1.0015751  1.0016177  1.0016026  1.0015398  1.0014383  1.0013059
 1.0011486  1.0009729  1.0007833  1.0005832  1.0003778  1.0001708
 0.9999663  0.99976945 0.9995865  0.99942285 0.9992839  0.99917513
 0.9991013  0.99906516 0.9990683  0.9991106  0.9991898  0.99930173
 0.99943995 0.99959713 0.9997646  0.9999338  1.0000951  1.0002403
 1.0003624  1.0004555  1.0005153  1.0005407  1.0005312  1.0004889
 1.0004188  1.0003251  1.0002145  1.0000944  0.9999722  0.999854
 0.9997467  0.9996558  0.9995851  0.9995377  0.9995157  0.99951863
 0.9995465  0.999597   0.99966776 0.99975526 0.99985534 0.9999643
 1.0000777  1.0001911  1.0002998  1.0004001  1.0004874  1.0005583
 1.000609   1.0006363  1.0006378  1.0006112  1.0005548  1.0004683
 1.000352   1.0002072  1.0000373  0.99984646 0.99964064 0.9994281
 0.99921834 0.9990237  0.9988572  0.9987349  0.9986742  0.998695
 0.9988178  0.9990647  0.9994597  1.000027   1.0007912 ]","[[1.2929213  1.22417    1.3381432  1.3536823  0.7509433  1.2674056
  1.2121638  0.8967725  0.8792018  0.67703295 1.2695109  1.0989914 ]
 [3.3429968  0.9839706  1.8694105  2.9354293  4.4768295  2.759961
  3.9955575  1.0269055  4.8304253  0.4449598  2.107568   0.16159295]
 [3.292219   2.2558808  4.4882193  4.882059   2.2678964  1.9792347
  2.5654337  1.6682895  0.09840762 0.74014467 0.38132954 5.911416  ]]",trotter
344,44,5,True,"[0.99999696 0.99999565 0.99998957 0.99998206 0.9999753  0.9999706
 0.99996823 0.99996835 0.99997026 0.99997354 0.99997735 0.9999812
 0.9999847  0.9999874  0.99998933 0.99999034 0.9999907  0.99999064
 0.99999034 0.99999017 0.9999901  0.9999903  0.99999094 0.99999183
 0.99999297 0.9999942  0.9999955  0.9999966  0.99999756 0.9999982
 0.9999986  0.99999875 0.9999986  0.99999833 0.999998   0.9999976
 0.9999974  0.99999714 0.9999971  0.999997   0.99999714 0.9999972
 0.9999973  0.9999975  0.9999977  0.99999785 0.99999803 0.99999815
 0.9999984  0.9999985  0.9999986  0.9999987  0.9999987  0.9999985
 0.9999983  0.9999979  0.99999744 0.99999696 0.99999654 0.9999962
 0.99999595 0.99999595 0.9999961  0.9999965  0.99999696 0.99999756
 0.99999815 0.9999987  0.99999917 0.99999946 0.99999946 0.99999934
 0.9999989  0.9999982  0.9999974  0.99999636 0.9999953  0.9999942
 0.99999326 0.9999925  0.999992   0.99999195 0.9999923  0.9999931
 0.99999416 0.9999955  0.9999969  0.9999981  0.99999887 0.999999
 0.99999845 0.9999971  0.99999523 0.99999315 0.99999124 0.99999017
 0.99999034 0.9999921  0.99999505 0.99999833 0.99999976]","[[1.12604    0.556762   0.93453157 1.263725   1.4176489  1.4202179
  0.69519717 0.8931871  1.1030416  1.2912946  0.6393114  1.4232482 ]
 [0.38438216 0.3610264  1.7148578  3.0261476  5.557027   0.18876956
  5.941165   0.75236684 0.44647658 3.738345   5.453892   4.1107635 ]
 [4.682516   3.2571418  1.2159333  5.6128182  6.0270343  5.303664
  4.8248425  1.0621289  1.9378264  5.8843513  1.1223967  2.1225324 ]]",trotter
345,45,5,False,"[1.0015792  1.0001973  0.999229   0.9986023  0.9982519  0.9981178
 0.998145   0.9982865  0.9985003  0.9987532  0.99901724 0.9992709
 0.999499   0.99969226 0.9998458  0.99995875 1.0000333  1.0000747
 1.0000904  1.0000869  1.0000719  1.0000525  1.0000348  1.0000234
 1.0000207  1.0000283  1.0000457  1.0000706  1.0001001  1.0001312
 1.0001594  1.0001796  1.000191   1.0001893  1.000175   1.0001471
 1.0001082  1.0000606  1.0000074  0.999953   0.9999025  0.99985915
 0.9998273  0.99980897 0.99980575 0.9998176  0.99984324 0.99988073
 0.99992514 0.99997383 1.0000215  1.0000635  1.0000964  1.0001168
 1.000123   1.0001144  1.0000924  1.0000589  1.0000173  0.9999725
 0.999929   0.9998917  0.9998647  0.9998515  0.99985445 0.99987346
 0.9999078  0.9999541  1.0000091  1.0000674  1.0001228  1.0001711
 1.0002071  1.0002271  1.0002297  1.0002153  1.0001847  1.0001415
 1.0000911  1.0000381  0.99998856 0.9999469  0.999916   0.9998985
 0.99989474 0.9999027  0.9999182  0.999937   0.9999523  0.9999598
 0.99995357 0.9999312  0.9998917  0.9998382  0.9997775  0.99972147
 0.99968636 0.99969393 0.99976957 0.999944   1.0002514 ]","[[1.12604    0.556762   0.93453157 1.263725   1.4176489  1.4202179
  0.69519717 0.8931871  1.1030416  1.2912946  0.6393114  1.4232482 ]
 [0.38438216 0.3610264  1.7148578  3.0261476  5.557027   0.18876956
  5.941165   0.75236684 0.44647658 3.738345   5.453892   4.1107635 ]
 [4.682516   3.2571418  1.2159333  5.6128182  6.0270343  5.303664
  4.8248425  1.0621289  1.9378264  5.8843513  1.1223967  2.1225324 ]]",trotter
346,46,5,True,"[1.         0.999985   0.9999514  0.99991333 0.99988014 0.99985695
 0.9998457  0.99984586 0.99985534 0.9998711  0.9998904  0.99991035
 0.99992913 0.99994546 0.99995875 0.999969   0.9999765  0.9999818
 0.9999856  0.9999881  0.99999    0.9999915  0.9999928  0.9999939
 0.99999493 0.99999577 0.99999636 0.9999966  0.9999966  0.9999962
 0.99999565 0.99999493 0.99999434 0.9999939  0.99999374 0.9999939
 0.9999944  0.9999952  0.999996   0.9999969  0.9999976  0.9999982
 0.9999985  0.9999985  0.9999983  0.99999785 0.99999726 0.9999967
 0.99999624 0.9999959  0.99999565 0.99999565 0.9999959  0.99999624
 0.99999684 0.99999744 0.9999981  0.99999875 0.9999992  0.9999995
 0.9999997  0.9999996  0.99999934 0.9999989  0.99999845 0.99999803
 0.9999977  0.99999744 0.9999973  0.99999744 0.99999756 0.99999785
 0.99999815 0.99999845 0.9999986  0.9999987  0.9999986  0.99999845
 0.9999981  0.9999977  0.99999726 0.9999969  0.9999966  0.9999966
 0.9999968  0.99999726 0.9999979  0.9999986  0.99999934 0.9999998
 0.9999999  0.9999995  0.9999988  0.99999774 0.99999654 0.99999565
 0.9999953  0.9999958  0.99999714 0.9999988  0.9999999 ]","[[1.0883063  0.7308633  1.3110559  1.177587   0.84744054 1.1797968
  0.5466089  1.328284   1.1914234  1.4766351  0.8137839  1.3960909 ]
 [4.2397676  2.3362477  5.9564104  3.2682033  2.857509   5.2629094
  4.4903436  4.609144   0.4288719  1.050339   3.5722058  4.564794  ]
 [3.3662355  5.8113165  0.73023874 0.8334969  3.5259955  4.5836654
  3.364447   1.6934073  3.9821587  3.253492   5.4119577  3.7189362 ]]",trotter
347,47,5,False,"[1.0000701  0.99890625 0.99828166 0.9980923  0.99823356 0.99860334
 0.9991066  0.99965775 1.0001838  1.0006284  1.0009502  1.0011269
 1.001153   1.001036   1.0007994  1.0004731  1.0000938  0.9997001
 0.99932754 0.9990076  0.9987637  0.99861145 0.99855477 0.99859244
 0.99871176 0.99889815 0.9991301  0.99938697 0.9996474  0.99989295
 1.0001085  1.0002846  1.0004145  1.0004965  1.0005327  1.0005287
 1.0004908  1.0004278  1.0003481  1.0002594  1.000169   1.0000823
 1.0000042  0.99993783 0.99988633 0.9998502  0.9998303  0.9998273
 0.99984014 0.9998678  0.9999094  0.9999615  1.000022   1.0000863
 1.0001498  1.0002077  1.0002539  1.0002843  1.0002928  1.0002767
 1.0002345  1.000166   1.0000727  0.9999609  0.9998364  0.9997076
 0.999584   0.99947494 0.99939007 0.99933726 0.99932176 0.999348
 0.9994163  0.99952525 0.99966985 0.99984336 1.0000371  1.000241
 1.0004438  1.000636   1.0008068  1.000946   1.0010462  1.001099
 1.0010993  1.0010425  1.000926   1.0007489  1.0005127  1.0002223
 0.99988544 0.9995157  0.99913055 0.998755   0.99842256 0.9981738
 0.9980588  0.9981396  0.99848753 0.9991829  1.0003191 ]","[[1.0883063  0.7308633  1.3110559  1.177587   0.84744054 1.1797968
  0.5466089  1.328284   1.1914234  1.4766351  0.8137839  1.3960909 ]
 [4.2397676  2.3362477  5.9564104  3.2682033  2.857509   5.2629094
  4.4903436  4.609144   0.4288719  1.050339   3.5722058  4.564794  ]
 [3.3662355  5.8113165  0.73023874 0.8334969  3.5259955  4.5836654
  3.364447   1.6934073  3.9821587  3.253492   5.4119577  3.7189362 ]]",trotter
348,48,5,True,"[1.         0.99999994 0.9999999  0.99999976 0.9999997  0.99999976
 0.9999998  0.9999998  0.99999994 1.         1.         0.99999994
 0.99999994 0.99999994 0.9999999  0.9999998  0.99999976 0.99999964
 0.99999964 0.99999964 0.99999964 0.9999997  0.9999997  0.9999997
 0.99999976 0.9999999  0.9999999  0.99999994 1.         1.
 1.         0.99999994 0.99999994 0.99999994 0.99999994 0.9999999
 0.9999999  0.9999999  0.9999999  0.9999999  0.9999999  0.99999994
 0.9999999  0.9999999  0.99999994 0.99999994 0.99999994 0.99999994
 0.99999994 0.99999994 0.9999999  0.99999994 0.9999999  0.99999994
 0.9999999  0.99999994 0.99999994 0.99999994 0.99999994 0.99999994
 0.99999994 0.99999994 0.99999994 1.         1.         0.99999994
 0.99999994 0.99999994 0.99999994 0.9999999  0.9999999  0.9999999
 0.9999999  0.9999999  0.9999999  0.9999999  0.9999999  0.9999999
 0.99999994 0.9999999  0.99999994 0.99999994 0.9999999  0.9999999
 0.9999998  0.99999976 0.9999997  0.9999996  0.9999995  0.9999994
 0.9999993  0.99999917 0.99999905 0.999999   0.999999   0.99999905
 0.9999992  0.9999994  0.9999997  0.9999999  0.99999994]","[[0.51392174 1.2188236  1.134107   1.2449578  0.6073738  1.1708305
  0.93736094 0.95247763 1.1221515  1.3604772  0.53030246 1.0468371 ]
 [1.7033672  1.1387879  0.2541204  1.0121453  3.790368   2.8880599
  1.289561   0.09778213 2.8391144  0.32957882 4.1492033  1.5558674 ]
 [1.7870187  3.645159   5.5169377  2.31866    5.481776   3.5534902
  3.4097624  5.2946153  3.552705   1.6969941  5.9052567  1.2398248 ]]",trotter
349,49,5,False,"[1.0000424  0.99970573 0.99948305 0.9993556  0.9993042  0.99931306
 0.99936783 0.99945575 0.9995671  0.9996905  0.9998199  0.99994737
 1.0000677  1.0001771  1.0002714  1.0003481  1.0004059  1.000444
 1.0004619  1.0004611  1.0004423  1.0004076  1.0003592  1.000301
 1.0002352  1.0001658  1.000096   1.0000291  0.999969   0.999917
 0.9998761  0.99984705 0.999831   0.99982834 0.99983716 0.9998564
 0.9998844  0.9999181  0.999955   0.9999921  1.0000263  1.0000558
 1.0000782  1.0000918  1.0000963  1.0000913  1.0000777  1.0000565
 1.0000296  0.9999992  0.99996746 0.9999367  0.9999094  0.9998879
 0.9998724  0.99986494 0.99986565 0.9998738  0.99988925 0.9999104
 0.9999353  0.99996245 0.9999899  1.0000151  1.0000371  1.0000541
 1.0000654  1.0000703  1.000069   1.0000618  1.0000503  1.0000352
 1.0000184  1.0000012  0.999986   0.9999734  0.9999657  0.9999627
 0.9999653  0.99997324 0.9999857  1.0000012  1.0000184  1.0000347
 1.0000472  1.0000547  1.0000534  1.0000418  1.0000187  0.99998224
 0.9999337  0.9998752  0.9998086  0.99974054 0.9996777  0.99963003
 0.9996091  0.9996297  0.99970937 0.99986726 1.0001262 ]","[[0.51392174 1.2188236  1.134107   1.2449578  0.6073738  1.1708305
  0.93736094 0.95247763 1.1221515  1.3604772  0.53030246 1.0468371 ]
 [1.7033672  1.1387879  0.2541204  1.0121453  3.790368   2.8880599
  1.289561   0.09778213 2.8391144  0.32957882 4.1492033  1.5558674 ]
 [1.7870187  3.645159   5.5169377  2.31866    5.481776   3.5534902
  3.4097624  5.2946153  3.552705   1.6969941  5.9052567  1.2398248 ]]",trotter
350,50,6,True,"[1.         0.99999946 0.9999984  0.9999972  0.99999636 0.99999577
 0.99999565 0.9999958  0.9999962  0.9999967  0.9999973  0.9999979
 0.9999984  0.99999875 0.999999   0.99999917 0.9999992  0.99999934
 0.9999993  0.9999992  0.9999993  0.99999934 0.99999934 0.99999946
 0.9999996  0.99999964 0.9999997  0.9999997  0.9999998  0.9999999
 0.9999999  0.9999998  0.9999999  0.9999998  0.9999998  0.9999998
 0.99999976 0.99999976 0.9999997  0.99999976 0.9999998  0.99999976
 0.99999976 0.99999976 0.9999998  0.9999998  0.9999999  0.9999998
 0.9999999  0.99999994 0.9999999  0.9999999  0.9999999  0.99999994
 0.9999999  0.9999999  0.9999998  0.9999998  0.9999998  0.9999998
 0.99999976 0.99999976 0.9999998  0.9999998  0.9999998  0.9999998
 0.9999999  0.99999994 0.99999994 0.99999994 1.         1.
 1.         0.99999994 0.9999999  0.9999998  0.9999998  0.99999976
 0.9999997  0.9999997  0.99999964 0.99999964 0.99999964 0.9999997
 0.99999976 0.99999976 0.9999999  0.99999994 1.         1.
 0.99999994 0.9999999  0.9999998  0.9999997  0.9999996  0.9999995
 0.9999995  0.9999996  0.99999976 0.9999999  1.        ]","[[0.5444116  0.6975983  0.58813995 0.55843127 0.27308097 0.58372414
  0.62444943 0.69970125 0.53562826 0.51815224 0.5183623  0.5562261
  0.25311863 0.38037887 0.5212481 ]
 [0.7450965  3.2990577  5.561451   3.3509617  3.2986388  2.5644743
  1.6397141  1.6971947  6.1802397  0.5093485  2.9252071  0.33114958
  0.41881955 2.9048889  3.33442   ]
 [2.4616811  5.483997   4.770611   1.4079163  2.322096   2.9802647
  5.4980946  2.9657476  1.4426775  2.3993845  0.13409744 1.9213926
  2.2531006  3.2265785  4.6475105 ]]",trotter
351,51,6,False,"[1.0001835  0.9999417  0.99977493 0.99967045 0.99961597 0.9996013
 0.9996168  0.99965465 0.99970716 0.99976885 0.9998342  0.9998992
 0.99996114 1.0000175  1.000067   1.0001086  1.0001416  1.0001665
 1.0001831  1.0001922  1.0001942  1.0001904  1.0001808  1.0001665
 1.0001479  1.0001267  1.0001026  1.0000769  1.00005    1.0000228
 0.999996   0.9999696  0.9999453  0.99992335 0.9999039  0.9998886
 0.9998773  0.9998705  0.9998687  0.99987185 0.99987984 0.9998926
 0.9999099  0.9999305  0.999954   0.9999793  1.000005   1.0000303
 1.0000536  1.000074   1.0000902  1.0001018  1.0001076  1.0001076
 1.0001016  1.0000899  1.000073   1.0000516  1.0000273  1.0000006
 0.9999734  0.9999469  0.9999228  0.999902   0.9998859  0.9998755
 0.99987113 0.9998732  0.9998818  0.9998966  0.99991655 0.99994135
 0.99996966 1.0000001  1.0000312  1.0000618  1.0000899  1.0001152
 1.0001353  1.0001496  1.0001578  1.000159   1.0001527  1.0001389
 1.000118   1.0000906  1.0000569  1.0000186  0.9999767  0.99993247
 0.9998883  0.9998458  0.9998076  0.9997764  0.9997558  0.99974805
 0.99975806 0.9997902  0.99984837 0.99993914 1.0000674 ]","[[0.5444116  0.6975983  0.58813995 0.55843127 0.27308097 0.58372414
  0.62444943 0.69970125 0.53562826 0.51815224 0.5183623  0.5562261
  0.25311863 0.38037887 0.5212481 ]
 [0.7450965  3.2990577  5.561451   3.3509617  3.2986388  2.5644743
  1.6397141  1.6971947  6.1802397  0.5093485  2.9252071  0.33114958
  0.41881955 2.9048889  3.33442   ]
 [2.4616811  5.483997   4.770611   1.4079163  2.322096   2.9802647
  5.4980946  2.9657476  1.4426775  2.3993845  0.13409744 1.9213926
  2.2531006  3.2265785  4.6475105 ]]",trotter
352,52,6,True,"[0.9999927  0.9999911  0.99997145 0.9999418  0.999909   0.9998777
 0.99985135 0.99983215 0.9998212  0.99981844 0.9998234  0.9998349
 0.9998514  0.99987143 0.9998931  0.99991494 0.9999356  0.9999539
 0.999969   0.99998045 0.99998814 0.9999922  0.99999297 0.99999106
 0.99998724 0.99998224 0.99997693 0.999972   0.9999679  0.99996513
 0.999964   0.9999645  0.99996656 0.9999699  0.99997425 0.9999791
 0.999984   0.9999886  0.9999925  0.99999535 0.99999714 0.99999774
 0.99999726 0.9999958  0.99999374 0.9999913  0.99998873 0.99998647
 0.9999847  0.9999836  0.9999834  0.9999839  0.99998516 0.99998707
 0.99998933 0.9999918  0.9999941  0.99999595 0.99999726 0.99999774
 0.9999973  0.99999595 0.9999937  0.99999076 0.99998736 0.99998367
 0.99998015 0.999977   0.99997455 0.999973   0.9999725  0.9999733
 0.99997514 0.9999781  0.9999818  0.999986   0.9999903  0.99999416
 0.99999726 0.99999917 0.99999934 0.99999774 0.99999416 0.9999885
 0.999981   0.999972   0.999962   0.99995166 0.9999418  0.9999332
 0.9999267  0.99992317 0.9999231  0.99992704 0.999935   0.9999464
 0.9999605  0.9999754  0.9999886  0.9999968  0.9999955 ]","[[0.3539068  0.50929815 0.6582036  0.49081197 0.48212937 0.30294445
  0.5600732  0.70817894 0.38837326 0.7409157  0.29720095 0.42066082
  0.26281965 0.46595758 0.4989936 ]
 [5.4636564  2.188991   5.186151   1.6503692  4.0439725  1.2974387
  3.9519327  5.7048616  0.7193378  2.6465778  4.2031846  4.480123
  6.0420146  4.108824   1.2540693 ]
 [3.8049212  5.26357    3.9075224  5.4937944  2.6938422  5.773287
  1.3712461  3.4051962  5.8998737  2.1309302  3.900574   2.5980158
  4.072741   0.16733356 0.47898638]]",trotter
353,53,6,False,"[1.0005716  1.0000715  0.9997023  0.99945176 0.9993069  0.99925417
 0.9992784  0.9993643  0.9994971  0.99966127 0.99984276 1.0000279
 1.0002038  1.0003604  1.0004878  1.000579   1.0006284  1.000633
 1.0005912  1.000504   1.0003743  1.0002064  1.0000069  0.9997829
 0.9995435  0.9992978  0.99905545 0.9988262  0.9986197  0.9984442
 0.9983075  0.99821633 0.9981753  0.9981876  0.99825424 0.9983749
 0.99854696 0.99876606 0.9990262  0.99931973 0.9996382  0.9999719
 1.0003107  1.0006438  1.000962   1.0012544  1.001513   1.0017298
 1.0018986  1.0020142  1.0020741  1.002077   1.0020237  1.0019164
 1.0017593  1.001558   1.0013192  1.0010506  1.0007609  1.0004592
 1.0001543  0.9998552  0.99957037 0.9993077  0.9990739  0.99887455
 0.99871445 0.9985966  0.99852264 0.9984931  0.9985066  0.9985612
 0.9986528  0.9987774  0.99892914 0.9991018  0.99928874 0.9994829
 0.9996775  0.9998653  1.00004    1.000196   1.0003276  1.0004311
 1.0005034  1.0005426  1.000549   1.0005225  1.0004665  1.0003841
 1.0002816  1.0001649  1.0000421  0.9999228  0.9998163  0.99973446
 0.99968845 0.9996901  0.99975234 0.99988747 1.0001074 ]","[[0.3539068  0.50929815 0.6582036  0.49081197 0.48212937 0.30294445
  0.5600732  0.70817894 0.38837326 0.7409157  0.29720095 0.42066082
  0.26281965 0.46595758 0.4989936 ]
 [5.4636564  2.188991   5.186151   1.6503692  4.0439725  1.2974387
  3.9519327  5.7048616  0.7193378  2.6465778  4.2031846  4.480123
  6.0420146  4.108824   1.2540693 ]
 [3.8049212  5.26357    3.9075224  5.4937944  2.6938422  5.773287
  1.3712461  3.4051962  5.8998737  2.1309302  3.900574   2.5980158
  4.072741   0.16733356 0.47898638]]",trotter
354,54,6,True,"[0.9999992  0.99999917 0.9999978  0.9999959  0.999994   0.9999924
 0.9999912  0.9999906  0.9999906  0.999991   0.9999917  0.9999927
 0.9999938  0.9999949  0.9999959  0.99999684 0.9999976  0.9999982
 0.9999986  0.9999989  0.9999991  0.99999917 0.9999991  0.9999991
 0.999999   0.9999989  0.99999887 0.9999988  0.9999988  0.99999875
 0.9999987  0.9999986  0.99999857 0.99999845 0.99999833 0.9999983
 0.9999981  0.99999803 0.99999803 0.99999803 0.99999803 0.9999982
 0.99999833 0.9999985  0.99999875 0.99999905 0.9999992  0.99999946
 0.9999996  0.99999964 0.9999996  0.9999995  0.9999994  0.9999993
 0.99999905 0.9999988  0.9999987  0.9999985  0.9999985  0.99999845
 0.9999985  0.9999986  0.9999988  0.999999   0.9999991  0.9999993
 0.9999994  0.99999946 0.99999946 0.99999946 0.9999994  0.99999934
 0.9999992  0.9999991  0.9999991  0.99999905 0.99999905 0.9999991
 0.9999992  0.99999934 0.99999946 0.9999995  0.9999995  0.9999994
 0.9999991  0.9999986  0.999998   0.99999714 0.9999961  0.999995
 0.99999386 0.99999285 0.9999921  0.99999166 0.9999917  0.9999924
 0.9999937  0.9999954  0.99999744 0.9999992  0.99999994]","[[0.732668   0.5578148  0.3812528  0.26034233 0.7278413  0.62169194
  0.5636058  0.27987367 0.5689406  0.57890415 0.67377317 0.3057561
  0.2919409  0.70545584 0.35343874]
 [4.6896653  1.0288789  1.5791948  2.255891   0.36393502 1.0968049
  2.654404   6.0815215  0.6297565  1.1861492  0.38740796 0.9203427
  2.963438   5.7239976  6.120408  ]
 [3.6567464  1.9919126  1.6896151  0.01044519 5.104919   1.3879135
  5.4605227  4.330123   3.5742133  1.7618039  0.82586426 4.1733356
  1.5438534  5.827695   2.6933064 ]]",trotter
355,55,6,False,"[1.0004427  1.0001801  1.0000008  0.9998886  0.9998284  0.99980694
 0.9998127  0.99983525 0.9998664  0.99989974 0.99992967 0.9999528
 0.9999668  0.9999705  0.9999642  0.99994856 0.9999256  0.99989736
 0.99986583 0.99983424 0.999805   0.9997803  0.9997626  0.9997535
 0.99975365 0.9997635  0.9997837  0.99981254 0.9998495  0.9998928
 0.9999403  0.99998975 1.0000387  1.0000846  1.0001256  1.0001595
 1.0001845  1.0001994  1.0002041  1.000198   1.0001819  1.0001564
 1.0001235  1.0000851  1.0000428  0.9999997  0.9999576  0.9999192
 0.99988693 0.99986225 0.9998467  0.99984175 0.99984753 0.99986404
 0.99989104 0.99992687 0.99997056 1.0000197  1.0000722  1.0001258
 1.0001775  1.0002251  1.0002655  1.0002972  1.0003177  1.0003258
 1.000321   1.0003022  1.0002697  1.0002244  1.0001676  1.0001013
 1.0000277  0.9999498  0.999871   0.9997943  0.9997233  0.99966156
 0.9996124  0.99957854 0.9995628  0.99956703 0.99959236 0.9996395
 0.9997077  0.9997953  0.99990094 1.0000199  1.0001485  1.0002817
 1.0004128  1.0005351  1.0006409  1.000722   1.0007703  1.000776
 1.0007308  1.000625   1.0004501  1.0001975  0.99985874]","[[0.732668   0.5578148  0.3812528  0.26034233 0.7278413  0.62169194
  0.5636058  0.27987367 0.5689406  0.57890415 0.67377317 0.3057561
  0.2919409  0.70545584 0.35343874]
 [4.6896653  1.0288789  1.5791948  2.255891   0.36393502 1.0968049
  2.654404   6.0815215  0.6297565  1.1861492  0.38740796 0.9203427
  2.963438   5.7239976  6.120408  ]
 [3.6567464  1.9919126  1.6896151  0.01044519 5.104919   1.3879135
  5.4605227  4.330123   3.5742133  1.7618039  0.82586426 4.1733356
  1.5438534  5.827695   2.6933064 ]]",trotter
356,56,6,True,"[0.9999998  0.9999996  0.9999988  0.99999785 0.999997   0.9999965
 0.99999624 0.9999963  0.99999654 0.999997   0.9999975  0.99999803
 0.9999985  0.99999887 0.99999917 0.9999994  0.99999946 0.9999995
 0.9999995  0.99999946 0.9999994  0.99999934 0.9999994  0.9999994
 0.9999994  0.9999995  0.9999996  0.99999976 0.9999998  0.9999999
 0.9999999  0.9999999  0.9999999  0.9999998  0.9999997  0.99999964
 0.9999995  0.9999995  0.99999946 0.99999934 0.9999994  0.9999994
 0.9999994  0.99999946 0.9999995  0.9999996  0.9999997  0.99999976
 0.9999998  0.9999999  0.9999999  0.9999999  0.9999999  0.9999999
 0.9999998  0.99999976 0.9999997  0.9999997  0.99999964 0.9999996
 0.9999996  0.99999964 0.99999964 0.99999964 0.9999997  0.9999997
 0.99999976 0.9999998  0.9999998  0.9999999  0.9999999  0.9999998
 0.9999998  0.99999976 0.9999997  0.9999997  0.99999964 0.99999964
 0.99999964 0.9999996  0.9999996  0.9999996  0.9999996  0.99999964
 0.99999964 0.9999996  0.9999995  0.9999994  0.9999992  0.99999905
 0.99999875 0.9999985  0.9999983  0.9999981  0.999998   0.99999803
 0.99999833 0.99999875 0.9999993  0.99999976 0.99999994]","[[0.57243377 0.45476785 0.3889496  0.27876806 0.53038895 0.5334559
  0.3831219  0.71967053 0.54587823 0.3243248  0.71460134 0.5043107
  0.39727682 0.57874805 0.527169  ]
 [3.4840791  0.37406778 2.2858586  4.9682083  1.7054377  2.0669906
  0.7972179  5.0311065  0.07510322 1.7296382  3.8237479  5.1005893
  3.9935694  1.6565268  0.52738583]
 [2.105032   1.3937473  3.5327206  2.7363942  5.00888    3.0056014
  2.0432858  5.102054   2.4961514  2.6573827  4.421945   0.12001115
  4.6216874  6.204454   1.2133591 ]]",trotter
357,57,6,False,"[1.0005301  1.0000993  0.9997789  0.9995534  0.99940705 0.9993266
 0.999299   0.9993128  0.9993583  0.99942625 0.9995091  0.99960005
 0.99969375 0.9997859  0.999873   0.99995255 1.0000223  1.0000819
 1.0001303  1.0001676  1.0001941  1.0002103  1.0002172  1.0002154
 1.0002066  1.0001916  1.0001715  1.0001472  1.0001202  1.0000911
 1.0000609  1.0000309  1.0000013  0.999973   0.9999465  0.9999226
 0.9999015  0.9998839  0.9998699  0.99986    0.99985427 0.99985266
 0.9998556  0.9998625  0.99987346 0.99988806 0.9999064  0.99992716
 0.9999505  0.9999756  1.0000015  1.0000281  1.0000541  1.0000793
 1.0001026  1.0001235  1.0001415  1.0001559  1.0001668  1.0001732
 1.0001752  1.000173   1.000166   1.0001549  1.0001396  1.0001206
 1.0000986  1.0000739  1.0000477  1.00002    0.9999924  0.9999655
 0.99994034 0.9999177  0.99989843 0.9998835  0.9998731  0.9998681
 0.9998691  0.9998754  0.99988765 0.99990517 0.99992716 0.999953
 0.9999814  1.0000113  1.000041   1.0000693  1.0000944  1.0001152
 1.0001302  1.000138   1.0001386  1.0001317  1.0001179  1.0000976
 1.0000734  1.0000477  1.0000241  1.0000074  1.000003  ]","[[0.57243377 0.45476785 0.3889496  0.27876806 0.53038895 0.5334559
  0.3831219  0.71967053 0.54587823 0.3243248  0.71460134 0.5043107
  0.39727682 0.57874805 0.527169  ]
 [3.4840791  0.37406778 2.2858586  4.9682083  1.7054377  2.0669906
  0.7972179  5.0311065  0.07510322 1.7296382  3.8237479  5.1005893
  3.9935694  1.6565268  0.52738583]
 [2.105032   1.3937473  3.5327206  2.7363942  5.00888    3.0056014
  2.0432858  5.102054   2.4961514  2.6573827  4.421945   0.12001115
  4.6216874  6.204454   1.2133591 ]]",trotter
358,58,6,True,"[0.9999993  0.99999887 0.99999565 0.99999136 0.999987   0.9999834
 0.99998087 0.99997956 0.9999794  0.9999802  0.9999819  0.99998415
 0.99998665 0.9999892  0.9999917  0.999994   0.9999958  0.99999744
 0.9999985  0.9999992  0.9999996  0.99999964 0.9999995  0.99999917
 0.9999988  0.99999833 0.99999785 0.9999975  0.99999714 0.99999696
 0.99999684 0.9999967  0.9999968  0.9999969  0.9999971  0.9999973
 0.9999975  0.9999978  0.99999803 0.9999983  0.9999984  0.99999857
 0.9999987  0.9999988  0.99999887 0.99999887 0.99999887 0.9999988
 0.9999988  0.9999987  0.9999986  0.99999857 0.99999845 0.9999984
 0.99999833 0.99999833 0.9999983  0.9999983  0.9999983  0.9999982
 0.9999982  0.99999815 0.9999981  0.99999803 0.999998   0.99999785
 0.9999978  0.9999977  0.9999976  0.99999756 0.99999756 0.99999756
 0.9999976  0.9999978  0.9999979  0.99999815 0.99999845 0.9999987
 0.9999989  0.9999991  0.99999917 0.9999991  0.9999988  0.9999984
 0.99999774 0.99999684 0.99999577 0.9999945  0.9999932  0.9999919
 0.9999907  0.9999898  0.9999893  0.99998915 0.9999897  0.9999909
 0.9999926  0.9999949  0.9999972  0.99999905 0.9999997 ]","[[0.32338372 0.46258765 0.3879602  0.5856948  0.2718944  0.6162989
  0.41772804 0.25960156 0.26481417 0.4580364  0.4906798  0.62963563
  0.66532826 0.67909694 0.46937755]
 [4.5439477  4.5135984  2.5978153  1.6303548  2.2302058  3.143678
  4.1856747  5.728639   4.5180426  4.932958   3.988573   3.007607
  3.7734113  4.573869   2.0990112 ]
 [0.88412225 2.909356   5.8919315  1.4854535  6.128995   3.948986
  1.336783   1.810996   3.5334902  3.5743635  4.745022   2.5554347
  0.8138952  0.5253135  0.32450172]]",trotter
359,59,6,False,"[0.9994807  0.9998007  1.0000858  1.000333   1.0005391  1.0007024
 1.0008225  1.000899   1.0009339  1.0009286  1.0008868  1.0008122
 1.0007092  1.0005832  1.0004398  1.0002846  1.0001236  0.99996257
 0.99980736 0.9996626  0.99953294 0.99942243 0.9993339  0.9992698
 0.9992312  0.99921864 0.99923193 0.9992688  0.9993281  0.99940616
 0.9995     0.9996058  0.99971956 0.9998367  0.9999537  1.0000658
 1.0001699  1.0002629  1.0003415  1.0004045  1.0004501  1.0004779
 1.000488   1.0004805  1.0004574  1.0004203  1.0003712  1.0003132
 1.0002482  1.0001794  1.00011    1.0000421  0.9999783  0.9999207
 0.9998712  0.9998309  0.99980074 0.9997813  0.99977225 0.9997736
 0.9997841  0.9998029  0.99982893 0.9998602  0.99989533 0.9999324
 0.9999699  1.0000063  1.0000398  1.0000697  1.0000949  1.0001147
 1.0001283  1.0001357  1.000137   1.0001326  1.0001227  1.0001081
 1.0000896  1.0000688  1.0000458  1.0000218  0.999998   0.99997514
 0.9999544  0.999936   0.99992055 0.9999087  0.99990076 0.9998968
 0.99989676 0.9999005  0.9999077  0.9999183  0.9999316  0.9999473
 0.9999651  0.99998385 1.0000033  1.0000231  1.0000427 ]","[[0.32338372 0.46258765 0.3879602  0.5856948  0.2718944  0.6162989
  0.41772804 0.25960156 0.26481417 0.4580364  0.4906798  0.62963563
  0.66532826 0.67909694 0.46937755]
 [4.5439477  4.5135984  2.5978153  1.6303548  2.2302058  3.143678
  4.1856747  5.728639   4.5180426  4.932958   3.988573   3.007607
  3.7734113  4.573869   2.0990112 ]
 [0.88412225 2.909356   5.8919315  1.4854535  6.128995   3.948986
  1.336783   1.810996   3.5334902  3.5743635  4.745022   2.5554347
  0.8138952  0.5253135  0.32450172]]",trotter
360,60,6,True,"[0.9999988  0.9999984  0.9999945  0.99998915 0.99998367 0.99997884
 0.9999754  0.99997336 0.99997294 0.9999739  0.999976   0.9999788
 0.9999821  0.9999857  0.9999891  0.9999922  0.9999949  0.999997
 0.9999985  0.99999946 0.9999999  0.9999998  0.9999994  0.99999875
 0.99999803 0.99999726 0.99999654 0.999996   0.9999955  0.9999953
 0.9999953  0.9999954  0.9999956  0.999996   0.99999636 0.99999684
 0.9999973  0.99999774 0.99999815 0.99999845 0.99999875 0.99999905
 0.99999917 0.9999993  0.9999993  0.9999994  0.9999994  0.9999994
 0.9999994  0.9999994  0.99999934 0.9999993  0.99999917 0.9999991
 0.999999   0.99999887 0.9999988  0.9999987  0.9999986  0.9999986
 0.9999986  0.9999987  0.99999887 0.999999   0.99999917 0.99999934
 0.9999995  0.99999964 0.99999976 0.9999998  0.99999976 0.9999997
 0.99999964 0.9999995  0.99999934 0.9999992  0.9999991  0.99999905
 0.99999905 0.99999905 0.9999991  0.99999917 0.9999993  0.99999934
 0.99999934 0.99999934 0.9999992  0.999999   0.9999986  0.9999982
 0.9999978  0.9999973  0.9999969  0.99999666 0.9999966  0.9999968
 0.99999726 0.999998   0.99999887 0.99999964 0.99999994]","[[0.44566512 0.27860403 0.40301672 0.41468653 0.72180635 0.3374056
  0.5436187  0.69064426 0.5897533  0.5746665  0.69334126 0.6226287
  0.6700085  0.7166512  0.37745503]
 [3.3397112  5.0402255  5.7101784  5.6623516  2.6533918  1.5496004
  2.9408143  3.2965167  5.3323965  1.7500402  5.4132414  2.070018
  1.963786   3.6565506  4.7598014 ]
 [6.0657687  1.7117827  4.715426   4.8509674  5.786415   1.2063541
  6.225378   1.5048304  0.762094   2.5517974  6.068448   0.3367814
  5.7809286  3.0916643  2.8400867 ]]",trotter
361,61,6,False,"[1.0009419  1.0003265  0.9998611  0.99952614 0.9993032  0.9991743
 0.9991219  0.9991304  0.99918467 0.99927163 0.9993791  0.9994966
 0.99961543 0.9997284  0.99982977 0.99991536 0.9999827  1.0000304
 1.0000584  1.0000676  1.0000597  1.0000373  1.0000035  0.9999614
 0.9999144  0.9998663  0.9998203  0.9997793  0.9997458  0.9997215
 0.99970835 0.999707   0.9997174  0.99973917 0.9997717  0.9998134
 0.9998623  0.99991643 0.9999736  1.0000312  1.0000874  1.0001395
 1.0001857  1.0002245  1.0002543  1.0002748  1.0002847  1.0002843
 1.000274   1.0002542  1.0002263  1.0001911  1.0001503  1.000106
 1.000059   1.0000119  0.9999659  0.9999226  0.99988383 0.9998505
 0.9998241  0.9998048  0.9997932  0.9997899  0.9997944  0.9998065
 0.9998253  0.9998499  0.9998799  0.99991345 0.9999493  0.99998635
 1.0000226  1.0000573  1.0000895  1.0001172  1.0001401  1.0001574
 1.0001684  1.0001732  1.0001712  1.0001632  1.0001485  1.0001287
 1.0001036  1.0000743  1.0000416  1.0000061  0.99996865 0.9999313
 0.9998943  0.9998601  0.9998298  0.9998059  0.99979115 0.9997881
 0.9998009  0.9998336  0.99989104 0.99997956 1.0001059 ]","[[0.44566512 0.27860403 0.40301672 0.41468653 0.72180635 0.3374056
  0.5436187  0.69064426 0.5897533  0.5746665  0.69334126 0.6226287
  0.6700085  0.7166512  0.37745503]
 [3.3397112  5.0402255  5.7101784  5.6623516  2.6533918  1.5496004
  2.9408143  3.2965167  5.3323965  1.7500402  5.4132414  2.070018
  1.963786   3.6565506  4.7598014 ]
 [6.0657687  1.7117827  4.715426   4.8509674  5.786415   1.2063541
  6.225378   1.5048304  0.762094   2.5517974  6.068448   0.3367814
  5.7809286  3.0916643  2.8400867 ]]",trotter
362,62,6,True,"[0.99999857 0.9999974  0.9999907  0.99998116 0.9999709  0.9999612
 0.99995315 0.99994737 0.999944   0.999943   0.9999443  0.99994755
 0.99995214 0.9999578  0.99996394 0.99997014 0.99997604 0.9999814
 0.9999859  0.99998945 0.99999195 0.99999356 0.9999943  0.9999942
 0.99999356 0.99999255 0.9999915  0.99999034 0.9999894  0.9999888
 0.9999885  0.9999886  0.99998915 0.99999005 0.9999911  0.9999924
 0.9999936  0.9999948  0.99999577 0.9999965  0.9999969  0.9999971
 0.9999969  0.9999965  0.9999959  0.9999953  0.9999947  0.9999943
 0.999994   0.99999386 0.9999939  0.9999942  0.99999464 0.9999951
 0.99999565 0.99999607 0.9999963  0.99999624 0.999996   0.9999954
 0.99999464 0.99999356 0.9999923  0.99999106 0.99998975 0.9999886
 0.99998766 0.99998707 0.99998677 0.99998695 0.99998754 0.9999885
 0.99998975 0.99999136 0.999993   0.99999475 0.9999963  0.9999976
 0.99999845 0.99999875 0.9999983  0.99999714 0.9999951  0.9999923
 0.9999888  0.99998474 0.9999802  0.99997556 0.9999711  0.99996716
 0.9999641  0.99996233 0.9999621  0.99996364 0.99996704 0.9999723
 0.9999789  0.9999862  0.999993   0.9999978  0.9999982 ]","[[0.6630279  0.33018672 0.41227493 0.49141023 0.4144378  0.5275692
  0.5608759  0.3109278  0.35596535 0.7483534  0.61794615 0.48465356
  0.34933436 0.40660983 0.6031442 ]
 [5.823733   3.6587307  1.7806786  1.8005275  2.2732158  4.6808763
  1.9071941  5.75144    1.0100944  2.4944396  6.1158366  5.1995335
  2.1051443  2.8231933  4.155123  ]
 [4.0722694  3.2439213  4.977204   4.5783606  3.0365498  1.1980542
  6.192792   2.3706024  3.15466    5.9867873  5.686859   2.9212415
  4.0662885  3.7594311  5.125766  ]]",trotter
363,63,6,False,"[1.000962   1.0002928  0.99976707 0.9993705  0.99908894 0.998908
 0.9988134  0.9987914  0.9988289  0.99891365 0.9990333  0.9991772
 0.99933577 0.99949986 0.9996618  0.99981475 0.99995387 1.0000743
 1.0001734  1.0002486  1.0002997  1.000326   1.0003293  1.0003104
 1.0002725  1.0002186  1.0001516  1.0000755  0.99999446 0.9999121
 0.9998321  0.99975854 0.9996941  0.99964136 0.9996026  0.99957937
 0.99957246 0.9995819  0.999607   0.99964696 0.9996999  0.9997637
 0.99983543 0.9999126  0.9999923  1.0000714  1.0001475  1.0002174
 1.0002793  1.000331   1.0003715  1.0003994  1.0004141  1.0004163
 1.0004058  1.0003837  1.0003506  1.0003084  1.0002586  1.0002028
 1.0001425  1.0000798  1.0000162  0.9999535  0.99989307 0.99983656
 0.99978477 0.99973935 0.99970126 0.9996711  0.99964917 0.9996364
 0.99963254 0.9996381  0.99965256 0.9996749  0.99970526 0.9997422
 0.9997845  0.99983114 0.99988055 0.99993104 0.999981   1.0000286
 1.000072   1.0001101  1.0001415  1.0001647  1.0001795  1.000185
 1.0001816  1.0001693  1.0001498  1.0001243  1.0000947  1.0000638
 1.0000343  1.0000095  0.9999938  0.99999064 1.0000043 ]","[[0.6630279  0.33018672 0.41227493 0.49141023 0.4144378  0.5275692
  0.5608759  0.3109278  0.35596535 0.7483534  0.61794615 0.48465356
  0.34933436 0.40660983 0.6031442 ]
 [5.823733   3.6587307  1.7806786  1.8005275  2.2732158  4.6808763
  1.9071941  5.75144    1.0100944  2.4944396  6.1158366  5.1995335
  2.1051443  2.8231933  4.155123  ]
 [4.0722694  3.2439213  4.977204   4.5783606  3.0365498  1.1980542
  6.192792   2.3706024  3.15466    5.9867873  5.686859   2.9212415
  4.0662885  3.7594311  5.125766  ]]",trotter
364,64,6,True,"[0.99999946 0.9999995  0.99999887 0.99999785 0.99999684 0.9999959
 0.99999523 0.9999949  0.9999947  0.9999948  0.99999505 0.9999954
 0.9999959  0.9999965  0.99999696 0.9999974  0.99999785 0.99999815
 0.99999845 0.9999987  0.9999988  0.999999   0.99999905 0.9999991
 0.99999917 0.9999992  0.9999992  0.9999992  0.99999917 0.9999991
 0.99999905 0.999999   0.9999988  0.99999875 0.9999986  0.99999845
 0.9999983  0.99999815 0.99999803 0.999998   0.999998   0.99999803
 0.9999981  0.9999982  0.99999833 0.99999845 0.99999857 0.9999987
 0.99999875 0.9999988  0.99999887 0.99999887 0.99999887 0.9999988
 0.9999988  0.99999875 0.99999875 0.9999987  0.99999875 0.99999875
 0.99999875 0.9999987  0.9999987  0.9999986  0.9999985  0.9999984
 0.9999983  0.9999981  0.999998   0.9999978  0.99999774 0.9999977
 0.9999977  0.9999978  0.999998   0.9999982  0.9999985  0.9999988
 0.9999991  0.9999994  0.9999995  0.99999946 0.99999917 0.99999857
 0.99999774 0.9999966  0.9999951  0.9999934  0.9999915  0.99998957
 0.9999877  0.9999862  0.99998516 0.99998486 0.9999854  0.99998695
 0.9999894  0.99999255 0.99999595 0.9999988  0.99999994]","[[0.32737494 0.45187363 0.39939815 0.2717641  0.4902837  0.6291452
  0.7420504  0.60909885 0.4078891  0.5067236  0.31643838 0.6864958
  0.6889148  0.7467966  0.58176   ]
 [1.1774185  0.64126945 5.915985   5.757396   2.388126   1.788749
  2.2955766  2.0702147  1.9228551  2.087873   1.8306515  4.3957357
  2.3482282  4.0626664  5.584923  ]
 [4.218346   1.6356148  2.8842735  4.4554543  1.9621409  0.8918347
  6.0260677  5.4206157  0.8216311  1.579786   4.5238414  3.3950312
  6.0252967  3.6432927  3.0913641 ]]",trotter
365,65,6,False,"[0.9997716  0.999913   1.0000479  1.0001699  1.000274   1.0003562
 1.0004144  1.000447   1.0004549  1.0004392  1.0004017  1.0003462
 1.0002754  1.0001937  1.0001053  1.0000147  0.9999254  0.9998418
 0.99976677 0.9997042  0.9996556  0.9996224  0.99960583 0.9996059
 0.9996216  0.9996524  0.9996958  0.99974966 0.99981123 0.9998774
 0.99994546 1.0000123  1.000075   1.0001312  1.0001787  1.0002161
 1.0002421  1.0002564  1.0002589  1.0002505  1.000232   1.0002052
 1.0001715  1.0001335  1.0000929  1.0000522  1.0000135  0.9999785
 0.99994886 0.99992615 0.99991083 0.9999029  0.9999039  0.9999121
 0.99992657 0.9999478  0.9999727  1.0000004  1.0000298  1.0000583
 1.000085   1.0001082  1.0001262  1.0001382  1.0001444  1.0001429
 1.0001343  1.0001185  1.0000976  1.0000706  1.0000399  1.0000067
 0.9999725  0.9999381  0.9999066  0.9998789  0.999856   0.99984
 0.99983096 0.99983025 0.99983746 0.99985296 0.9998768  0.9999063
 0.99994135 0.9999807  1.0000212  1.0000622  1.000101   1.0001352
 1.0001634  1.0001835  1.0001944  1.0001947  1.0001849  1.0001645
 1.0001351  1.0000983  1.0000573  1.0000155  0.999977  ]","[[0.32737494 0.45187363 0.39939815 0.2717641  0.4902837  0.6291452
  0.7420504  0.60909885 0.4078891  0.5067236  0.31643838 0.6864958
  0.6889148  0.7467966  0.58176   ]
 [1.1774185  0.64126945 5.915985   5.757396   2.388126   1.788749
  2.2955766  2.0702147  1.9228551  2.087873   1.8306515  4.3957357
  2.3482282  4.0626664  5.584923  ]
 [4.218346   1.6356148  2.8842735  4.4554543  1.9621409  0.8918347
  6.0260677  5.4206157  0.8216311  1.579786   4.5238414  3.3950312
  6.0252967  3.6432927  3.0913641 ]]",trotter
366,66,6,True,"[0.99998385 0.99999076 0.9999818  0.9999637  0.9999415  0.9999193
 0.9998997  0.9998846  0.9998748  0.9998705  0.99987155 0.9998771
 0.9998865  0.99989843 0.9999119  0.99992603 0.99993986 0.9999526
 0.9999638  0.99997306 0.99998033 0.9999855  0.9999887  0.9999902
 0.9999904  0.99998957 0.9999881  0.99998635 0.9999846  0.9999831
 0.99998194 0.99998134 0.99998116 0.9999816  0.99998236 0.9999835
 0.9999848  0.9999862  0.9999876  0.9999889  0.99999    0.9999909
 0.99999154 0.999992   0.99999225 0.9999924  0.99999243 0.9999924
 0.99999243 0.9999925  0.99999267 0.9999929  0.99999326 0.9999937
 0.99999416 0.9999945  0.9999949  0.999995   0.9999949  0.99999446
 0.9999937  0.99999255 0.9999911  0.99998945 0.99998754 0.99998564
 0.9999838  0.99998224 0.99998105 0.99998045 0.9999805  0.9999812
 0.9999827  0.99998486 0.9999875  0.9999904  0.9999934  0.999996
 0.99999803 0.9999991  0.99999887 0.99999714 0.99999374 0.9999886
 0.99998194 0.9999741  0.99996537 0.9999563  0.99994767 0.9999402
 0.9999347  0.99993175 0.999932   0.9999357  0.999943   0.9999534
 0.99996597 0.99997914 0.99999034 0.9999966  0.99999356]","[[0.6334008  0.42396393 0.3799522  0.64146477 0.4553731  0.57405674
  0.3476479  0.4470315  0.38945708 0.7133483  0.6487118  0.51750034
  0.55266696 0.5069648  0.72401136]
 [4.3151975  2.584167   5.5597043  0.49054635 3.4870396  6.008458
  3.9453015  5.3080664  1.2362206  0.36276567 1.6384184  3.2817812
  4.5191736  5.5690203  1.1536298 ]
 [4.026882   1.4702973  1.2539536  0.45605642 5.9133916  3.282323
  2.6366816  3.8942404  1.7567284  4.918587   5.0392756  5.6558404
  5.5919714  3.5766482  4.698393  ]]",trotter
367,67,6,False,"[1.0002497  0.9999682  0.9997987  0.99972534 0.9997305  0.9997973
 0.9999095  1.0000521  1.0002097  1.0003687  1.0005181  1.0006467
 1.0007466  1.0008111  1.0008354  1.0008172  1.0007554  1.0006515
 1.0005077  1.000329   1.0001209  0.99989015 0.9996445  0.9993924
 0.9991417  0.99890196 0.99868    0.99848473 0.99832255 0.9981995
 0.9981202  0.99808806 0.9981054  0.9981724  0.99828833 0.99845076
 0.99865574 0.99889886 0.9991733  0.99947214 0.99978787 1.0001116
 1.0004351  1.0007498  1.0010469  1.0013181  1.0015565  1.0017546
 1.0019077  1.0020111  1.0020618  1.0020585  1.0020003  1.0018893
 1.0017285  1.0015215  1.0012746  1.0009946  1.000689   1.0003662
 1.0000355  0.999706   0.9993872  0.9990878  0.9988158  0.99857867
 0.99838275 0.9982333  0.99813265 0.99808365 0.99808615 0.99813837
 0.9982378  0.99837947 0.9985581  0.9987663  0.99899685 0.99924076
 0.99949014 0.9997364  0.999971   1.0001868  1.0003769  1.0005357
 1.0006589  1.0007439  1.0007892  1.0007951  1.0007633  1.000698
 1.0006032  1.0004857  1.0003523  1.0002123  1.0000737  0.99994713
 0.99984163 0.99976707 0.9997333  0.9997495  0.99982363]","[[0.6334008  0.42396393 0.3799522  0.64146477 0.4553731  0.57405674
  0.3476479  0.4470315  0.38945708 0.7133483  0.6487118  0.51750034
  0.55266696 0.5069648  0.72401136]
 [4.3151975  2.584167   5.5597043  0.49054635 3.4870396  6.008458
  3.9453015  5.3080664  1.2362206  0.36276567 1.6384184  3.2817812
  4.5191736  5.5690203  1.1536298 ]
 [4.026882   1.4702973  1.2539536  0.45605642 5.9133916  3.282323
  2.6366816  3.8942404  1.7567284  4.918587   5.0392756  5.6558404
  5.5919714  3.5766482  4.698393  ]]",trotter
368,68,6,True,"[0.99999946 0.9999989  0.99999595 0.999992   0.9999881  0.9999847
 0.99998236 0.9999811  0.99998105 0.99998176 0.9999833  0.9999853
 0.99998754 0.99999    0.99999225 0.99999434 0.99999607 0.9999975
 0.9999985  0.99999917 0.9999995  0.9999996  0.9999994  0.9999991
 0.99999875 0.99999833 0.999998   0.9999976  0.9999973  0.9999972
 0.99999714 0.99999714 0.99999726 0.99999744 0.9999976  0.999998
 0.9999982  0.9999985  0.99999875 0.999999   0.99999917 0.9999992
 0.9999993  0.9999993  0.9999993  0.9999992  0.9999991  0.99999905
 0.9999989  0.9999988  0.99999875 0.99999875 0.9999987  0.99999875
 0.9999988  0.9999989  0.99999905 0.99999917 0.9999992  0.99999934
 0.9999994  0.9999994  0.99999934 0.9999992  0.99999905 0.99999887
 0.9999986  0.9999984  0.99999815 0.999998   0.99999785 0.9999978
 0.9999978  0.999998   0.9999982  0.99999845 0.99999875 0.9999991
 0.9999994  0.9999996  0.99999964 0.9999996  0.99999934 0.99999887
 0.99999833 0.99999756 0.9999966  0.99999565 0.9999947  0.99999386
 0.9999931  0.99999267 0.99999255 0.9999928  0.99999344 0.99999446
 0.99999577 0.9999972  0.99999857 0.99999934 0.99999917]","[[0.38480753 0.43264583 0.25653225 0.64835995 0.33420104 0.4348061
  0.70448    0.5907236  0.33905607 0.2529015  0.6974862  0.36159584
  0.54148287 0.3750697  0.68639225]
 [5.905258   1.6620613  5.082268   3.9488697  5.0192156  1.5517755
  5.577504   0.3338452  3.5206795  3.2465575  1.9776515  3.1050737
  5.099692   3.286889   3.5432997 ]
 [0.81665075 3.7192557  4.752883   0.3130313  1.2496694  4.422885
  4.3394027  3.686767   4.00919    3.583208   2.347884   1.4655958
  6.0553637  3.4775658  2.3880534 ]]",trotter
369,69,6,False,"[0.9998994  0.99996555 1.0000353  1.0001047  1.0001696  1.0002278
 1.0002759  1.0003123  1.0003358  1.0003452  1.0003414  1.0003245
 1.0002953  1.0002555  1.0002065  1.0001503  1.0000894  1.0000256
 0.9999611  0.9998981  0.9998386  0.9997839  0.99973613 0.99969625
 0.9996652  0.99964386 0.99963206 0.9996303  0.99963796 0.9996548
 0.9996802  0.9997133  0.99975306 0.9997977  0.9998469  0.99989885
 0.99995255 1.0000066  1.0000596  1.00011    1.0001571  1.0001998
 1.0002365  1.0002663  1.0002886  1.0003028  1.0003079  1.0003039
 1.0002904  1.0002679  1.0002367  1.0001973  1.0001509  1.0000987
 1.0000422  0.9999834  0.99992436 0.99986714 0.9998139  0.999767
 0.9997285  0.9997001  0.99968386 0.9996805  0.99969107 0.99971586
 0.9997543  0.99980557 0.9998683  0.9999399  1.0000185  1.0001005
 1.0001826  1.0002614  1.0003328  1.0003934  1.0004392  1.0004671
 1.0004741  1.0004582  1.0004174  1.000351   1.0002588  1.0001425
 1.0000036  0.9998458  0.9996734  0.99949175 0.99930817 0.9991303
 0.9989672  0.99882936 0.99872833 0.9986766  0.99868774 0.99877584
 0.99895644 0.9992457  0.99966013 1.0002171  1.0009342 ]","[[0.38480753 0.43264583 0.25653225 0.64835995 0.33420104 0.4348061
  0.70448    0.5907236  0.33905607 0.2529015  0.6974862  0.36159584
  0.54148287 0.3750697  0.68639225]
 [5.905258   1.6620613  5.082268   3.9488697  5.0192156  1.5517755
  5.577504   0.3338452  3.5206795  3.2465575  1.9776515  3.1050737
  5.099692   3.286889   3.5432997 ]
 [0.81665075 3.7192557  4.752883   0.3130313  1.2496694  4.422885
  4.3394027  3.686767   4.00919    3.583208   2.347884   1.4655958
  6.0553637  3.4775658  2.3880534 ]]",trotter
370,70,6,True,"[0.9999989  0.999996   0.9999866  0.99997485 0.9999635  0.9999545
 0.99994856 0.999946   0.9999465  0.99994963 0.99995476 0.99996114
 0.999968   0.9999748  0.99998105 0.9999865  0.9999909  0.99999416
 0.99999636 0.9999976  0.9999981  0.9999981  0.9999977  0.9999971
 0.9999964  0.9999958  0.9999954  0.9999951  0.999995   0.9999951
 0.99999523 0.9999955  0.9999957  0.99999595 0.9999962  0.9999963
 0.9999964  0.99999654 0.9999966  0.9999967  0.9999968  0.99999696
 0.99999714 0.99999744 0.99999774 0.99999803 0.9999984  0.99999875
 0.999999   0.9999992  0.99999934 0.99999934 0.9999992  0.99999905
 0.9999987  0.9999984  0.99999803 0.99999774 0.9999975  0.9999973
 0.99999726 0.9999974  0.99999756 0.99999785 0.99999815 0.99999857
 0.999999   0.9999993  0.9999996  0.99999976 0.9999998  0.9999997
 0.9999995  0.9999992  0.99999887 0.99999845 0.9999981  0.9999978
 0.99999756 0.99999744 0.99999744 0.9999976  0.99999785 0.9999981
 0.99999845 0.9999986  0.99999887 0.9999989  0.99999875 0.99999845
 0.999998   0.99999744 0.9999969  0.9999964  0.9999961  0.99999624
 0.9999966  0.9999974  0.9999983  0.99999905 0.9999991 ]","[[0.58057725 0.45499906 0.5462183  0.7327781  0.6181202  0.4846559
  0.44787934 0.5233243  0.6131055  0.49094266 0.7237679  0.612985
  0.48833025 0.590915   0.7416876 ]
 [1.3189241  5.970226   1.8643221  4.3793464  1.4981116  5.6669626
  5.221624   1.6960344  4.5775757  6.2297816  5.317397   3.295493
  3.5901663  1.3071331  5.5011983 ]
 [5.4305468  0.4385602  3.146878   6.0780044  2.1763225  1.5764512
  4.651163   2.3109407  0.93552977 4.082764   2.9415596  4.723554
  3.5148427  1.7987094  0.89318806]]",trotter
371,71,6,False,"[0.999838   0.9998436  0.9999061  1.0000074  1.0001321  1.0002654
 1.0003947  1.0005095  1.0006007  1.0006626  1.0006905  1.0006831
 1.0006398  1.0005633  1.0004569  1.0003259  1.0001764  1.0000153
 0.9998498  0.99968714 0.9995346  0.9993983  0.99928415 0.99919677
 0.99913895 0.99911326 0.99911976 0.99915814 0.9992262  0.9993206
 0.99943745 0.99957174 0.9997177  0.99987006 1.0000226  1.0001696
 1.000306   1.0004272  1.0005292  1.0006094  1.0006653  1.0006963
 1.0007023  1.0006838  1.0006435  1.0005829  1.000506   1.000416
 1.0003166  1.0002118  1.0001054  1.0000012  0.9999022  0.99981153
 0.99973184 0.99966455 0.99961114 0.99957216 0.9995479  0.99953806
 0.9995418  0.99955815 0.9995856  0.9996229  0.9996683  0.9997202
 0.999777   0.9998373  0.9998998  0.9999632  1.0000265  1.0000882
 1.0001478  1.0002038  1.0002553  1.0003012  1.0003399  1.0003701
 1.0003898  1.0003976  1.0003915  1.0003697  1.0003308  1.0002731
 1.0001959  1.0000997  0.99998474 0.9998533  0.99970865 0.9995557
 0.9994015  0.99925447 0.999126   0.9990288  0.99897856 0.9989928
 0.9990917  0.999298   0.99963546 1.0001304  1.0008112 ]","[[0.58057725 0.45499906 0.5462183  0.7327781  0.6181202  0.4846559
  0.44787934 0.5233243  0.6131055  0.49094266 0.7237679  0.612985
  0.48833025 0.590915   0.7416876 ]
 [1.3189241  5.970226   1.8643221  4.3793464  1.4981116  5.6669626
  5.221624   1.6960344  4.5775757  6.2297816  5.317397   3.295493
  3.5901663  1.3071331  5.5011983 ]
 [5.4305468  0.4385602  3.146878   6.0780044  2.1763225  1.5764512
  4.651163   2.3109407  0.93552977 4.082764   2.9415596  4.723554
  3.5148427  1.7987094  0.89318806]]",trotter
372,72,6,True,"[0.99999815 0.99999774 0.9999891  0.9999763  0.99996233 0.99994934
 0.99993885 0.9999318  0.9999285  0.9999288  0.99993235 0.9999385
 0.99994665 0.9999559  0.9999654  0.99997467 0.9999829  0.99998975
 0.99999493 0.9999982  0.9999997  0.99999946 0.9999978  0.99999505
 0.99999154 0.9999877  0.999984   0.99998075 0.99997824 0.9999766
 0.999976   0.9999765  0.999978   0.9999803  0.9999832  0.99998647
 0.99998975 0.99999285 0.99999547 0.9999975  0.9999986  0.999999
 0.99999845 0.9999972  0.9999953  0.99999315 0.99999076 0.9999886
 0.99998677 0.99998546 0.99998486 0.99998504 0.999986   0.99998766
 0.99998975 0.99999213 0.9999945  0.99999654 0.99999803 0.9999987
 0.99999833 0.99999684 0.99999434 0.9999909  0.9999867  0.99998224
 0.99997777 0.9999738  0.9999707  0.9999687  0.99996823 0.99996924
 0.9999718  0.99997556 0.9999801  0.9999849  0.9999892  0.99999243
 0.9999937  0.9999924  0.99998796 0.9999801  0.99996877 0.9999543
 0.99993706 0.9999181  0.99989855 0.99987984 0.9998635  0.99985105
 0.999844   0.99984366 0.9998507  0.99986523 0.99988663 0.9999131
 0.99994177 0.9999683  0.99998665 0.9999894  0.99996686]","[[0.6658807  0.27793494 0.40136024 0.46210513 0.67947274 0.6604648
  0.28373668 0.35850516 0.7419483  0.3786559  0.34753415 0.37252772
  0.6092706  0.7375359  0.6019783 ]
 [3.1122959  4.593291   3.2905867  0.90795887 6.000252   6.044475
  4.858901   3.4291234  0.32914013 0.442669   1.8434771  1.1285049
  4.707936   0.18361816 3.730804  ]
 [2.0881138  2.673877   4.2880173  6.0747046  6.0604506  3.4377759
  0.10314014 0.72887796 6.277189   3.8106554  2.324921   3.0496223
  4.117893   5.9585133  1.1537085 ]]",trotter
373,73,6,False,"[0.99920124 0.99956673 0.9999154  1.0002413  1.0005382  1.0008023
 1.0010285  1.0012126  1.0013518  1.0014449  1.0014898  1.0014861
 1.0014355  1.0013387  1.0011994  1.0010208  1.000808   1.0005665
 1.0003017  1.0000216  0.9997329  0.99944305 0.9991601  0.9988921
 0.9986463  0.99842983 0.9982488  0.99810976 0.99801725 0.9979749
 0.9979854  0.99804986 0.9981683  0.99833906 0.998559   0.9988239
 0.9991276  0.9994631  0.9998221  1.0001955  1.0005738  1.0009464
 1.0013032  1.0016336  1.0019282  1.002178   1.0023748  1.0025123
 1.0025855  1.0025915  1.0025287  1.0023984  1.0022027  1.001947
 1.0016379  1.0012842  1.0008951  1.0004824  1.0000572  0.9996321
 0.9992191  0.9988299  0.99847585 0.99816686 0.997911   0.99771535
 0.9975842  0.99752015 0.9975243  0.9975943  0.9977258  0.997914
 0.9981507  0.99842715 0.9987332  0.999058   0.9993902  0.9997186
 1.0000322  1.0003214  1.0005767  1.0007908  1.0009582  1.001075
 1.001139   1.00115    1.0011115  1.0010266  1.0009019  1.000746
 1.0005673  1.0003773  1.0001864  1.0000082  0.9998539  0.99973565
 0.9996653  0.999654   0.99971074 0.9998431  1.0000582 ]","[[0.6658807  0.27793494 0.40136024 0.46210513 0.67947274 0.6604648
  0.28373668 0.35850516 0.7419483  0.3786559  0.34753415 0.37252772
  0.6092706  0.7375359  0.6019783 ]
 [3.1122959  4.593291   3.2905867  0.90795887 6.000252   6.044475
  4.858901   3.4291234  0.32914013 0.442669   1.8434771  1.1285049
  4.707936   0.18361816 3.730804  ]
 [2.0881138  2.673877   4.2880173  6.0747046  6.0604506  3.4377759
  0.10314014 0.72887796 6.277189   3.8106554  2.324921   3.0496223
  4.117893   5.9585133  1.1537085 ]]",trotter
374,74,6,True,"[0.99999905 0.9999962  0.9999886  0.99997944 0.9999708  0.99996406
 0.9999598  0.9999582  0.9999591  0.99996203 0.99996626 0.99997145
 0.9999769  0.9999821  0.9999867  0.99999046 0.99999344 0.9999954
 0.9999965  0.999997   0.99999696 0.9999966  0.9999961  0.99999565
 0.9999953  0.9999952  0.9999952  0.9999954  0.99999577 0.9999962
 0.99999666 0.999997   0.99999726 0.9999973  0.9999972  0.99999696
 0.99999654 0.99999607 0.9999955  0.999995   0.99999464 0.9999944
 0.9999943  0.9999944  0.99999464 0.99999505 0.9999956  0.9999962
 0.9999968  0.9999973  0.99999774 0.999998   0.99999815 0.99999803
 0.9999978  0.99999744 0.99999696 0.9999965  0.99999607 0.99999565
 0.99999535 0.9999952  0.99999523 0.99999535 0.9999956  0.99999595
 0.9999963  0.9999967  0.9999971  0.99999744 0.9999977  0.9999979
 0.99999803 0.99999815 0.99999815 0.9999982  0.9999983  0.99999833
 0.99999833 0.9999984  0.99999833 0.99999815 0.99999774 0.9999972
 0.9999963  0.999995   0.9999933  0.9999914  0.9999892  0.999987
 0.99998486 0.9999831  0.9999818  0.9999816  0.9999824  0.99998444
 0.9999876  0.99999166 0.99999565 0.9999987  0.9999988 ]","[[0.73177177 0.28490242 0.52350914 0.730118   0.7454371  0.618893
  0.39574075 0.58640534 0.5722552  0.7024516  0.473349   0.44058582
  0.71429425 0.42765015 0.55141187]
 [4.3339157  4.018873   5.0079083  5.0614004  4.5797863  4.0784097
  2.3818383  4.0180717  1.3640095  5.1842237  5.386045   4.898794
  4.8916154  6.090749   0.37084603]
 [1.9310813  5.3232636  5.907403   4.024142   4.527443   0.516218
  0.57590574 1.714926   2.4948928  3.8226283  4.319317   0.1739112
  5.42456    0.14140776 0.15680313]]",trotter
375,75,6,False,"[1.0007719  1.0002651  0.9998955  0.9996423  0.99948734 0.99941105
 0.9993968  0.999428   0.99949026 0.99957186 0.9996619  0.99975073
 0.99983305 0.9999033  0.9999593  0.99999964 1.0000237  1.0000337
 1.0000321  1.0000206  1.0000032  0.99998313 0.99996346 0.99994653
 0.9999349  0.9999302  0.99993265 0.99994266 0.9999592  0.99998116
 1.0000064  1.0000328  1.0000578  1.0000793  1.0000944  1.0001024
 1.0001006  1.0000895  1.0000684  1.0000391  1.000002   0.9999603
 0.99991643 0.9998734  0.9998352  0.9998047  0.99978554 0.9997802
 0.9997906  0.99981827 0.99986315 0.99992543 1.0000027  1.0000926
 1.0001911  1.0002944  1.0003971  1.0004942  1.0005801  1.0006499
 1.0006988  1.0007232  1.0007206  1.0006891  1.0006286  1.0005406
 1.0004277  1.0002937  1.0001441  0.9999854  0.99982387 0.99966717
 0.9995223  0.99939644 0.99929565 0.9992251  0.9991886  0.9991887
 0.99922645 0.99930036 0.9994079  0.9995449  0.99970573 0.9998831
 1.0000694  1.000256   1.000434   1.000595   1.000731   1.0008347
 1.0008997  1.0009222  1.0008993  1.0008299  1.0007159  1.0005603
 1.0003691  1.0001495  0.9999118  0.99966675 0.9994281 ]","[[0.73177177 0.28490242 0.52350914 0.730118   0.7454371  0.618893
  0.39574075 0.58640534 0.5722552  0.7024516  0.473349   0.44058582
  0.71429425 0.42765015 0.55141187]
 [4.3339157  4.018873   5.0079083  5.0614004  4.5797863  4.0784097
  2.3818383  4.0180717  1.3640095  5.1842237  5.386045   4.898794
  4.8916154  6.090749   0.37084603]
 [1.9310813  5.3232636  5.907403   4.024142   4.527443   0.516218
  0.57590574 1.714926   2.4948928  3.8226283  4.319317   0.1739112
  5.42456    0.14140776 0.15680313]]",trotter
376,76,6,True,"[0.9999898  0.9999939  0.99998945 0.99998    0.99996823 0.9999562
 0.9999455  0.9999371  0.99993145 0.9999287  0.99992895 0.9999317
 0.99993646 0.9999429  0.9999502  0.999958   0.99996567 0.99997276
 0.99997896 0.99998397 0.99998784 0.9999903  0.9999915  0.9999916
 0.9999908  0.99998945 0.9999877  0.9999859  0.99998426 0.9999831
 0.99998236 0.99998236 0.999983   0.99998426 0.99998605 0.9999882
 0.9999904  0.99999255 0.99999446 0.9999959  0.99999666 0.9999968
 0.9999961  0.99999493 0.9999932  0.99999124 0.9999891  0.9999871
 0.9999856  0.9999845  0.9999841  0.9999844  0.99998546 0.99998707
 0.99998915 0.99999136 0.99999356 0.9999954  0.99999684 0.99999744
 0.99999714 0.99999595 0.99999386 0.999991   0.99998766 0.9999841
 0.9999805  0.9999773  0.9999748  0.9999732  0.99997276 0.9999735
 0.99997526 0.9999781  0.99998164 0.9999855  0.99998933 0.9999925
 0.9999945  0.999995   0.99999344 0.99998957 0.9999834  0.9999747
 0.99996394 0.99995154 0.9999382  0.9999248  0.99991214 0.9999016
 0.999894   0.99989057 0.999892   0.99989873 0.9999107  0.99992734
 0.999947   0.99996734 0.9999846  0.9999938  0.9999884 ]","[[0.7365892  0.56479865 0.5503602  0.6220145  0.3462483  0.68643314
  0.38501358 0.5869439  0.41838625 0.47133112 0.63896894 0.51672477
  0.2831548  0.33607215 0.6070653 ]
 [1.9321406  5.963835   2.8177927  2.495769   3.4284482  0.8854473
  4.727794   5.7832923  3.7208138  4.122275   4.8843565  1.5781267
  6.0916247  1.0793052  4.290305  ]
 [0.09445426 3.002388   1.0249468  2.0422966  3.389681   3.2784288
  3.9885101  5.7180853  0.5843209  1.411239   0.73942083 2.4308796
  6.0312285  3.7764626  4.4709024 ]]",trotter
377,77,6,False,"[1.0004082  1.0001793  1.0000082  0.999888   0.9998109  0.99976957
 0.99975747 0.9997683  0.99979556 0.9998337  0.99987805 0.9999238
 0.99996847 1.0000075  1.0000402  1.0000643  1.0000781  1.0000826
 1.0000764  1.0000612  1.0000371  1.0000063  0.99996895 0.99992776
 0.9998842  0.9998405  0.99979705 0.9997565  0.99972075 0.9996905
 0.9996678  0.9996533  0.9996476  0.999652   0.99966675 0.999692
 0.99972665 0.9997718  0.9998255  0.9998875  0.9999557  1.000029
 1.0001054  1.0001829  1.0002588  1.0003316  1.0003986  1.0004578
 1.0005068  1.0005443  1.0005683  1.0005777  1.0005721  1.0005518
 1.000516   1.0004663  1.000404   1.000331   1.000249   1.0001612
 1.0000694  0.99997675 0.9998861  0.99980044 0.9997217  0.9996532
 0.99959564 0.9995511  0.99952114 0.9995041  0.99950224 0.99951315
 0.99953693 0.99957144 0.99961466 0.9996646  0.9997186  0.99977404
 0.9998286  0.99987936 0.99992436 0.99996215 0.99999017 1.0000081
 1.0000153  1.0000125  1.0000002  0.9999799  0.999954   0.9999255
 0.9998971  0.9998746  0.9998611  0.99986064 0.9998789  0.9999197
 0.99998826 1.0000873  1.0002207  1.00039    1.0005969 ]","[[0.7365892  0.56479865 0.5503602  0.6220145  0.3462483  0.68643314
  0.38501358 0.5869439  0.41838625 0.47133112 0.63896894 0.51672477
  0.2831548  0.33607215 0.6070653 ]
 [1.9321406  5.963835   2.8177927  2.495769   3.4284482  0.8854473
  4.727794   5.7832923  3.7208138  4.122275   4.8843565  1.5781267
  6.0916247  1.0793052  4.290305  ]
 [0.09445426 3.002388   1.0249468  2.0422966  3.389681   3.2784288
  3.9885101  5.7180853  0.5843209  1.411239   0.73942083 2.4308796
  6.0312285  3.7764626  4.4709024 ]]",trotter
378,78,6,True,"[0.9999992  0.99999917 0.9999985  0.9999977  0.99999684 0.99999624
 0.9999959  0.99999577 0.99999595 0.9999962  0.9999966  0.9999971
 0.9999977  0.9999981  0.9999985  0.99999887 0.99999917 0.9999993
 0.99999946 0.9999995  0.9999995  0.9999995  0.99999946 0.9999994
 0.9999994  0.99999934 0.99999934 0.99999934 0.9999993  0.9999993
 0.99999934 0.9999994  0.9999994  0.9999995  0.9999995  0.9999996
 0.9999996  0.99999964 0.99999964 0.99999964 0.9999997  0.9999997
 0.9999997  0.99999964 0.9999996  0.9999996  0.9999995  0.9999995
 0.99999946 0.9999994  0.9999994  0.9999994  0.9999994  0.9999994
 0.99999946 0.9999995  0.9999996  0.9999996  0.99999964 0.9999997
 0.9999997  0.99999964 0.9999996  0.9999994  0.9999993  0.9999991
 0.9999989  0.9999986  0.99999845 0.9999983  0.99999815 0.9999981
 0.9999981  0.9999982  0.99999833 0.99999857 0.9999988  0.9999991
 0.9999994  0.9999996  0.9999997  0.99999964 0.99999934 0.9999989
 0.9999982  0.9999974  0.9999963  0.9999952  0.999994   0.99999285
 0.99999183 0.9999911  0.9999908  0.99999094 0.9999916  0.99999267
 0.9999942  0.99999595 0.99999744 0.99999833 0.99999774]","[[0.31168544 0.29531556 0.43089378 0.37924838 0.39197028 0.35298225
  0.6100817  0.37096533 0.6734415  0.5477106  0.33506736 0.46888682
  0.3898284  0.6518383  0.3704566 ]
 [2.5574     4.5526204  0.30890533 0.0398145  2.634761   4.0265493
  0.9257782  1.5332917  5.3075724  1.7738159  5.318505   2.385505
  1.9329027  5.263894   3.4732015 ]
 [2.5916262  0.2521974  3.0743003  5.2709575  1.6695168  1.9776542
  1.5738088  0.20990422 5.5654197  5.840211   0.8689016  5.7142124
  3.9568188  4.909775   5.02567   ]]",trotter
379,79,6,False,"[1.0006313  1.0003872  1.0001901  1.000034   0.999914   0.99982506
 0.9997629  0.99972343 0.99970293 0.9996983  0.99970645 0.9997246
 0.99975145 0.999784   0.9998207  0.9998593  0.9998999  0.9999401
 0.99997926 1.0000162  1.0000501  1.0000806  1.0001072  1.0001295
 1.0001467  1.000159   1.000167   1.0001695  1.0001686  1.0001628
 1.0001534  1.0001409  1.000126   1.0001091  1.0000908  1.0000725
 1.0000541  1.0000366  1.0000205  1.0000061  0.99999404 0.9999843
 0.99997723 0.9999728  0.9999703  0.9999704  0.9999719  0.99997485
 0.9999786  0.99998224 0.9999863  0.9999897  0.9999921  0.9999934
 0.99999344 0.9999924  0.99999046 0.99998796 0.9999858  0.9999832
 0.9999823  0.9999831  0.9999862  0.9999919  1.0000007  1.0000131
 1.0000287  1.0000484  1.0000707  1.0000944  1.0001198  1.0001456
 1.0001694  1.0001907  1.0002075  1.0002178  1.0002201  1.000213
 1.0001956  1.0001658  1.0001236  1.0000688  1.0000015  0.9999228
 0.99983436 0.9997385  0.99963754 0.9995357  0.999438   0.99934894
 0.9992762  0.99922454 0.99920255 0.9992194  0.9992824  0.9994014
 0.9995869  0.99984765 1.0001944  1.0006394  1.0011913 ]","[[0.31168544 0.29531556 0.43089378 0.37924838 0.39197028 0.35298225
  0.6100817  0.37096533 0.6734415  0.5477106  0.33506736 0.46888682
  0.3898284  0.6518383  0.3704566 ]
 [2.5574     4.5526204  0.30890533 0.0398145  2.634761   4.0265493
  0.9257782  1.5332917  5.3075724  1.7738159  5.318505   2.385505
  1.9329027  5.263894   3.4732015 ]
 [2.5916262  0.2521974  3.0743003  5.2709575  1.6695168  1.9776542
  1.5738088  0.20990422 5.5654197  5.840211   0.8689016  5.7142124
  3.9568188  4.909775   5.02567   ]]",trotter
380,80,6,True,"[0.9999966  0.9999963  0.999985   0.999968   0.9999497  0.9999325
 0.9999188  0.9999093  0.9999044  0.9999039  0.99990743 0.99991405
 0.99992293 0.99993336 0.9999443  0.99995524 0.99996525 0.9999741
 0.9999814  0.9999871  0.9999912  0.99999356 0.9999946  0.9999945
 0.99999356 0.999992   0.9999901  0.9999882  0.99998647 0.999985
 0.99998397 0.99998355 0.99998355 0.999984   0.9999849  0.9999862
 0.9999876  0.9999892  0.99999076 0.9999923  0.9999936  0.99999475
 0.9999956  0.99999607 0.99999636 0.99999636 0.9999961  0.99999577
 0.99999535 0.99999493 0.99999464 0.99999446 0.99999446 0.99999464
 0.999995   0.99999547 0.99999607 0.9999966  0.999997   0.9999973
 0.99999726 0.99999696 0.9999963  0.99999535 0.99999416 0.9999927
 0.99999136 0.99999    0.99998885 0.999988   0.99998766 0.9999877
 0.9999884  0.99998945 0.9999909  0.99999255 0.99999434 0.99999595
 0.99999726 0.999998   0.999998   0.9999971  0.9999952  0.9999923
 0.9999885  0.9999839  0.9999788  0.9999734  0.99996823 0.99996364
 0.99996    0.9999578  0.9999575  0.9999592  0.99996305 0.99996895
 0.99997646 0.9999847  0.9999924  0.9999978  0.99999833]","[[0.6312955  0.49428272 0.6036867  0.6601137  0.26656    0.69247186
  0.2815063  0.4204098  0.5929349  0.49326158 0.526567   0.72689146
  0.50474775 0.7033884  0.59714866]
 [3.5198028  6.257402   3.2768354  3.329186   2.3545287  3.4895248
  3.831961   5.466219   0.35418633 3.6141875  4.9591365  5.2313275
  0.7859031  3.4079368  6.09952   ]
 [1.1090869  1.8494564  5.2894564  0.925254   6.255896   2.1880922
  2.0434933  4.461364   5.887755   5.063801   5.973435   0.27871156
  3.0187352  0.65946156 0.3517647 ]]",trotter
381,81,6,False,"[1.0004574  1.000153   0.9999496  0.99983114 0.9997828  0.9997881
 0.9998331  0.9999045  0.99999005 1.0000793  1.0001637  1.0002356
 1.0002894  1.0003215  1.0003294  1.0003128  1.0002717  1.0002085
 1.0001259  1.0000278  0.99991864 0.9998028  0.99968565 0.9995718
 0.9994658  0.9993722  0.99929416 0.99923515 0.9991969  0.99918115
 0.99918807 0.9992179  0.99926907 0.99934024 0.99942887 0.9995319
 0.99964637 0.99976826 0.9998941  1.0000203  1.0001426  1.000258
 1.0003629  1.0004547  1.0005312  1.0005904  1.0006307  1.0006518
 1.0006537  1.0006362  1.0006014  1.0005503  1.000485   1.0004084
 1.0003228  1.0002322  1.0001394  1.0000474  0.99996006 0.99988014
 0.99981016 0.9997525  0.9997089  0.99968046 0.9996679  0.9996706
 0.9996881  0.99971926 0.999762   0.9998137  0.99987155 0.9999327
 0.9999938  1.0000517  1.0001031  1.0001453  1.000176   1.0001928
 1.0001947  1.0001805  1.0001498  1.0001037  1.0000426  0.99996877
 0.9998846  0.99979323 0.9996984  0.99960434 0.9995154  0.9994372
 0.9993743  0.9993327  0.9993189  0.9993379  0.9993968  0.9995017
 0.99965847 0.9998733  1.0001528  1.0005023  1.0009278 ]","[[0.6312955  0.49428272 0.6036867  0.6601137  0.26656    0.69247186
  0.2815063  0.4204098  0.5929349  0.49326158 0.526567   0.72689146
  0.50474775 0.7033884  0.59714866]
 [3.5198028  6.257402   3.2768354  3.329186   2.3545287  3.4895248
  3.831961   5.466219   0.35418633 3.6141875  4.9591365  5.2313275
  0.7859031  3.4079368  6.09952   ]
 [1.1090869  1.8494564  5.2894564  0.925254   6.255896   2.1880922
  2.0434933  4.461364   5.887755   5.063801   5.973435   0.27871156
  3.0187352  0.65946156 0.3517647 ]]",trotter
382,82,6,True,"[0.99999744 0.99999714 0.9999948  0.99999166 0.9999888  0.9999864
 0.999985   0.99998444 0.9999849  0.999986   0.9999875  0.99998945
 0.9999914  0.99999326 0.99999493 0.99999636 0.9999973  0.99999803
 0.9999984  0.9999985  0.9999985  0.99999833 0.9999981  0.9999979
 0.99999774 0.9999977  0.9999977  0.9999977  0.99999785 0.9999981
 0.9999983  0.99999857 0.99999875 0.9999989  0.99999905 0.9999991
 0.99999917 0.99999917 0.99999917 0.99999905 0.9999991  0.99999905
 0.99999905 0.999999   0.999999   0.99999905 0.9999991  0.99999917
 0.9999993  0.99999934 0.99999934 0.99999934 0.9999994  0.99999934
 0.99999934 0.9999993  0.9999992  0.99999917 0.9999991  0.99999905
 0.99999905 0.99999905 0.9999991  0.9999991  0.99999917 0.9999992
 0.9999992  0.9999993  0.9999993  0.99999917 0.9999991  0.99999905
 0.9999989  0.99999887 0.9999988  0.99999875 0.99999875 0.99999875
 0.99999887 0.9999989  0.99999905 0.9999991  0.9999991  0.999999
 0.9999988  0.9999984  0.99999774 0.999997   0.999996   0.999995
 0.9999938  0.9999928  0.99999195 0.9999915  0.9999915  0.99999213
 0.9999934  0.99999523 0.9999973  0.99999917 0.9999998 ]","[[0.49489704 0.5420532  0.6619948  0.29841152 0.63931865 0.4983413
  0.7116667  0.47766495 0.6905037  0.5845402  0.28988168 0.66375107
  0.63260037 0.54862994 0.2869513 ]
 [1.5234215  4.8148603  4.589419   3.4291852  3.506264   3.5163608
  2.3912156  3.6032653  5.8356547  3.3150601  0.4726649  2.3593748
  3.0341735  5.401751   1.4609288 ]
 [0.259181   4.8668094  4.0689564  3.7633498  2.6672983  1.031755
  5.9382496  4.779577   5.0702686  4.0108967  2.9319348  6.188175
  2.8680086  5.251168   1.0888174 ]]",trotter
383,83,6,False,"[1.0019507  1.0008103  0.99990255 0.9992042  0.99869126 0.99834067
 0.99813074 0.99804    0.99804795 0.99813634 0.9982873  0.99848425
 0.99871373 0.9989622  0.9992179  0.9994717  0.9997147  0.9999402
 1.0001434  1.0003194  1.0004654  1.0005804  1.0006632  1.0007144
 1.0007349  1.0007269  1.0006927  1.000636   1.000559   1.0004661
 1.0003611  1.0002481  1.000131   1.0000138  0.9999001  0.9997934
 0.99969727 0.99961364 0.9995454  0.999494   0.99946076 0.99944603
 0.99944985 0.99947166 0.99951017 0.9995636  0.9996298  0.99970573
 0.9997891  0.99987614 0.99996424 1.00005    1.0001304  1.0002034
 1.0002658  1.0003164  1.0003538  1.0003768  1.0003858  1.0003805
 1.000362   1.0003318  1.0002917  1.0002432  1.0001884  1.0001304
 1.0000707  1.0000118  0.9999562  0.99990565 0.9998616  0.99982554
 0.99979854 0.99978137 0.9997736  0.9997762  0.9997875  0.9998075
 0.9998348  0.9998677  0.99990493 0.9999445  0.99998397 1.0000224
 1.0000566  1.0000856  1.0001074  1.0001203  1.0001237  1.0001172
 1.0001006  1.0000753  1.0000427  1.0000049  0.9999659  0.99993074
 0.9999036  0.99989206 0.9999029  0.9999452  1.0000277 ]","[[0.49489704 0.5420532  0.6619948  0.29841152 0.63931865 0.4983413
  0.7116667  0.47766495 0.6905037  0.5845402  0.28988168 0.66375107
  0.63260037 0.54862994 0.2869513 ]
 [1.5234215  4.8148603  4.589419   3.4291852  3.506264   3.5163608
  2.3912156  3.6032653  5.8356547  3.3150601  0.4726649  2.3593748
  3.0341735  5.401751   1.4609288 ]
 [0.259181   4.8668094  4.0689564  3.7633498  2.6672983  1.031755
  5.9382496  4.779577   5.0702686  4.0108967  2.9319348  6.188175
  2.8680086  5.251168   1.0888174 ]]",trotter
384,84,6,True,"[0.99999493 0.99999535 0.9999908  0.9999837  0.9999759  0.9999685
 0.9999626  0.99995875 0.9999569  0.99995714 0.9999593  0.99996287
 0.9999676  0.99997276 0.9999782  0.9999834  0.9999881  0.99999195
 0.9999949  0.99999684 0.999998   0.9999981  0.9999976  0.99999654
 0.9999951  0.9999935  0.9999921  0.99999064 0.9999896  0.999989
 0.99998873 0.99998885 0.99998933 0.9999901  0.9999911  0.99999225
 0.9999934  0.9999945  0.99999547 0.99999624 0.99999684 0.9999972
 0.9999973  0.9999973  0.9999971  0.99999684 0.99999654 0.9999962
 0.9999959  0.9999957  0.99999565 0.99999565 0.9999958  0.99999607
 0.99999636 0.9999968  0.99999714 0.9999975  0.9999978  0.99999803
 0.99999815 0.9999981  0.9999979  0.9999977  0.99999726 0.99999684
 0.99999636 0.99999595 0.9999955  0.99999523 0.9999951  0.9999951
 0.99999535 0.99999577 0.99999636 0.999997   0.99999774 0.9999985
 0.9999991  0.99999946 0.9999996  0.9999992  0.99999845 0.9999971
 0.99999523 0.9999929  0.99999017 0.9999871  0.999984   0.9999811
 0.99997854 0.99997675 0.9999759  0.99997634 0.9999781  0.9999812
 0.9999855  0.99999046 0.99999523 0.9999986  0.999999  ]","[[0.38765574 0.46635503 0.5685446  0.69589007 0.6112971  0.6355195
  0.65462935 0.6880533  0.29927933 0.46182254 0.7330337  0.72293895
  0.6940664  0.31734207 0.5283637 ]
 [2.883182   1.5718151  3.5399246  2.0863204  3.376473   3.1406705
  4.4402595  3.9771323  0.8686686  2.9212036  2.2800033  1.5291264
  3.4542475  0.15671743 2.1740086 ]
 [1.5063002  1.3848159  1.5733297  4.781512   1.5037802  5.837396
  4.428432   4.1856685  3.214314   0.03975372 1.9753394  0.73327345
  2.8723695  3.4744024  1.1230861 ]]",trotter
385,85,6,False,"[1.0021427  1.0010362  1.0001508  0.9994656  0.99895847 0.9986085
 0.9983945  0.99829584 0.99829304 0.9983671  0.99850047 0.99867684
 0.9988815  0.9991008  0.99932325 0.9995391  0.99973965 0.9999185
 1.0000709  1.0001934  1.0002841  1.0003427  1.0003701  1.0003679
 1.0003396  1.0002885  1.0002189  1.0001352  1.0000427  0.9999456
 0.9998493  0.999758   0.99967563 0.99960625 0.99955237 0.99951655
 0.99950016 0.9995041  0.9995289  0.9995731  0.999636   0.99971557
 0.9998091  0.9999141  1.0000266  1.0001435  1.0002607  1.000375
 1.0004817  1.0005782  1.0006609  1.0007268  1.0007737  1.0007999
 1.0008036  1.0007849  1.0007435  1.0006803  1.000597   1.0004957
 1.0003787  1.0002496  1.0001117  0.9999698  0.999827   0.9996883
 0.9995576  0.9994395  0.9993372  0.99925417 0.99919343 0.9991567
 0.9991455  0.99916047 0.99920076 0.99926585 0.9993535  0.99946105
 0.9995849  0.9997209  0.9998645  1.000011   1.0001547  1.0002911
 1.0004151  1.0005215  1.000607   1.000668   1.0007024  1.0007085
 1.0006865  1.0006374  1.0005636  1.0004692  1.0003599  1.0002422
 1.0001249  1.0000175  0.9999306  0.99987644 0.9998676 ]","[[0.38765574 0.46635503 0.5685446  0.69589007 0.6112971  0.6355195
  0.65462935 0.6880533  0.29927933 0.46182254 0.7330337  0.72293895
  0.6940664  0.31734207 0.5283637 ]
 [2.883182   1.5718151  3.5399246  2.0863204  3.376473   3.1406705
  4.4402595  3.9771323  0.8686686  2.9212036  2.2800033  1.5291264
  3.4542475  0.15671743 2.1740086 ]
 [1.5063002  1.3848159  1.5733297  4.781512   1.5037802  5.837396
  4.428432   4.1856685  3.214314   0.03975372 1.9753394  0.73327345
  2.8723695  3.4744024  1.1230861 ]]",trotter
386,86,6,True,"[0.99999964 0.9999991  0.99999654 0.99999326 0.9999898  0.99998695
 0.9999848  0.99998355 0.99998313 0.99998367 0.9999848  0.99998647
 0.9999884  0.99999046 0.9999926  0.9999945  0.9999962  0.99999756
 0.9999986  0.9999993  0.99999964 0.9999997  0.9999996  0.99999917
 0.9999987  0.99999815 0.99999774 0.99999726 0.99999684 0.9999966
 0.99999636 0.9999963  0.99999636 0.99999654 0.9999967  0.99999696
 0.9999972  0.9999975  0.9999978  0.9999981  0.9999983  0.99999845
 0.9999986  0.99999875 0.9999988  0.99999887 0.99999887 0.9999988
 0.9999988  0.99999875 0.99999875 0.9999987  0.9999987  0.9999987
 0.9999987  0.9999987  0.99999875 0.9999987  0.99999875 0.9999988
 0.99999887 0.9999989  0.9999989  0.99999905 0.9999991  0.99999917
 0.99999917 0.9999992  0.9999992  0.9999993  0.9999992  0.9999993
 0.9999993  0.9999992  0.9999992  0.9999992  0.9999992  0.9999993
 0.99999934 0.9999994  0.99999946 0.99999946 0.99999946 0.9999994
 0.9999992  0.9999991  0.99999887 0.9999985  0.9999982  0.9999978
 0.9999974  0.999997   0.9999968  0.99999666 0.99999666 0.999997
 0.99999756 0.9999983  0.99999905 0.9999997  0.9999999 ]","[[0.5740305  0.37220147 0.65100783 0.3988613  0.3070221  0.41677147
  0.5828453  0.5714567  0.6588004  0.6753976  0.54781216 0.67513454
  0.5942238  0.5757285  0.44632652]
 [2.3959434  0.41345158 4.9292054  0.31408116 1.9319761  0.9864323
  1.1283853  4.973113   4.112019   2.9207113  1.6387767  0.5539002
  4.2470927  5.575268   0.641633  ]
 [2.5664856  6.130407   3.3005514  1.286575   2.8502672  2.1329648
  0.08499995 0.5183863  2.228227   4.776006   3.2669506  6.2291145
  2.6355636  3.77242    1.9123964 ]]",trotter
387,87,6,False,"[1.000016   0.999975   0.9999678  0.9999849  1.0000179  1.0000595
 1.0001034  1.0001442  1.0001782  1.0002022  1.0002142  1.0002137
 1.0002     1.0001736  1.0001364  1.0000896  1.0000356  0.9999772
 0.99991685 0.9998573  0.99980104 0.99975055 0.9997081  0.9996755
 0.99965364 0.99964386 0.9996465  0.9996613  0.99968714 0.999724
 0.9997694  0.99982256 0.999881   0.9999426  1.0000051  1.0000666
 1.000124   1.0001768  1.0002222  1.0002586  1.0002859  1.0003023
 1.0003085  1.0003047  1.0002906  1.0002679  1.0002366  1.0001994
 1.0001571  1.0001119  1.0000654  1.0000196  0.99997574 0.99993616
 0.99990153 0.9998735  0.99985224 0.9998388  0.9998332  0.9998351
 0.99984396 0.99985963 0.99987996 0.99990493 0.99993277 0.9999617
 0.999991   1.0000193  1.0000448  1.0000672  1.0000854  1.0000986
 1.0001069  1.00011    1.0001084  1.0001018  1.0000914  1.0000782
 1.0000623  1.000045   1.0000266  1.0000088  0.9999914  0.99997514
 0.99996036 0.9999471  0.9999353  0.9999251  0.9999159  0.9999077
 0.99990034 0.99989355 0.9998876  0.9998834  0.9998822  0.9998852
 0.9998951  0.99991536 0.9999496  1.0000033  1.0000826 ]","[[0.5740305  0.37220147 0.65100783 0.3988613  0.3070221  0.41677147
  0.5828453  0.5714567  0.6588004  0.6753976  0.54781216 0.67513454
  0.5942238  0.5757285  0.44632652]
 [2.3959434  0.41345158 4.9292054  0.31408116 1.9319761  0.9864323
  1.1283853  4.973113   4.112019   2.9207113  1.6387767  0.5539002
  4.2470927  5.575268   0.641633  ]
 [2.5664856  6.130407   3.3005514  1.286575   2.8502672  2.1329648
  0.08499995 0.5183863  2.228227   4.776006   3.2669506  6.2291145
  2.6355636  3.77242    1.9123964 ]]",trotter
388,88,6,True,"[0.99999976 0.99999946 0.9999981  0.99999636 0.99999464 0.99999315
 0.99999213 0.99999154 0.9999914  0.9999917  0.9999923  0.9999931
 0.99999404 0.99999493 0.99999595 0.99999684 0.9999976  0.9999982
 0.9999987  0.99999905 0.9999993  0.99999934 0.9999994  0.9999993
 0.9999992  0.999999   0.99999887 0.9999987  0.99999857 0.9999984
 0.99999833 0.9999983  0.9999983  0.99999833 0.9999984  0.9999985
 0.99999875 0.99999887 0.999999   0.99999917 0.9999993  0.99999934
 0.9999994  0.9999994  0.99999934 0.9999992  0.9999991  0.999999
 0.99999887 0.9999987  0.9999986  0.9999986  0.9999986  0.9999987
 0.9999988  0.999999   0.99999917 0.9999993  0.9999994  0.9999995
 0.9999996  0.9999996  0.99999946 0.99999934 0.99999917 0.99999887
 0.9999987  0.9999984  0.9999982  0.999998   0.9999979  0.9999979
 0.999998   0.99999815 0.9999984  0.9999987  0.999999   0.9999993
 0.9999996  0.99999976 0.9999998  0.99999976 0.9999995  0.99999905
 0.99999833 0.99999756 0.9999965  0.99999535 0.99999416 0.999993
 0.999992   0.9999913  0.9999909  0.99999094 0.9999915  0.99999255
 0.99999416 0.999996   0.9999979  0.9999994  0.9999998 ]","[[0.5623375  0.35834113 0.7073732  0.36691222 0.53101885 0.59619534
  0.3778359  0.61923647 0.32956594 0.67763585 0.39166218 0.35111403
  0.4719504  0.26985383 0.44541416]
 [2.6266491  4.1225824  0.43672398 5.353283   6.1420636  1.49232
  3.2679439  2.7712574  3.6767595  5.2625713  3.5818503  0.6620836
  4.9185514  5.5329704  0.3912055 ]
 [2.7935226  0.79142934 5.6257825  3.546044   2.8283346  2.1727462
  3.7659764  0.32679412 2.4614005  4.0915365  0.8083979  1.9834838
  2.6194725  1.6209841  2.3514342 ]]",trotter
389,89,6,False,"[1.0000125  1.0000198  1.0000396  1.0000654  1.0000932  1.0001187
 1.0001391  1.0001521  1.0001568  1.0001525  1.0001392  1.0001183
 1.0000905  1.0000578  1.0000216  0.99998385 0.9999463  0.9999112
 0.99987984 0.99985343 0.99983335 0.99982005 0.99981356 0.99981475
 0.9998221  0.9998359  0.9998545  0.999877   0.9999022  0.9999284
 0.99995464 0.9999794  1.000001   1.0000199  1.0000342  1.0000435
 1.0000483  1.000048   1.0000433  1.0000353  1.0000241  1.0000105
 0.99999565 0.99998116 0.9999675  0.99995565 0.9999466  0.99994093
 0.99993914 0.99994123 0.99994755 0.99995756 0.999971   0.9999874
 1.0000056  1.0000249  1.0000445  1.0000633  1.00008    1.0000938
 1.0001043  1.0001104  1.0001113  1.0001076  1.0000986  1.0000848
 1.0000662  1.0000437  1.0000182  0.99999064 0.99996233 0.9999343
 0.9999078  0.9998846  0.9998647  0.9998504  0.99984187 0.9998398
 0.99984455 0.99985605 0.9998741  0.999898   0.99992704 0.9999599
 0.99999505 1.0000306  1.0000654  1.0000974  1.0001249  1.0001464
 1.0001601  1.000166   1.0001627  1.0001508  1.0001305  1.0001036
 1.0000718  1.0000381  1.0000066  0.9999816  0.99996865]","[[0.5623375  0.35834113 0.7073732  0.36691222 0.53101885 0.59619534
  0.3778359  0.61923647 0.32956594 0.67763585 0.39166218 0.35111403
  0.4719504  0.26985383 0.44541416]
 [2.6266491  4.1225824  0.43672398 5.353283   6.1420636  1.49232
  3.2679439  2.7712574  3.6767595  5.2625713  3.5818503  0.6620836
  4.9185514  5.5329704  0.3912055 ]
 [2.7935226  0.79142934 5.6257825  3.546044   2.8283346  2.1727462
  3.7659764  0.32679412 2.4614005  4.0915365  0.8083979  1.9834838
  2.6194725  1.6209841  2.3514342 ]]",trotter
390,90,6,True,"[0.99999994 0.99999964 0.9999989  0.9999984  0.999998   0.99999785
 0.99999785 0.9999983  0.9999986  0.99999905 0.9999994  0.99999964
 0.99999976 0.9999997  0.9999995  0.99999934 0.99999905 0.99999875
 0.9999985  0.99999833 0.99999833 0.99999833 0.9999984  0.9999986
 0.99999887 0.9999991  0.99999934 0.9999996  0.99999976 0.99999994
 0.99999994 0.99999994 0.9999998  0.9999997  0.99999946 0.9999992
 0.99999905 0.99999875 0.99999857 0.99999845 0.99999845 0.9999985
 0.99999857 0.99999875 0.9999989  0.9999991  0.99999934 0.9999996
 0.99999976 0.9999999  0.99999994 0.9999999  0.9999998  0.99999964
 0.9999994  0.9999992  0.999999   0.99999875 0.9999985  0.99999833
 0.9999982  0.99999815 0.99999803 0.99999803 0.99999803 0.999998
 0.99999803 0.99999803 0.999998   0.999998   0.9999981  0.99999803
 0.99999815 0.99999833 0.9999985  0.9999988  0.99999905 0.99999934
 0.9999996  0.9999997  0.9999996  0.9999992  0.9999985  0.99999744
 0.9999959  0.9999939  0.99999154 0.9999889  0.999986   0.9999833
 0.9999808  0.99997896 0.99997795 0.99997807 0.9999795  0.99998224
 0.9999861  0.9999908  0.9999954  0.99999875 0.99999917]","[[0.30735835 0.3715321  0.5420305  0.2810387  0.3614891  0.49227792
  0.5419778  0.5415025  0.5951799  0.3714614  0.734447   0.52203995
  0.39191255 0.466111   0.48989898]
 [4.005508   0.9297769  5.1028438  5.121558   5.6010656  0.27007103
  3.3833582  3.3440545  2.241243   2.3735368  4.9288745  6.1054997
  1.5990157  3.8030035  3.6815145 ]
 [5.48107    3.066524   1.8429643  3.1462977  1.5164015  5.0128922
  5.001841   1.7219033  6.2796307  2.1109076  1.0378513  5.9205246
  3.5975008  1.9747026  1.1974543 ]]",trotter
391,91,6,False,"[1.0000631  1.0000257  1.0000068  0.9999992  0.9999983  0.9999997
 1.0000007  0.99999964 0.9999957  0.99998873 0.99997926 0.999968
 0.9999566  0.9999465  0.9999385  0.99993366 0.99993324 0.99993783
 0.9999473  0.99996185 0.99998075 1.0000031  1.000028   1.000054
 1.0000798  1.0001031  1.0001225  1.0001372  1.0001453  1.0001459
 1.0001385  1.0001224  1.0000982  1.0000664  1.0000277  0.9999839
 0.9999364  0.99988747 0.99983937 0.9997942  0.99975455 0.99972266
 0.9997003  0.99968916 0.999691   0.999706   0.9997347  0.9997766
 0.999831   0.999896   0.9999693  1.0000488  1.0001309  1.0002123
 1.0002898  1.0003597  1.0004189  1.0004646  1.000494   1.0005054
 1.0004978  1.0004709  1.0004246  1.0003612  1.0002823  1.000191
 1.0000907  0.99998534 0.99987954 0.99977744 0.9996836  0.9996021
 0.9995361  0.9994893  0.9994634  0.9994601  0.9994793  0.999521
 0.9995835  0.9996643  0.99976015 0.9998675  0.9999811  1.000097
 1.00021    1.0003151  1.000408   1.0004843  1.0005407  1.0005744
 1.0005836  1.0005683  1.0005285  1.0004655  1.0003828  1.000284
 1.000174   1.0000594  0.9999466  0.9998437  0.9997584 ]","[[0.30735835 0.3715321  0.5420305  0.2810387  0.3614891  0.49227792
  0.5419778  0.5415025  0.5951799  0.3714614  0.734447   0.52203995
  0.39191255 0.466111   0.48989898]
 [4.005508   0.9297769  5.1028438  5.121558   5.6010656  0.27007103
  3.3833582  3.3440545  2.241243   2.3735368  4.9288745  6.1054997
  1.5990157  3.8030035  3.6815145 ]
 [5.48107    3.066524   1.8429643  3.1462977  1.5164015  5.0128922
  5.001841   1.7219033  6.2796307  2.1109076  1.0378513  5.9205246
  3.5975008  1.9747026  1.1974543 ]]",trotter
392,92,6,True,"[0.99999994 0.99999917 0.9999973  0.99999535 0.9999936  0.99999243
 0.9999918  0.99999166 0.9999921  0.9999927  0.9999935  0.99999446
 0.9999954  0.9999963  0.999997   0.9999977  0.9999982  0.99999857
 0.99999887 0.99999905 0.99999917 0.99999917 0.9999991  0.9999991
 0.999999   0.9999989  0.99999887 0.9999988  0.99999887 0.9999988
 0.9999989  0.999999   0.99999905 0.9999991  0.9999993  0.9999994
 0.99999946 0.9999995  0.99999964 0.9999997  0.9999997  0.9999997
 0.99999964 0.99999964 0.9999996  0.9999996  0.9999995  0.9999994
 0.9999994  0.99999934 0.99999934 0.9999994  0.99999934 0.9999994
 0.9999994  0.99999946 0.99999946 0.9999995  0.9999995  0.9999995
 0.9999995  0.9999995  0.99999946 0.99999946 0.99999946 0.9999994
 0.99999934 0.9999993  0.9999993  0.9999993  0.9999992  0.9999992
 0.9999992  0.99999917 0.9999992  0.99999917 0.9999991  0.99999905
 0.99999905 0.999999   0.9999989  0.99999887 0.99999875 0.9999987
 0.9999985  0.9999983  0.999998   0.9999975  0.999997   0.9999964
 0.9999959  0.9999953  0.9999948  0.9999945  0.9999945  0.99999493
 0.99999577 0.9999969  0.9999983  0.9999994  0.9999996 ]","[[0.59582675 0.5856251  0.2712123  0.41018683 0.71129894 0.6562967
  0.36801594 0.42713335 0.5068801  0.6846798  0.69904166 0.516194
  0.65632945 0.5778954  0.7363831 ]
 [5.8009243  5.322151   5.7701755  6.088548   4.273575   1.4231887
  1.521946   4.307254   0.8232589  4.726644   6.2567177  0.6203208
  5.9025073  4.6997437  0.35850173]
 [4.142974   4.297492   4.2918625  1.0187105  5.4175143  1.6825669
  4.3305726  1.8212295  4.686468   3.1976657  2.2586064  2.5353162
  1.5766106  5.7822366  0.24268103]]",trotter
393,93,6,False,"[1.000149   1.0000429  0.9999649  0.99990886 0.99987054 0.9998471
 0.99983513 0.9998333  0.9998395  0.99985254 0.9998717  0.9998964
 0.99992484 0.9999568  0.9999911  1.0000261  1.0000613  1.0000949
 1.0001256  1.000152   1.0001729  1.0001868  1.0001935  1.0001918
 1.0001814  1.000163   1.0001369  1.0001042  1.0000653  1.0000228
 0.9999782  0.99993354 0.999891   0.99985236 0.9998201  0.99979544
 0.99978024 0.99977535 0.99978155 0.9997988  0.9998266  0.9998642
 0.99991035 0.9999626  1.0000191  1.0000769  1.0001339  1.0001867
 1.000233   1.0002702  1.0002967  1.0003105  1.0003109  1.0002975
 1.0002708  1.0002316  1.0001819  1.0001237  1.0000601  0.99999356
 0.9999275  0.99986535 0.9998098  0.9997634  0.99972856 0.999707
 0.99969983 0.9997069  0.99972916 0.99976486 0.99981284 0.99987125
 0.9999375  1.0000088  1.0000826  1.0001551  1.0002234  1.0002849
 1.0003358  1.0003735  1.0003954  1.0003997  1.0003843  1.0003484
 1.0002917  1.0002142  1.0001173  1.000003   0.9998743  0.9997358
 0.9995929  0.99945354 0.9993255  0.99921936 0.99914706 0.99912274
 0.9991612  0.99928015 0.9994984  0.9998364  1.0003164 ]","[[0.59582675 0.5856251  0.2712123  0.41018683 0.71129894 0.6562967
  0.36801594 0.42713335 0.5068801  0.6846798  0.69904166 0.516194
  0.65632945 0.5778954  0.7363831 ]
 [5.8009243  5.322151   5.7701755  6.088548   4.273575   1.4231887
  1.521946   4.307254   0.8232589  4.726644   6.2567177  0.6203208
  5.9025073  4.6997437  0.35850173]
 [4.142974   4.297492   4.2918625  1.0187105  5.4175143  1.6825669
  4.3305726  1.8212295  4.686468   3.1976657  2.2586064  2.5353162
  1.5766106  5.7822366  0.24268103]]",trotter
394,94,6,True,"[0.9999927  0.9999977  0.999991   0.9999781  0.999963   0.9999484
 0.9999362  0.99992746 0.99992263 0.9999215  0.99992394 0.99992913
 0.9999363  0.99994487 0.99995404 0.9999631  0.9999717  0.99997914
 0.99998546 0.99999034 0.99999386 0.9999961  0.99999714 0.9999972
 0.9999966  0.99999547 0.99999416 0.9999927  0.9999915  0.99999046
 0.9999898  0.99998945 0.9999895  0.9999899  0.9999906  0.9999914
 0.9999924  0.99999344 0.9999944  0.99999535 0.9999961  0.99999666
 0.9999971  0.9999973  0.99999744 0.9999974  0.99999726 0.9999971
 0.99999696 0.99999684 0.9999968  0.9999968  0.9999969  0.99999714
 0.9999974  0.99999774 0.99999803 0.99999833 0.9999986  0.99999875
 0.99999875 0.9999986  0.99999833 0.99999785 0.9999973  0.99999666
 0.999996   0.99999535 0.99999475 0.9999943  0.99999404 0.999994
 0.9999942  0.9999947  0.9999954  0.99999624 0.9999972  0.99999815
 0.9999989  0.99999946 0.99999964 0.9999992  0.9999984  0.9999969
 0.9999948  0.99999225 0.9999893  0.9999862  0.9999831  0.9999803
 0.9999781  0.9999768  0.99997663 0.9999776  0.99997985 0.9999832
 0.9999871  0.9999912  0.9999942  0.9999948  0.9999913 ]","[[0.3624621  0.5162153  0.3818757  0.7115178  0.41053066 0.6745475
  0.32588434 0.33640552 0.5026304  0.55468225 0.7104495  0.70812255
  0.4086858  0.69251037 0.739146  ]
 [3.1165264  4.2648396  5.8743944  3.5392196  1.7455591  5.5137095
  4.5109067  3.6946423  4.106835   0.21454485 0.48611978 0.5946188
  1.7966198  2.002427   4.0916615 ]
 [5.862818   2.3832204  3.379634   0.33526638 5.304974   1.1363941
  3.3938897  0.9143233  1.0715523  1.8922518  2.2244396  6.101476
  3.8144796  2.712995   0.47653162]]",trotter
395,95,6,False,"[0.999325   0.99954116 0.99977005 1.0000025  1.0002292  1.0004435
 1.0006368  1.0008031  1.0009371  1.001035   1.0010935  1.0011108
 1.0010872  1.0010233  1.0009217  1.000786   1.0006204  1.0004299
 1.0002211  1.0000001  0.9997739  0.9995495  0.9993329  0.9991309
 0.99894965 0.99879444 0.99866897 0.99857694 0.99852115 0.9985025
 0.99852115 0.99857646 0.99866617 0.99878746 0.9989367  0.9991091
 0.99929965 0.9995026  0.99971235 0.99992275 1.0001281  1.0003229
 1.000502   1.000661   1.0007958  1.0009037  1.000982   1.00103
 1.001047   1.0010338  1.0009917  1.0009232  1.000831   1.0007192
 1.0005919  1.0004535  1.0003091  1.0001636  1.0000215  0.99988806
 0.9997671  0.99966276 0.99957824 0.99951583 0.99947715 0.9994629
 0.9994738  0.99950784 0.99956346 0.9996376  0.99972695 0.9998267
 0.9999326  1.0000385  1.0001395  1.0002295  1.0003033  1.0003558
 1.0003824  1.0003797  1.0003444  1.0002757  1.0001734  1.0000386
 0.99987483 0.99968696 0.9994816  0.99926746 0.9990545  0.9988552
 0.9986831  0.99855363 0.99848294 0.99848956 0.9985919  0.99880946
 0.9991625  0.99967104 1.0003556  1.0012361  1.002332  ]","[[0.3624621  0.5162153  0.3818757  0.7115178  0.41053066 0.6745475
  0.32588434 0.33640552 0.5026304  0.55468225 0.7104495  0.70812255
  0.4086858  0.69251037 0.739146  ]
 [3.1165264  4.2648396  5.8743944  3.5392196  1.7455591  5.5137095
  4.5109067  3.6946423  4.106835   0.21454485 0.48611978 0.5946188
  1.7966198  2.002427   4.0916615 ]
 [5.862818   2.3832204  3.379634   0.33526638 5.304974   1.1363941
  3.3938897  0.9143233  1.0715523  1.8922518  2.2244396  6.101476
  3.8144796  2.712995   0.47653162]]",trotter
396,96,6,True,"[0.9999998  0.99999917 0.99999744 0.9999954  0.9999937  0.99999243
 0.99999183 0.9999918  0.99999225 0.999993   0.99999404 0.99999505
 0.99999607 0.99999696 0.99999774 0.9999983  0.9999987  0.999999
 0.99999917 0.9999993  0.9999993  0.99999934 0.99999934 0.9999994
 0.9999994  0.9999995  0.9999995  0.9999996  0.99999964 0.9999997
 0.9999997  0.99999976 0.99999976 0.9999997  0.9999997  0.99999964
 0.9999996  0.9999995  0.99999946 0.9999994  0.9999994  0.9999994
 0.9999994  0.99999946 0.9999995  0.9999996  0.9999997  0.99999976
 0.9999998  0.9999998  0.9999999  0.9999998  0.99999976 0.9999997
 0.99999964 0.9999996  0.9999995  0.99999946 0.99999946 0.99999946
 0.99999946 0.9999995  0.9999996  0.99999964 0.9999997  0.99999976
 0.99999976 0.9999998  0.9999998  0.9999998  0.9999998  0.9999998
 0.99999976 0.9999997  0.99999964 0.9999996  0.9999995  0.99999946
 0.9999994  0.99999934 0.9999993  0.9999993  0.9999992  0.9999992
 0.99999917 0.99999905 0.99999887 0.9999985  0.9999982  0.9999977
 0.99999714 0.9999966  0.99999607 0.9999957  0.9999956  0.9999958
 0.99999636 0.9999973  0.99999845 0.9999994  0.9999996 ]","[[0.3899165  0.33571362 0.52570564 0.71176857 0.69593585 0.44507578
  0.6791748  0.63472337 0.36333016 0.6152041  0.7000383  0.5413829
  0.51447636 0.49028447 0.27751765]
 [4.2338486  5.248249   0.13543104 4.238018   5.9095893  3.0804586
  0.5752481  4.116361   0.32827577 4.72835    5.5307145  1.902462
  3.9751723  3.994994   2.383619  ]
 [3.405219   2.4339051  2.7909548  5.1524696  4.1476727  0.49183518
  2.248643   3.752232   1.9627147  0.07262146 5.7042804  4.0352983
  5.8499055  0.9523049  1.0507551 ]]",trotter
397,97,6,False,"[1.0001547  0.9999581  0.9998325  0.99976426 0.9997402  0.9997485
 0.99977905 0.9998228  0.9998727  0.9999226  0.99996847 1.0000069
 1.0000365  1.000056   1.0000657  1.0000664  1.0000595  1.0000465
 1.0000293  1.0000099  0.9999898  0.99997044 0.9999532  0.9999388
 0.99992764 0.99992    0.9999158  0.9999145  0.9999157  0.999919
 0.99992365 0.99992925 0.9999355  0.9999423  0.99994934 0.99995685
 0.999965   0.9999739  0.99998397 0.9999951  1.0000075  1.0000207
 1.0000347  1.0000486  1.0000619  1.0000734  1.0000824  1.0000879
 1.0000887  1.0000844  1.0000745  1.0000589  1.0000374  1.0000113
 0.99998087 0.99994767 0.99991286 0.99987835 0.99984574 0.9998167
 0.9997927  0.9997755  0.9997656  0.9997641  0.9997713  0.9997874
 0.99981195 0.9998445  0.9998839  0.999929   0.99997824 1.0000303
 1.0000833  1.0001355  1.0001853  1.0002302  1.0002687  1.0002991
 1.0003198  1.0003287  1.000325   1.0003067  1.0002738  1.000225
 1.0001607  1.0000815  0.9999885  0.99988383 0.99977016 0.9996521
 0.99953413 0.99942297 0.9993266  0.99925345 0.9992146  0.99922067
 0.9992856  0.99942267 0.9996477  0.999977   1.0004267 ]","[[0.3899165  0.33571362 0.52570564 0.71176857 0.69593585 0.44507578
  0.6791748  0.63472337 0.36333016 0.6152041  0.7000383  0.5413829
  0.51447636 0.49028447 0.27751765]
 [4.2338486  5.248249   0.13543104 4.238018   5.9095893  3.0804586
  0.5752481  4.116361   0.32827577 4.72835    5.5307145  1.902462
  3.9751723  3.994994   2.383619  ]
 [3.405219   2.4339051  2.7909548  5.1524696  4.1476727  0.49183518
  2.248643   3.752232   1.9627147  0.07262146 5.7042804  4.0352983
  5.8499055  0.9523049  1.0507551 ]]",trotter
398,98,6,True,"[0.99999785 0.99999714 0.99999243 0.9999858  0.9999789  0.9999728
 0.999968   0.99996483 0.9999634  0.9999637  0.9999653  0.99996805
 0.9999716  0.99997556 0.9999796  0.9999836  0.9999872  0.9999903
 0.9999929  0.9999948  0.9999962  0.9999969  0.9999972  0.999997
 0.99999654 0.9999959  0.9999951  0.99999434 0.9999936  0.999993
 0.9999926  0.9999924  0.9999924  0.9999925  0.9999928  0.99999326
 0.9999938  0.99999446 0.9999951  0.99999565 0.9999962  0.9999966
 0.999997   0.99999726 0.99999744 0.9999975  0.99999756 0.99999756
 0.9999975  0.9999975  0.99999756 0.99999756 0.9999977  0.9999978
 0.999998   0.99999815 0.9999983  0.9999984  0.9999984  0.9999984
 0.9999983  0.99999803 0.99999774 0.9999974  0.99999696 0.99999654
 0.9999961  0.9999958  0.9999955  0.9999954  0.9999954  0.9999956
 0.9999959  0.99999636 0.9999969  0.9999976  0.9999983  0.9999989
 0.9999994  0.99999976 0.9999998  0.9999996  0.999999   0.9999981
 0.9999968  0.99999523 0.99999344 0.9999916  0.9999898  0.9999882
 0.99998695 0.9999863  0.99998623 0.9999869  0.99998826 0.9999902
 0.9999925  0.99999464 0.999996   0.9999958  0.9999928 ]","[[0.516645   0.3074276  0.61057276 0.66463023 0.3780622  0.2901418
  0.6591551  0.608078   0.5961968  0.7455964  0.6589049  0.41516992
  0.5635523  0.5359285  0.3813735 ]
 [1.9123912  4.9623947  2.5950563  2.8317041  6.0948286  5.121437
  2.5350971  2.2449186  5.3125677  4.764149   1.9268842  0.48429015
  2.4737756  2.482246   4.0957747 ]
 [2.7498827  4.2352934  0.8159529  6.042551   0.8343638  5.3158674
  1.5052632  1.5567354  1.2631701  5.316992   3.238073   2.8761115
  3.2299259  0.66913754 2.677529  ]]",trotter
399,99,6,False,"[1.0017104  1.0008999  1.000241   0.9997207  0.99932194 0.9990316
 0.99883515 0.9987191  0.9986721  0.9986815  0.9987363  0.99882764
 0.99894536 0.9990823  0.9992307  0.9993843  0.99953794 0.9996868
 0.99982727 0.99995595 1.0000709  1.00017    1.0002519  1.0003166
 1.0003636  1.0003935  1.000407   1.000405   1.0003889  1.0003606
 1.0003219  1.0002748  1.0002217  1.0001646  1.0001061  1.0000482
 0.9999928  0.9999418  0.99989766 0.9998608  0.99983287 0.9998143
 0.9998055  0.9998065  0.99981654 0.9998348  0.9998601  0.9998907
 0.9999252  0.99996126 0.99999714 1.000031   1.0000609  1.0000855
 1.0001037  1.0001144  1.0001179  1.0001138  1.0001028  1.0000862
 1.0000653  1.0000417  1.0000175  0.99999475 0.9999752  0.9999608
 0.9999528  0.9999527  0.99996054 0.9999766  0.9999998  1.0000293
 1.0000634  1.000099   1.0001336  1.0001642  1.0001872  1.0001988
 1.0001966  1.000177   1.0001382  1.0000782  0.99999666 0.9998939
 0.9997715  0.9996325  0.99948144 0.9993242  0.99916834 0.99902266
 0.9988979  0.9988058  0.99876034 0.99877524 0.9988671  0.99905205
 0.999348   0.99977326 1.0003461  1.0010861  1.002012  ]","[[0.516645   0.3074276  0.61057276 0.66463023 0.3780622  0.2901418
  0.6591551  0.608078   0.5961968  0.7455964  0.6589049  0.41516992
  0.5635523  0.5359285  0.3813735 ]
 [1.9123912  4.9623947  2.5950563  2.8317041  6.0948286  5.121437
  2.5350971  2.2449186  5.3125677  4.764149   1.9268842  0.48429015
  2.4737756  2.482246   4.0957747 ]
 [2.7498827  4.2352934  0.8159529  6.042551   0.8343638  5.3158674
  1.5052632  1.5567354  1.2631701  5.316992   3.238073   2.8761115
  3.2299259  0.66913754 2.677529  ]]",trotter
400,0,5,True,"[1.         0.999999   0.99999696 0.9999948  0.9999935  0.99999297
 0.9999934  0.99999434 0.9999956  0.99999666 0.99999756 0.99999815
 0.99999833 0.9999983  0.99999803 0.99999774 0.9999975  0.99999726
 0.9999972  0.9999972  0.99999726 0.9999975  0.9999977  0.9999979
 0.99999815 0.99999833 0.9999986  0.9999988  0.9999989  0.999999
 0.99999905 0.9999991  0.9999991  0.99999905 0.99999905 0.9999991
 0.99999917 0.9999992  0.9999993  0.9999994  0.99999946 0.99999946
 0.99999934 0.99999917 0.9999989  0.9999986  0.9999983  0.9999979
 0.9999976  0.9999974  0.9999973  0.9999973  0.9999975  0.9999978
 0.99999815 0.99999857 0.9999989  0.9999993  0.9999995  0.9999997
 0.9999997  0.99999964 0.99999934 0.99999905 0.9999986  0.9999982
 0.9999978  0.99999744 0.99999714 0.9999969  0.9999968  0.9999967
 0.99999684 0.99999696 0.9999972  0.9999975  0.99999785 0.9999982
 0.99999857 0.9999988  0.9999989  0.9999988  0.9999984  0.9999976
 0.9999963  0.9999945  0.9999921  0.9999891  0.9999857  0.9999819
 0.99997807 0.9999746  0.9999719  0.9999706  0.99997103 0.99997354
 0.9999781  0.9999845  0.9999916  0.9999976  0.9999998 ]","[[1.058657  1.2419474 0.6012239 0.9214932 1.0676551 0.6717417 1.3518447
  0.7940668 0.8829048 1.1632406 1.3632883 1.1597997]
 [3.9494126 2.3606043 4.414197  0.9407467 1.0684268 3.6380274 2.2933972
  4.0957184 2.409719  4.823787  3.6992536 2.1888762]
 [4.909206  1.4005316 4.33061   3.4703686 5.245339  5.55656   1.4853785
  3.4999585 3.2585664 5.7794423 1.6027178 4.516511 ]]",trotter
401,1,5,False,"[1.000005   0.9984641  0.9975408  0.99711853 0.9970841  0.9973316
 0.99776477 0.99829906 0.9988649  0.99940586 0.9998815  1.0002666
 1.0005467  1.0007223  1.0007995  1.0007943  1.0007236  1.0006086
 1.0004672  1.0003178  1.0001737  1.0000461  0.999941   0.9998627
 0.9998103  0.9997828  0.99977654 0.99978745 0.99981135 0.99984354
 0.9998814  0.99992067 0.99995923 0.99999464 1.0000256  1.0000504
 1.0000677  1.0000765  1.0000758  1.0000654  1.0000447  1.0000137
 0.9999741  0.9999268  0.9998748  0.99982023 0.99976754 0.99972
 0.9996821  0.9996574  0.9996503  0.9996628  0.99969727 0.99975365
 0.9998313  0.9999276  1.0000387  1.0001593  1.0002832  1.0004033
 1.0005118  1.0006014  1.0006664  1.0006987  1.0006958  1.0006539
 1.0005728  1.0004542  1.0003015  1.0001208  0.99991995 0.999708
 0.99949616 0.999295   0.9991164  0.99897116 0.99886906 0.9988185
 0.9988251  0.9988922  0.9990196  0.99920446 0.9994396  0.99971557
 1.0000192  1.0003347  1.0006454  1.0009326  1.0011786  1.0013671
 1.0014844  1.0015211  1.0014725  1.0013411  1.0011364  1.0008761
 1.0005858  1.0003009  1.0000628  0.9999231  0.9999377 ]","[[1.058657  1.2419474 0.6012239 0.9214932 1.0676551 0.6717417 1.3518447
  0.7940668 0.8829048 1.1632406 1.3632883 1.1597997]
 [3.9494126 2.3606043 4.414197  0.9407467 1.0684268 3.6380274 2.2933972
  4.0957184 2.409719  4.823787  3.6992536 2.1888762]
 [4.909206  1.4005316 4.33061   3.4703686 5.245339  5.55656   1.4853785
  3.4999585 3.2585664 5.7794423 1.6027178 4.516511 ]]",trotter
402,2,5,True,"[1.         0.9999991  0.99999744 0.9999961  0.9999955  0.99999565
 0.99999624 0.99999714 0.99999803 0.9999987  0.99999905 0.99999917
 0.9999989  0.9999985  0.99999803 0.9999975  0.99999714 0.9999968
 0.9999967  0.99999666 0.99999684 0.9999971  0.9999974  0.9999977
 0.9999979  0.99999815 0.9999983  0.99999833 0.9999983  0.9999983
 0.9999982  0.99999815 0.9999982  0.9999982  0.9999983  0.99999845
 0.99999857 0.9999988  0.99999905 0.9999992  0.99999934 0.99999946
 0.99999946 0.99999934 0.9999992  0.999999   0.99999875 0.9999985
 0.9999983  0.9999981  0.99999803 0.99999803 0.99999815 0.99999833
 0.99999857 0.9999989  0.99999917 0.99999946 0.99999964 0.9999997
 0.99999976 0.9999997  0.9999996  0.99999946 0.99999934 0.9999992
 0.9999991  0.99999917 0.9999992  0.9999993  0.99999934 0.9999994
 0.99999934 0.9999992  0.999999   0.9999986  0.9999982  0.99999785
 0.9999975  0.99999726 0.99999714 0.9999972  0.9999974  0.9999976
 0.9999981  0.9999985  0.9999989  0.99999934 0.9999996  0.99999964
 0.99999946 0.9999991  0.9999985  0.9999978  0.9999971  0.99999654
 0.9999964  0.99999684 0.99999785 0.99999905 0.9999996 ]","[[1.4750096  1.0318153  0.85462004 0.6397027  1.1439143  0.6275496
  1.3452092  0.6400268  1.0662652  0.6435268  1.2787704  0.86736715]
 [2.820652   5.7753725  2.316169   4.4523373  3.7012308  5.9850087
  5.8155212  2.1037304  4.2340217  4.1244645  3.4951928  2.4572954 ]
 [1.392984   3.5706775  1.9152368  1.5388948  1.1584283  4.0357103
  0.40411925 5.7078414  5.586609   2.4369774  5.8854933  5.735797  ]]",trotter
403,3,5,False,"[1.0000248  0.9998623  0.9997917  0.99978244 0.9998098  0.9998536
 0.9999007  0.9999399  0.99996704 0.99998003 0.99997884 0.99996734
 0.9999496  0.99992937 0.9999122  0.99990064 0.9998987  0.9999063
 0.9999248  0.9999523  0.99998593 1.0000231  1.0000606  1.0000938
 1.0001197  1.0001361  1.0001402  1.000132   1.0001112  1.0000801
 1.00004    0.99999434 0.9999472  0.9999006  0.9998588  0.9998257
 0.999803   0.99979407 0.99979866 0.9998183  0.99985254 0.99990046
 0.99995977 1.0000283  1.0001029  1.0001801  1.0002553  1.0003257
 1.0003865  1.0004336  1.000464   1.0004752  1.0004648  1.0004332
 1.0003803  1.0003078  1.0002191  1.0001186  1.0000116  0.9999034
 0.9998     0.9997084  0.9996328  0.9995774  0.99954516 0.9995375
 0.9995534  0.9995915  0.9996486  0.99972093 0.99980426 0.99989474
 0.9999874  1.000081   1.0001731  1.0002629  1.000351   1.0004375
 1.0005232  1.0006078  1.0006893  1.0007643  1.0008276  1.0008707
 1.0008845  1.0008587  1.0007825  1.0006466  1.000445   1.0001757
 0.99984336 0.9994617  0.9990511  0.9986426  0.99827826 0.9980095
 0.9978966  0.99800974 0.9984239  0.9992225  1.0004878 ]","[[1.4750096  1.0318153  0.85462004 0.6397027  1.1439143  0.6275496
  1.3452092  0.6400268  1.0662652  0.6435268  1.2787704  0.86736715]
 [2.820652   5.7753725  2.316169   4.4523373  3.7012308  5.9850087
  5.8155212  2.1037304  4.2340217  4.1244645  3.4951928  2.4572954 ]
 [1.392984   3.5706775  1.9152368  1.5388948  1.1584283  4.0357103
  0.40411925 5.7078414  5.586609   2.4369774  5.8854933  5.735797  ]]",trotter
404,4,5,True,"[0.9999992  0.999998   0.9999936  0.9999884  0.99998355 0.99998
 0.99997807 0.99997795 0.9999792  0.9999814  0.9999843  0.9999874
 0.99999034 0.9999928  0.9999947  0.99999595 0.9999966  0.9999967
 0.99999654 0.9999962  0.99999577 0.99999547 0.99999535 0.9999954
 0.99999577 0.99999624 0.99999684 0.9999975  0.9999981  0.9999986
 0.99999887 0.999999   0.9999988  0.9999985  0.999998   0.9999973
 0.9999966  0.9999959  0.9999953  0.9999948  0.9999946  0.9999945
 0.9999948  0.9999953  0.999996   0.9999968  0.9999976  0.9999984
 0.9999989  0.9999992  0.99999917 0.99999875 0.9999981  0.99999714
 0.9999961  0.999995   0.999994   0.9999932  0.99999267 0.99999243
 0.99999255 0.99999297 0.9999936  0.9999944  0.9999953  0.9999962
 0.9999971  0.99999774 0.9999982  0.99999845 0.99999845 0.99999815
 0.99999756 0.9999967  0.99999565 0.9999945  0.9999933  0.9999922
 0.9999913  0.9999907  0.9999905  0.9999907  0.99999124 0.9999921
 0.99999315 0.99999416 0.999995   0.9999956  0.99999565 0.9999953
 0.9999944  0.99999326 0.999992   0.999991   0.9999905  0.9999908
 0.999992   0.99999404 0.9999965  0.9999986  0.99999917]","[[0.67480737 1.1384537  1.2222369  0.7769954  0.88618064 0.96528167
  0.79605967 1.1488639  0.60521734 0.9420188  1.3210611  0.9765062 ]
 [0.15984015 0.6775378  1.8148509  2.422552   3.4564896  2.1670125
  5.690355   0.39210048 2.569238   5.988488   5.0343275  0.40867937]
 [0.18811958 5.666719   0.4634379  3.064112   0.34171167 2.128061
  1.2269136  4.2460246  0.69447017 2.543323   2.190638   4.5299406 ]]",trotter
405,5,5,False,"[1.0017394  0.9997845  0.9983321  0.99731576 0.9966733  0.9963446
 0.99627376 0.9964092  0.99670446 0.9971178  0.99761176 0.9981534
 0.99871504 0.9992734  0.99980867 1.0003046  1.0007489  1.0011319
 1.0014461  1.0016874  1.0018531  1.0019431  1.0019583  1.0019016
 1.0017781  1.0015937  1.0013561  1.0010753  1.0007608  1.0004247
 1.0000794  0.9997369  0.9994105  0.9991121  0.998853   0.9986422
 0.99848765 0.99839413 0.99836385 0.99839604 0.9984873  0.99863034
 0.9988168  0.99903566 0.99927366 0.99951845 0.9997564  0.9999757
 1.000165   1.0003157  1.0004224  1.0004812  1.0004926  1.0004587
 1.0003848  1.000279   1.0001489  1.0000054  0.9998581  0.99971735
 0.9995914  0.99948823 0.9994138  0.9993714  0.99936336 0.99938965
 0.9994492  0.99953836 0.99965316 0.99978864 0.999939   1.0000985
 1.0002607  1.0004207  1.0005714  1.0007085  1.0008264  1.000919
 1.0009826  1.0010118  1.0010023  1.0009506  1.0008526  1.0007066
 1.0005114  1.0002679  0.99997944 0.99965155 0.9992933  0.99891734
 0.99854004 0.99818236 0.99786973 0.9976313  0.9975013  0.9975172
 0.99772185 0.9981593  0.9988759  0.9999228  1.0013499 ]","[[0.67480737 1.1384537  1.2222369  0.7769954  0.88618064 0.96528167
  0.79605967 1.1488639  0.60521734 0.9420188  1.3210611  0.9765062 ]
 [0.15984015 0.6775378  1.8148509  2.422552   3.4564896  2.1670125
  5.690355   0.39210048 2.569238   5.988488   5.0343275  0.40867937]
 [0.18811958 5.666719   0.4634379  3.064112   0.34171167 2.128061
  1.2269136  4.2460246  0.69447017 2.543323   2.190638   4.5299406 ]]",trotter
406,6,5,True,"[1.         0.9999937  0.9999803  0.999966   0.99995446 0.99994737
 0.999945   0.9999468  0.9999518  0.99995875 0.99996644 0.9999738
 0.9999801  0.9999847  0.99998754 0.9999886  0.9999883  0.9999871
 0.99998575 0.9999846  0.999984   0.9999843  0.9999854  0.99998724
 0.9999894  0.99999166 0.9999936  0.99999523 0.9999963  0.99999684
 0.9999969  0.9999967  0.9999963  0.9999959  0.9999954  0.99999505
 0.9999948  0.9999947  0.99999464 0.9999947  0.99999493 0.99999523
 0.9999956  0.99999595 0.9999963  0.99999654 0.9999967  0.99999666
 0.9999965  0.9999962  0.99999577 0.9999954  0.9999952  0.9999951
 0.9999952  0.99999547 0.9999958  0.99999624 0.9999967  0.999997
 0.99999726 0.9999974  0.9999974  0.99999726 0.9999971  0.9999969
 0.9999968  0.99999654 0.9999964  0.9999962  0.9999959  0.9999956
 0.9999951  0.99999464 0.99999404 0.9999935  0.9999931  0.9999928
 0.9999928  0.999993   0.99999344 0.9999939  0.99999416 0.9999938
 0.99999255 0.9999899  0.9999858  0.9999799  0.99997246 0.9999639
 0.9999548  0.9999464  0.9999396  0.9999358  0.99993604 0.99994105
 0.999951   0.99996495 0.99998075 0.99999434 0.9999997 ]","[[0.553421   1.322995   1.2549155  1.2236896  1.4335374  0.9791408
  1.4235461  0.56566936 1.3208286  1.015814   1.4541821  1.3581861 ]
 [1.8365403  5.104306   2.7129774  2.1957452  3.6268764  2.7142384
  4.8592     3.812504   5.0472126  6.2371173  1.5294007  3.8933597 ]
 [5.676406   0.76597685 0.50311744 3.6943185  2.922849   3.9921784
  4.386425   3.1629763  4.595689   4.2921014  1.4003187  0.7746033 ]]",trotter
407,7,5,False,"[1.0000521  0.9997864  0.9995643  0.9993891  0.9992649  0.9991936
 0.9991766  0.9992125  0.99929684 0.9994232  0.99958223 0.9997617
 0.99994725 1.0001259  1.0002842  1.0004102  1.0004958  1.0005369
 1.0005331  1.000489   1.0004125  1.0003154  1.0002089  1.0001066
 1.0000192  0.99995434 0.99991745 0.99990904 0.9999263  0.9999642
 1.0000143  1.000069   1.0001202  1.0001615  1.0001882  1.000198
 1.0001913  1.0001693  1.0001353  1.0000923  1.0000437  0.99999255
 0.9999402  0.999887   0.9998339  0.99977946 0.9997236  0.99966705
 0.9996109  0.9995575  0.9995107  0.9994761  0.9994588  0.99946505
 0.9994993  0.99956536 0.9996647  0.999796   0.9999542  1.0001321
 1.0003194  1.0005033  1.0006708  1.0008085  1.0009055  1.0009515
 1.0009413  1.0008736  1.0007513  1.0005819  1.0003774  1.0001516
 0.99992096 0.99970156 0.9995092  0.9993572  0.99925566 0.9992097
 0.99922097 0.99928576 0.99939585 0.99954015 0.99970376 0.9998707
 1.0000243  1.0001488  1.0002298  1.0002575  1.0002254  1.0001322
 0.9999816  0.9997838  0.9995551  0.999317   0.99909717 0.99892795
 0.9988469  0.9988951  0.99911606 0.99955696 1.0002646 ]","[[0.553421   1.322995   1.2549155  1.2236896  1.4335374  0.9791408
  1.4235461  0.56566936 1.3208286  1.015814   1.4541821  1.3581861 ]
 [1.8365403  5.104306   2.7129774  2.1957452  3.6268764  2.7142384
  4.8592     3.812504   5.0472126  6.2371173  1.5294007  3.8933597 ]
 [5.676406   0.76597685 0.50311744 3.6943185  2.922849   3.9921784
  4.386425   3.1629763  4.595689   4.2921014  1.4003187  0.7746033 ]]",trotter
408,8,5,True,"[0.99999714 0.99999636 0.999991   0.99998415 0.9999778  0.9999732
 0.99997056 0.99996996 0.9999713  0.9999739  0.9999774  0.9999812
 0.9999849  0.9999883  0.999991   0.99999315 0.99999475 0.9999957
 0.9999963  0.9999966  0.9999967  0.9999967  0.9999968  0.99999696
 0.99999714 0.9999974  0.99999774 0.999998   0.9999983  0.9999985
 0.99999857 0.9999986  0.99999857 0.9999984  0.99999815 0.99999785
 0.99999756 0.9999973  0.9999971  0.99999696 0.99999684 0.99999684
 0.9999969  0.999997   0.99999726 0.9999975  0.9999978  0.999998
 0.9999983  0.99999845 0.9999985  0.9999985  0.9999984  0.9999982
 0.99999785 0.9999975  0.9999971  0.9999968  0.9999965  0.9999963
 0.99999624 0.99999624 0.9999965  0.9999968  0.9999972  0.9999976
 0.9999981  0.99999845 0.99999875 0.9999989  0.99999887 0.9999987
 0.99999833 0.9999978  0.99999726 0.9999967  0.99999636 0.9999962
 0.9999962  0.9999965  0.99999684 0.99999726 0.9999974  0.9999969
 0.99999565 0.9999933  0.99998975 0.9999849  0.9999791  0.9999726
 0.99996597 0.99995995 0.9999555  0.99995327 0.99995416 0.99995846
 0.99996614 0.9999764  0.9999875  0.99999654 0.9999992 ]","[[0.74617034 1.0729771  0.5375792  0.8678349  1.4003873  1.2198539
  0.61132455 1.2910453  1.0051286  0.98253185 0.5858257  1.0986685 ]
 [1.478192   2.6011744  5.871184   6.11056    4.2403865  0.8083922
  5.7310023  4.1207957  4.6442327  1.6280154  3.3720825  5.939043  ]
 [5.484111   4.176381   0.24616204 4.996262   5.4734106  2.1714385
  0.38647577 0.1700759  2.4352288  4.817315   5.3541956  3.0277684 ]]",trotter
409,9,5,False,"[1.002084   1.0003128  0.99900305 0.99809134 0.99751663 0.9972194
 0.9971447  0.99724126 0.9974621  0.997768   0.99812275 0.998498
 0.99887043 0.999223   0.999543   0.99982345 1.0000606  1.0002538
 1.0004056  1.0005189  1.0005987  1.0006495  1.0006751  1.0006791
 1.0006647  1.0006325  1.0005839  1.0005188  1.0004379  1.0003403
 1.0002273  1.0000995  0.9999601  0.9998128  0.9996617  0.99951327
 0.9993732  0.99924815 0.9991447  0.99906886 0.99902433 0.99901485
 0.99904114 0.9991026  0.9991963  0.9993184  0.99946225 0.9996206
 0.9997859  0.99995005 1.0001054  1.0002443  1.0003607  1.0004498
 1.0005082  1.0005336  1.0005261  1.0004858  1.0004162  1.0003207
 1.0002041  1.000073   0.9999339  0.9997944  0.99966264 0.99954647
 0.9994539  0.9993919  0.99936706 0.9993838  0.99944514 0.9995511
 0.99969983 0.9998856  1.0001009  1.0003345  1.0005741  1.0008044
 1.0010105  1.0011766  1.0012885  1.0013342  1.001304   1.0011922
 1.0009977  1.0007243  1.0003799  0.999978   0.99953645 0.9990767
 0.9986241  0.99820614 0.9978524  0.99759346 0.99745965 0.9974812
 0.9976868  0.99810314 0.9987544  0.99966204 1.0008439 ]","[[0.74617034 1.0729771  0.5375792  0.8678349  1.4003873  1.2198539
  0.61132455 1.2910453  1.0051286  0.98253185 0.5858257  1.0986685 ]
 [1.478192   2.6011744  5.871184   6.11056    4.2403865  0.8083922
  5.7310023  4.1207957  4.6442327  1.6280154  3.3720825  5.939043  ]
 [5.484111   4.176381   0.24616204 4.996262   5.4734106  2.1714385
  0.38647577 0.1700759  2.4352288  4.817315   5.3541956  3.0277684 ]]",trotter
410,10,5,True,"[1.         0.99999964 0.9999989  0.9999982  0.9999977  0.9999974
 0.99999744 0.9999976  0.9999979  0.99999833 0.99999875 0.9999991
 0.9999994  0.99999964 0.99999976 0.9999998  0.9999998  0.99999976
 0.99999976 0.9999997  0.99999964 0.99999964 0.9999997  0.9999997
 0.99999976 0.9999998  0.9999999  0.9999999  0.99999994 0.99999994
 1.         1.         1.         0.99999994 0.9999999  0.99999994
 0.9999999  0.9999999  0.9999999  0.9999998  0.9999999  0.9999999
 0.9999999  0.9999999  0.99999994 0.99999994 0.99999994 0.99999994
 1.         0.99999994 0.99999994 1.         0.99999994 0.99999994
 0.99999994 0.9999999  0.9999999  0.9999999  0.9999998  0.9999998
 0.9999998  0.9999998  0.9999998  0.9999998  0.9999999  0.9999999
 0.99999994 0.99999994 0.99999994 1.         1.         1.
 0.99999994 0.9999999  0.9999998  0.99999976 0.99999976 0.99999964
 0.99999964 0.99999964 0.99999964 0.99999964 0.9999997  0.9999997
 0.9999997  0.99999964 0.99999946 0.99999917 0.99999875 0.9999983
 0.99999774 0.99999714 0.99999666 0.99999624 0.9999962  0.99999636
 0.99999684 0.9999977  0.9999987  0.9999996  1.        ]","[[1.4727288  0.68556046 0.53626114 0.8731941  0.94702613 0.8039457
  0.93459314 1.4042157  1.0300872  0.7740585  0.5168095  0.9434985 ]
 [0.5953654  1.6796496  4.7964725  0.47585374 2.9233503  0.9951321
  0.05190503 4.382091   2.2448065  2.0420623  2.5029538  1.2078179 ]
 [5.7128873  5.0018034  2.6249747  3.742753   5.0761094  1.81056
  6.0197883  3.8573408  0.59988135 0.3762769  1.6094505  3.3262434 ]]",trotter
411,11,5,False,"[1.0000333  0.99995047 0.99991035 0.99990153 0.99991345 0.99993736
 0.9999656  0.9999922  1.0000129  1.0000247  1.0000263  1.0000184
 1.0000015  0.999978   0.99995077 0.9999224  0.9998965  0.99987555
 0.99986225 0.9998582  0.99986434 0.99988097 0.99990773 0.99994266
 0.99998426 1.0000298  1.0000759  1.0001208  1.0001601  1.0001917
 1.000214   1.0002246  1.0002226  1.000208   1.0001816  1.000144
 1.0000973  1.000044   0.99998665 0.9999284  0.99987185 0.99982053
 0.9997769  0.9997433  0.99972165 0.9997134  0.99971956 0.9997406
 0.999775   0.99982285 0.99988216 0.99995095 1.0000268  1.0001069
 1.0001884  1.0002674  1.000341   1.0004067  1.0004609  1.0005013
 1.000526   1.0005331  1.0005225  1.0004935  1.0004472  1.0003852
 1.0003096  1.0002236  1.0001308  1.0000354  0.9999421  0.9998552
 0.99977916 0.9997177  0.9996746  0.9996516  0.99965066 0.9996717
 0.99971354 0.9997734  0.99984795 0.9999316  1.0000197  1.0001049
 1.0001819  1.0002439  1.0002859  1.0003036  1.0002937  1.0002563
 1.000192   1.0001056  1.0000025  0.99989194 0.99978524 0.99969596
 0.9996398  0.99963415 0.9996976  0.9998496  1.0001101 ]","[[1.4727288  0.68556046 0.53626114 0.8731941  0.94702613 0.8039457
  0.93459314 1.4042157  1.0300872  0.7740585  0.5168095  0.9434985 ]
 [0.5953654  1.6796496  4.7964725  0.47585374 2.9233503  0.9951321
  0.05190503 4.382091   2.2448065  2.0420623  2.5029538  1.2078179 ]
 [5.7128873  5.0018034  2.6249747  3.742753   5.0761094  1.81056
  6.0197883  3.8573408  0.59988135 0.3762769  1.6094505  3.3262434 ]]",trotter
412,12,5,True,"[1.         0.9999999  0.9999997  0.9999995  0.9999994  0.9999995
 0.9999995  0.9999997  0.9999998  0.9999999  1.         1.
 0.9999999  0.99999976 0.9999995  0.9999994  0.99999934 0.9999992
 0.9999993  0.99999934 0.9999994  0.9999996  0.99999964 0.9999997
 0.9999997  0.99999964 0.9999995  0.99999934 0.9999993  0.9999991
 0.99999905 0.999999   0.99999905 0.9999991  0.99999934 0.9999994
 0.9999996  0.99999976 0.9999999  0.99999994 1.         0.99999994
 0.9999999  0.99999976 0.99999964 0.99999946 0.9999994  0.9999993
 0.9999992  0.9999992  0.9999993  0.99999934 0.99999946 0.9999996
 0.9999997  0.99999976 0.9999998  0.9999998  0.99999976 0.99999976
 0.99999964 0.99999964 0.9999996  0.9999996  0.9999996  0.9999996
 0.99999964 0.9999997  0.9999997  0.99999976 0.9999997  0.99999964
 0.9999996  0.99999946 0.99999946 0.99999934 0.99999917 0.999999
 0.99999857 0.9999981  0.9999975  0.99999684 0.9999963  0.99999595
 0.99999607 0.99999654 0.9999974  0.9999984  0.9999993  0.9999998
 0.99999964 0.9999987  0.999997   0.99999493 0.9999929  0.9999916
 0.9999915  0.99999285 0.9999955  0.99999845 0.99999994]","[[0.55526555 1.125761   0.59035355 1.1341335  0.8159376  1.2217413
  1.4584103  0.94658744 1.2512293  1.2274734  0.5762894  0.8463459 ]
 [2.0048444  4.0812144  1.5797203  0.43654218 2.630003   4.1352654
  4.6352544  4.710637   2.5166087  4.865136   0.12378108 1.8935223 ]
 [4.6877856  3.366365   5.659743   6.0119433  3.4751732  3.6864512
  3.4927752  4.6058073  5.1156373  3.4716868  1.9026357  0.8570648 ]]",trotter
413,13,5,False,"[0.9999832  1.0001882  1.0003259  1.0004004  1.0004194  1.0003928
 1.000332   1.0002486  1.0001539  1.0000606  0.99997586 0.9999085
 0.9998626  0.9998411  0.9998433  0.9998672  0.999908   0.9999606
 1.0000185  1.0000749  1.0001236  1.0001601  1.0001804  1.0001824
 1.0001663  1.0001335  1.0000873  1.0000316  0.99997175 0.999913
 0.9998601  0.999818   0.9997891  0.9997771  0.99978125 0.99980205
 0.9998377  0.9998847  0.9999402  1.         1.0000597  1.0001152
 1.0001631  1.0001997  1.0002233  1.0002317  1.0002251  1.0002028
 1.0001669  1.0001187  1.0000618  0.9999989  0.99993455 0.99987245
 0.9998175  0.9997735  0.99974436 0.9997329  0.9997412  0.9997702
 0.9998188  0.9998846  0.9999636  1.0000503  1.0001376  1.000218
 1.0002835  1.0003268  1.0003412  1.0003226  1.0002698  1.0001837
 1.0000702  0.9999374  0.99979687 0.9996619  0.99954814 0.9994692
 0.9994371  0.99946016 0.9995413  0.99967724 0.99985766 1.0000659
 1.000279   1.0004709  1.0006137  1.0006812  1.0006512  1.0005105
 1.0002557  0.99989617 0.99945605 0.99897337 0.99850154 0.9981063
 0.99786466 0.9978616  0.9981883  0.99893737 1.000201  ]","[[0.55526555 1.125761   0.59035355 1.1341335  0.8159376  1.2217413
  1.4584103  0.94658744 1.2512293  1.2274734  0.5762894  0.8463459 ]
 [2.0048444  4.0812144  1.5797203  0.43654218 2.630003   4.1352654
  4.6352544  4.710637   2.5166087  4.865136   0.12378108 1.8935223 ]
 [4.6877856  3.366365   5.659743   6.0119433  3.4751732  3.6864512
  3.4927752  4.6058073  5.1156373  3.4716868  1.9026357  0.8570648 ]]",trotter
414,14,5,True,"[0.99999994 0.9999982  0.99999446 0.9999905  0.99998754 0.999986
 0.99998575 0.9999866  0.99998814 0.99999005 0.99999195 0.9999936
 0.99999493 0.999996   0.9999968  0.9999974  0.9999978  0.9999982
 0.99999857 0.99999887 0.999999   0.99999905 0.999999   0.99999887
 0.9999985  0.9999982  0.9999979  0.9999977  0.99999756 0.9999975
 0.99999756 0.99999774 0.9999979  0.9999982  0.9999985  0.99999875
 0.999999   0.99999917 0.9999993  0.99999934 0.9999993  0.99999917
 0.9999989  0.99999857 0.9999982  0.9999978  0.9999974  0.999997
 0.9999968  0.9999966  0.9999967  0.9999969  0.99999726 0.9999976
 0.99999803 0.9999984  0.99999875 0.99999887 0.9999989  0.9999988
 0.9999986  0.9999984  0.9999982  0.9999981  0.9999981  0.9999982
 0.99999845 0.99999875 0.9999991  0.99999934 0.9999995  0.9999994
 0.99999917 0.99999857 0.9999977  0.9999966  0.9999953  0.999994
 0.9999929  0.999992   0.9999916  0.99999166 0.99999225 0.99999315
 0.9999943  0.99999535 0.9999959  0.9999958  0.9999949  0.99999297
 0.9999903  0.99998707 0.999984   0.9999815  0.99998033 0.9999808
 0.99998325 0.9999875  0.9999927  0.99999744 0.9999993 ]","[[0.53739434 1.2487379  0.7309929  1.0625676  1.4690467  1.3057346
  0.640009   1.3714908  0.7618242  1.4594824  0.56559855 0.81542873]
 [3.8810923  5.8457828  3.6362872  3.369139   1.5233747  5.397443
  2.9576542  4.6856227  5.0072417  2.3527925  0.9338359  3.741285  ]
 [1.607167   2.1363044  1.1979586  0.01876924 0.41714552 4.8220105
  0.5618706  1.2724246  6.061278   5.3759203  5.2188387  2.8320034 ]]",trotter
415,15,5,False,"[1.0002196  0.99939346 0.9989566  0.99882746 0.99892807 0.9991861
 0.9995355  0.9999197  1.0002918  1.0006149  1.0008625  1.0010198
 1.0010803  1.001047   1.00093    1.0007441  1.0005095  1.0002456
 0.9999748  0.9997164  0.99948776 0.9993025  0.99917036 0.99909675
 0.9990822  0.99912465 0.9992171  0.99935067 0.9995146  0.99969614
 0.9998836  1.0000648  1.0002295  1.0003684  1.000475   1.0005455
 1.0005777  1.0005733  1.0005348  1.000468   1.0003797  1.0002774
 1.0001695  1.0000633  0.99996674 0.99988526 0.9998234  0.9997832
 0.99976593 0.99977005 0.99979293 0.9998314  0.99988014 0.99993473
 0.9999905  1.0000432  1.000089   1.0001252  1.0001502  1.0001628
 1.0001634  1.0001518  1.0001289  1.0000968  1.0000563  1.0000099
 0.9999603  0.99990994 0.9998629  0.9998234  0.99979687 0.9997889
 0.9998054  0.9998519  0.99993277 1.00005    1.0002035  1.0003892
 1.0005983  1.000818   1.0010314  1.0012177  1.0013541  1.0014174
 1.0013856  1.0012412  1.0009727  1.0005778  1.0000633  0.9994483
 0.9987635  0.9980513  0.99736434 0.9967655  0.99632317 0.996112
 0.9962074  0.9966854  0.99761796 0.9990727  1.0011094 ]","[[0.53739434 1.2487379  0.7309929  1.0625676  1.4690467  1.3057346
  0.640009   1.3714908  0.7618242  1.4594824  0.56559855 0.81542873]
 [3.8810923  5.8457828  3.6362872  3.369139   1.5233747  5.397443
  2.9576542  4.6856227  5.0072417  2.3527925  0.9338359  3.741285  ]
 [1.607167   2.1363044  1.1979586  0.01876924 0.41714552 4.8220105
  0.5618706  1.2724246  6.061278   5.3759203  5.2188387  2.8320034 ]]",trotter
416,16,5,True,"[0.9999993  0.99999535 0.9999875  0.9999794  0.99997294 0.9999692
 0.9999682  0.99996936 0.9999722  0.99997604 0.99998015 0.9999841
 0.9999874  0.9999898  0.99999136 0.9999921  0.9999921  0.99999166
 0.9999909  0.9999902  0.9999898  0.9999897  0.99999    0.9999907
 0.9999916  0.99999285 0.99999404 0.99999523 0.99999624 0.99999696
 0.9999973  0.99999744 0.9999973  0.999997   0.9999967  0.99999636
 0.9999961  0.9999959  0.99999565 0.9999954  0.9999952  0.999995
 0.9999947  0.9999945  0.99999446 0.9999945  0.99999464 0.99999505
 0.9999956  0.99999624 0.999997   0.9999976  0.9999981  0.99999833
 0.99999815 0.99999774 0.999997   0.9999962  0.9999952  0.9999944
 0.9999936  0.99999326 0.99999315 0.99999344 0.9999941  0.99999493
 0.99999595 0.999997   0.999998   0.9999987  0.99999905 0.99999905
 0.99999857 0.99999774 0.9999965  0.9999951  0.99999356 0.99999225
 0.99999124 0.99999076 0.99999076 0.9999913  0.999992   0.99999255
 0.9999924  0.99999106 0.9999881  0.99998313 0.9999764  0.99996805
 0.99995905 0.99995035 0.9999432  0.999939   0.9999389  0.9999437
 0.99995327 0.99996674 0.9999818  0.99999464 0.9999994 ]","[[0.72718906 1.1592306  0.8308157  1.0127641  1.2216884  0.56221986
  0.8805786  0.97363997 1.3769394  0.99045914 0.66136444 0.61187625]
 [5.6571336  5.733337   3.299103   5.1206527  6.227668   0.04569915
  3.0892446  3.4061735  5.22922    3.6899896  5.0901694  5.107944  ]
 [2.3933008  5.1430683  4.6143208  4.178391   2.2163067  0.2097623
  2.1550136  2.1860862  4.260013   2.7594607  4.0692635  2.5162082 ]]",trotter
417,17,5,False,"[1.0015609  1.0001502  0.99909437 0.9983424  0.99784696 0.9975644
 0.99745685 0.99748766 0.99762815 0.99784887 0.9981247  0.99843574
 0.9987615  0.9990874  0.9993999  0.9996885  0.99994534 1.0001656
 1.0003442  1.0004807  1.0005783  1.0006356  1.0006608  1.0006555
 1.0006272  1.0005804  1.0005211  1.0004529  1.0003785  1.0003028
 1.000226   1.0001487  1.0000702  0.99999046 0.99990773 0.9998218
 0.9997349  0.9996455  0.999556   0.9994699  0.9993911  0.9993225
 0.9992686  0.9992338  0.99922043 0.99923134 0.99926853 0.99932927
 0.9994137  0.99951893 0.99964094 0.999776   0.9999183  1.0000648
 1.0002084  1.0003473  1.0004741  1.0005878  1.000681   1.0007511
 1.0007945  1.0008073  1.0007863  1.0007303  1.0006381  1.0005106
 1.0003517  1.0001677  0.99996626 0.99975777 0.9995549  0.99937236
 0.9992227  0.99911994 0.9990739  0.99909157 0.9991751  0.99932134
 0.99952066 0.99975955 1.0000187  1.0002751  1.0005046  1.0006846
 1.0007925  1.000811   1.0007303  1.0005469  1.0002664  0.9999041
 0.9994805  0.9990281  0.9985824  0.998184   0.9978786  0.9977092
 0.99772114 0.99795467 0.99844813 0.99923325 1.0003363 ]","[[0.72718906 1.1592306  0.8308157  1.0127641  1.2216884  0.56221986
  0.8805786  0.97363997 1.3769394  0.99045914 0.66136444 0.61187625]
 [5.6571336  5.733337   3.299103   5.1206527  6.227668   0.04569915
  3.0892446  3.4061735  5.22922    3.6899896  5.0901694  5.107944  ]
 [2.3933008  5.1430683  4.6143208  4.178391   2.2163067  0.2097623
  2.1550136  2.1860862  4.260013   2.7594607  4.0692635  2.5162082 ]]",trotter
418,18,5,True,"[0.9999999  0.999997   0.9999907  0.9999838  0.9999782  0.9999749
 0.9999742  0.9999757  0.9999789  0.999983   0.9999873  0.9999911
 0.99999416 0.9999961  0.999997   0.9999969  0.99999624 0.9999951
 0.9999939  0.9999929  0.99999225 0.999992   0.99999225 0.9999929
 0.99999386 0.999995   0.9999961  0.9999972  0.9999981  0.99999875
 0.99999917 0.9999994  0.99999934 0.9999992  0.9999989  0.99999857
 0.9999983  0.9999979  0.9999977  0.99999744 0.9999973  0.9999972
 0.99999726 0.99999744 0.9999976  0.9999979  0.9999983  0.9999987
 0.999999   0.9999993  0.99999946 0.99999946 0.9999993  0.999999
 0.99999857 0.99999803 0.9999975  0.99999696 0.9999966  0.99999636
 0.99999624 0.9999963  0.99999654 0.99999696 0.9999974  0.9999979
 0.99999845 0.9999989  0.9999992  0.99999946 0.9999995  0.99999946
 0.9999992  0.9999988  0.9999983  0.9999976  0.99999696 0.99999636
 0.99999577 0.9999954  0.9999953  0.99999535 0.9999957  0.99999624
 0.99999696 0.9999977  0.99999815 0.99999845 0.9999982  0.99999744
 0.9999962  0.99999446 0.9999925  0.9999907  0.9999894  0.99998903
 0.9999899  0.99999213 0.99999535 0.99999845 0.99999976]","[[0.82616234 0.8733092  0.8981966  1.4168123  1.4940637  1.4491401
  0.52558184 1.0266044  1.2789345  1.0335095  1.1127058  0.7735    ]
 [3.9298594  2.0611978  2.7609522  3.654151   1.0160154  3.3274107
  2.14629    3.157227   1.7801094  1.1931154  2.0951333  5.8347945 ]
 [4.8895397  4.335671   5.0688543  1.9755181  4.3288608  3.6953268
  4.694545   1.0926712  3.502014   4.717906   2.2882638  5.2205553 ]]",trotter
419,19,5,False,"[1.0006577  0.9997795  0.9992095  0.9988835  0.99874485 0.9987439
 0.99883616 0.99898493 0.9991611  0.9993414  0.9995098  0.99965376
 0.9997696  0.99985445 0.99991083 0.999943   0.99995613 0.99995804
 0.9999543  0.99995136 0.9999544  0.9999656  0.999987   1.0000188
 1.0000592  1.0001061  1.0001547  1.0002017  1.0002428  1.0002741
 1.0002925  1.0002966  1.000285   1.0002588  1.0002191  1.0001693
 1.0001129  1.0000535  0.99999607 0.9999435  0.99989986 0.9998672
 0.99984676 0.9998394  0.9998438  0.99985814 0.9998802  0.9999062
 0.9999332  0.99995816 0.9999778  0.99999076 0.9999949  0.99999034
 0.9999782  0.99995905 0.9999357  0.99991107 0.99988794 0.9998694
 0.9998578  0.99985504 0.9998622  0.9998793  0.99990565 0.9999393
 0.9999784  1.00002    1.000061   1.0000979  1.0001281  1.0001501
 1.0001615  1.0001633  1.0001545  1.0001377  1.0001137  1.0000858
 1.0000572  1.0000288  1.0000035  0.99998236 0.99996513 0.99995095
 0.9999372  0.9999208  0.9998992  0.9998667  0.99982095 0.99975884
 0.9996795  0.9995836  0.99947673 0.99936837 0.99927    0.99920064
 0.9991846  0.9992508  0.9994335  0.9997744  1.0003177 ]","[[0.82616234 0.8733092  0.8981966  1.4168123  1.4940637  1.4491401
  0.52558184 1.0266044  1.2789345  1.0335095  1.1127058  0.7735    ]
 [3.9298594  2.0611978  2.7609522  3.654151   1.0160154  3.3274107
  2.14629    3.157227   1.7801094  1.1931154  2.0951333  5.8347945 ]
 [4.8895397  4.335671   5.0688543  1.9755181  4.3288608  3.6953268
  4.694545   1.0926712  3.502014   4.717906   2.2882638  5.2205553 ]]",trotter
420,20,5,True,"[0.9999998  0.99999684 0.99998933 0.99998033 0.99997216 0.9999661
 0.9999626  0.9999619  0.9999634  0.99996686 0.9999714  0.99997634
 0.9999812  0.9999856  0.9999891  0.9999915  0.9999931  0.999994
 0.99999434 0.99999434 0.99999434 0.99999434 0.99999464 0.99999505
 0.99999565 0.9999963  0.999997   0.9999977  0.9999981  0.9999984
 0.99999833 0.99999803 0.9999975  0.99999666 0.99999565 0.9999946
 0.9999936  0.9999929  0.9999925  0.99999243 0.99999267 0.99999326
 0.999994   0.99999475 0.99999547 0.99999607 0.9999965  0.9999967
 0.99999666 0.99999636 0.999996   0.9999954  0.9999947  0.99999386
 0.99999297 0.99999195 0.999991   0.99999005 0.9999893  0.99998873
 0.9999885  0.9999887  0.9999892  0.9999902  0.9999915  0.9999929
 0.9999944  0.9999958  0.99999696 0.99999774 0.99999803 0.99999785
 0.9999973  0.99999636 0.99999523 0.999994   0.99999285 0.9999918
 0.9999911  0.9999909  0.999991   0.99999154 0.9999924  0.9999933
 0.9999943  0.9999949  0.999995   0.99999434 0.9999931  0.9999911
 0.9999887  0.9999861  0.99998385 0.9999824  0.9999821  0.9999833
 0.9999861  0.99999005 0.9999946  0.99999833 0.99999946]","[[1.4344035  1.0696645  0.9290873  1.3951285  1.3728203  0.85112274
  0.8783363  0.7705173  0.9303154  1.1049879  0.6453401  1.3566831 ]
 [1.3217584  4.5834956  3.6745272  0.2229615  1.3056344  0.84916174
  4.5786247  5.997902   0.57474434 4.9903193  6.1308427  3.4252634 ]
 [4.184194   0.04650889 3.4667487  0.6352331  3.436245   1.6135722
  2.2126138  2.9068406  2.0483096  0.05427156 0.6907738  1.9913806 ]]",trotter
421,21,5,False,"[1.000464   0.9991228  0.99813384 0.9974674  0.99709004 0.99696493
 0.99705225 0.99731004 0.99769634 0.99816954 0.99868786 0.99921495
 0.999717   1.0001668  1.000543   1.0008308  1.0010242  1.0011239
 1.001136   1.0010737  1.0009532  1.0007933  1.000613   1.0004303
 1.0002608  1.0001158  1.0000027  0.99992365 0.9998773  0.9998583
 0.9998596  0.99987185 0.9998869  0.99989676 0.9998961  0.999882
 0.99985373 0.9998136  0.99976593 0.9997156  0.9996699  0.99963385
 0.9996131  0.9996117  0.99963164 0.99967355 0.9997359  0.9998159
 0.9999104  1.0000138  1.0001222  1.0002309  1.0003358  1.000433
 1.0005208  1.0005964  1.0006578  1.0007042  1.0007333  1.0007439
 1.0007343  1.0007021  1.0006461  1.0005647  1.0004569  1.000323
 1.0001653  0.9999879  0.9997951  0.999595   0.9993961  0.9992094
 0.9990444  0.9989118  0.9988205  0.998777   0.998786   0.9988477
 0.99895996 0.99911743 0.9993118  0.9995324  0.99976826 1.0000074
 1.00024    1.0004556  1.0006485  1.0008118  1.0009428  1.0010396
 1.0011008  1.0011259  1.0011146  1.0010662  1.0009788  1.000852
 1.0006844  1.000477   1.0002303  0.9999496  0.99964106]","[[1.4344035  1.0696645  0.9290873  1.3951285  1.3728203  0.85112274
  0.8783363  0.7705173  0.9303154  1.1049879  0.6453401  1.3566831 ]
 [1.3217584  4.5834956  3.6745272  0.2229615  1.3056344  0.84916174
  4.5786247  5.997902   0.57474434 4.9903193  6.1308427  3.4252634 ]
 [4.184194   0.04650889 3.4667487  0.6352331  3.436245   1.6135722
  2.2126138  2.9068406  2.0483096  0.05427156 0.6907738  1.9913806 ]]",trotter
422,22,5,True,"[1.         0.9999939  0.9999805  0.9999658  0.999954   0.9999472
 0.99994636 0.9999505  0.9999582  0.9999676  0.9999767  0.9999842
 0.99998933 0.9999919  0.99999225 0.9999912  0.9999894  0.9999878
 0.99998677 0.9999866  0.9999873  0.9999888  0.9999907  0.9999927
 0.9999947  0.99999636 0.99999774 0.9999987  0.9999993  0.9999996
 0.9999996  0.9999994  0.99999905 0.9999986  0.9999982  0.9999979
 0.99999774 0.9999976  0.9999977  0.9999979  0.99999815 0.9999984
 0.9999986  0.99999875 0.9999987  0.9999986  0.9999984  0.9999982
 0.9999979  0.99999774 0.99999756 0.9999976  0.9999977  0.9999979
 0.9999982  0.9999985  0.99999887 0.99999917 0.99999934 0.9999995
 0.9999996  0.9999995  0.9999994  0.9999992  0.999999   0.9999987
 0.9999985  0.99999833 0.9999982  0.99999815 0.99999815 0.9999982
 0.9999982  0.99999815 0.99999803 0.9999978  0.9999975  0.99999714
 0.99999684 0.99999654 0.99999636 0.99999636 0.99999654 0.99999684
 0.9999973  0.9999979  0.99999857 0.99999905 0.99999946 0.99999964
 0.9999995  0.99999905 0.99999833 0.99999756 0.9999968  0.99999624
 0.9999962  0.9999968  0.9999979  0.9999993  0.99999994]","[[1.211218   0.6028605  1.1432813  1.3983861  0.8832979  0.92920154
  0.5195897  1.484371   1.4072888  0.87673306 0.9864979  1.0450133 ]
 [2.7813876  1.8239821  3.9081957  4.252988   3.5203729  4.1672335
  5.827308   4.3274765  5.489934   5.3534875  4.06718    4.5578074 ]
 [2.7121484  1.8059891  0.4015211  4.338506   0.39863715 5.134063
  0.9216893  2.0595233  1.3359952  2.8405724  4.812477   4.3338423 ]]",trotter
423,23,5,False,"[1.0000335  0.99783117 0.99648404 0.99586356 0.99583405 0.996256
 0.9969918  0.99791056 0.99889404 0.9998397  1.000666   1.001313
 1.0017452  1.0019504  1.0019358  1.0017285  1.0013671  1.0009
 1.0003787  0.9998523  0.9993661  0.99895597 0.99864787 0.9984562
 0.99838495 0.99842864 0.99857366 0.9988007  0.99908745 0.99941057
 0.9997467  1.0000751  1.0003786  1.0006428  1.0008574  1.0010167
 1.0011176  1.0011594  1.0011454  1.0010792  1.0009668  1.0008157
 1.0006332  1.0004287  1.0002112  0.9999904  0.99977636 0.99957913
 0.9994074  0.99927    0.99917334 0.99912214 0.99911857 0.9991624
 0.99924994 0.9993754  0.9995307  0.9997052  0.9998876  1.0000659
 1.0002294  1.0003679  1.0004742  1.000543   1.000572   1.000562
 1.0005168  1.0004413  1.0003438  1.000232   1.0001141  0.9999988
 0.99989295 0.9998022  0.99973106 0.9996817  0.99965596 0.9996525
 0.9996704  0.9997064  0.999758   0.9998204  0.9998893  0.99996
 1.0000278  1.000087   1.0001333  1.0001613  1.0001674  1.0001479
 1.0001018  1.0000292  0.99993324 0.9998202  0.9997003  0.9995888
 0.9995056  0.999476   0.99953103 0.9997078  1.0000482 ]","[[1.211218   0.6028605  1.1432813  1.3983861  0.8832979  0.92920154
  0.5195897  1.484371   1.4072888  0.87673306 0.9864979  1.0450133 ]
 [2.7813876  1.8239821  3.9081957  4.252988   3.5203729  4.1672335
  5.827308   4.3274765  5.489934   5.3534875  4.06718    4.5578074 ]
 [2.7121484  1.8059891  0.4015211  4.338506   0.39863715 5.134063
  0.9216893  2.0595233  1.3359952  2.8405724  4.812477   4.3338423 ]]",trotter
424,24,5,True,"[0.99999994 0.9999997  0.99999917 0.9999988  0.9999987  0.9999988
 0.9999991  0.9999994  0.9999997  0.99999994 1.         0.99999994
 0.9999998  0.99999964 0.99999946 0.99999934 0.9999992  0.9999991
 0.9999991  0.99999917 0.9999993  0.99999934 0.99999934 0.99999946
 0.99999946 0.9999995  0.9999995  0.9999995  0.9999995  0.9999994
 0.9999994  0.9999994  0.9999994  0.99999946 0.99999946 0.9999995
 0.9999995  0.9999996  0.9999996  0.9999995  0.9999995  0.99999946
 0.9999994  0.9999994  0.9999994  0.9999994  0.9999995  0.9999996
 0.9999997  0.99999976 0.9999998  0.9999999  0.9999998  0.99999976
 0.9999997  0.9999997  0.99999964 0.99999964 0.9999997  0.99999976
 0.99999976 0.99999976 0.99999976 0.9999997  0.9999996  0.9999995
 0.9999994  0.9999994  0.9999994  0.99999946 0.9999995  0.9999995
 0.9999995  0.9999994  0.9999991  0.99999857 0.9999979  0.99999714
 0.9999963  0.9999956  0.999995   0.9999948  0.99999493 0.9999954
 0.99999624 0.9999972  0.99999815 0.99999887 0.9999991  0.99999875
 0.99999774 0.99999624 0.99999434 0.9999925  0.9999911  0.9999905
 0.9999911  0.999993   0.9999958  0.99999857 0.99999946]","[[1.1602492  1.380489   1.4319594  1.0749638  1.0169444  0.87650853
  0.6310661  0.78079295 1.0448142  0.588827   1.3118197  0.9769078 ]
 [5.8260283  5.3764296  1.3398968  3.946819   4.860855   4.7344146
  4.155217   1.3264762  2.5133991  3.679987   3.1732388  5.6951942 ]
 [1.0405754  4.0554333  1.2827328  2.6900673  1.0670182  2.2822306
  4.2794557  5.89611    4.508501   1.3401449  0.1393441  1.2557642 ]]",trotter
425,25,5,False,"[0.9999978  0.9998462  0.99974996 0.99969757 0.99968076 0.99969274
 0.9997267  0.99977744 0.99983937 0.99990696 0.9999754  1.0000408
 1.0000979  1.0001439  1.0001757  1.0001923  1.0001937  1.0001807
 1.0001556  1.0001214  1.0000815  1.0000402  1.0000008  0.99996626
 0.9999397  0.99992186 0.9999141  0.99991566 0.99992543 0.9999415
 0.9999622  0.99998546 1.0000091  1.0000318  1.0000517  1.0000693
 1.0000839  1.0000958  1.0001055  1.0001131  1.0001186  1.0001223
 1.000123   1.0001198  1.0001118  1.0000975  1.0000757  1.0000464
 1.0000092  0.9999653  0.99991786 0.9998688  0.9998222  0.99978405
 0.99975723 0.9997467  0.9997559  0.9997859  0.9998368  0.99990636
 0.99999005 1.000082   1.000174   1.0002589  1.0003273  1.0003726
 1.0003889  1.0003726  1.0003242  1.0002458  1.000144   1.0000267
 0.9999042  0.99978733 0.99968785 0.99961454 0.9995766  0.99957764
 0.9996194  0.9996991  0.99981    0.9999425  1.0000839  1.0002207
 1.000337   1.0004187  1.0004531  1.000431   1.000347   1.0002003
 0.9999968  0.999748   0.99947214 0.99919504 0.99894756 0.9987676
 0.99869823 0.99878734 0.9990864  0.99964976 1.0005339 ]","[[1.1602492  1.380489   1.4319594  1.0749638  1.0169444  0.87650853
  0.6310661  0.78079295 1.0448142  0.588827   1.3118197  0.9769078 ]
 [5.8260283  5.3764296  1.3398968  3.946819   4.860855   4.7344146
  4.155217   1.3264762  2.5133991  3.679987   3.1732388  5.6951942 ]
 [1.0405754  4.0554333  1.2827328  2.6900673  1.0670182  2.2822306
  4.2794557  5.89611    4.508501   1.3401449  0.1393441  1.2557642 ]]",trotter
426,26,5,True,"[0.99999994 0.9999972  0.999992   0.9999873  0.9999843  0.99998355
 0.9999847  0.9999871  0.9999901  0.999993   0.9999953  0.9999966
 0.9999967  0.99999577 0.99999386 0.99999136 0.9999886  0.99998593
 0.9999838  0.99998236 0.999982   0.9999825  0.9999839  0.999986
 0.9999887  0.9999914  0.9999939  0.9999961  0.9999976  0.9999984
 0.9999985  0.99999803 0.99999714 0.99999607 0.99999493 0.99999404
 0.99999356 0.9999933  0.99999356 0.99999404 0.99999475 0.9999955
 0.9999963  0.99999696 0.99999744 0.99999774 0.999998   0.99999803
 0.99999803 0.999998   0.999998   0.9999979  0.99999785 0.9999977
 0.9999975  0.9999973  0.999997   0.9999968  0.99999666 0.9999966
 0.9999966  0.9999967  0.999997   0.9999973  0.99999774 0.99999815
 0.9999985  0.9999988  0.999999   0.9999991  0.9999991  0.99999887
 0.99999857 0.9999981  0.9999975  0.99999684 0.99999607 0.99999535
 0.99999464 0.99999416 0.9999938  0.99999374 0.9999939  0.99999434
 0.99999493 0.99999565 0.9999963  0.9999968  0.9999971  0.999997
 0.9999966  0.99999595 0.99999505 0.9999943  0.99999374 0.9999937
 0.9999943  0.9999954  0.99999684 0.99999774 0.99999684]","[[8.8314050e-01 1.1478472e+00 9.1916126e-01 1.2498701e+00 1.2708030e+00
  1.4524206e+00 5.2258253e-01 1.0076150e+00 6.6592246e-01 5.2670789e-01
  6.5044093e-01 1.3892540e+00]
 [5.3097434e+00 9.3383765e-01 6.1757584e+00 6.5765709e-01 5.0181432e+00
  5.0697360e+00 1.7003136e+00 4.1407704e+00 5.0637717e+00 6.9018966e-01
  9.2561239e-01 5.8495831e+00]
 [2.2996361e+00 3.5988181e+00 8.4668279e-01 5.3606968e+00 2.3718750e+00
  4.4143038e+00 8.8514999e-04 2.0478506e-01 3.8945374e+00 5.4454145e+00
  2.4617839e+00 1.3922981e+00]]",trotter
427,27,5,False,"[1.0001746  0.99988395 0.99967927 0.99954563 0.99947274 0.9994498
 0.99946654 0.99951404 0.9995841  0.99966925 0.99976254 0.9998566
 0.9999465  1.0000274  1.0000949  1.0001473  1.0001839  1.0002029
 1.0002068  1.0001979  1.0001777  1.0001506  1.0001191  1.0000865
 1.0000552  1.0000271  1.0000029  0.9999827  0.9999664  0.999953
 0.9999402  0.99992764 0.99991375 0.99989843 0.99988216 0.99986655
 0.9998529  0.99984396 0.99984324 0.99985325 0.99987614 0.9999137
 0.9999662  1.0000321  1.0001082  1.00019    1.0002712  1.0003446
 1.0004035  1.0004389  1.0004463  1.0004199  1.0003568  1.0002577
 1.0001245  0.9999624  0.9997784  0.9995837  0.9993877  0.9992019
 0.99903816 0.99890643 0.99881554 0.998772   0.998781   0.99884385
 0.9989614  0.99912983 0.99934447 0.9995991  0.9998848  1.0001937
 1.0005134  1.000834   1.0011426  1.001428   1.0016772  1.0018775
 1.0020175  1.0020857  1.0020722  1.0019697  1.0017723  1.0014772
 1.0010868  1.0006068  1.0000477  0.9994258  0.9987632  0.99808705
 0.9974293  0.9968292  0.99632984 0.9959774  0.99582386 0.9959215
 0.99632645 0.99709415 0.9982816  0.99994195 1.0021302 ]","[[8.8314050e-01 1.1478472e+00 9.1916126e-01 1.2498701e+00 1.2708030e+00
  1.4524206e+00 5.2258253e-01 1.0076150e+00 6.6592246e-01 5.2670789e-01
  6.5044093e-01 1.3892540e+00]
 [5.3097434e+00 9.3383765e-01 6.1757584e+00 6.5765709e-01 5.0181432e+00
  5.0697360e+00 1.7003136e+00 4.1407704e+00 5.0637717e+00 6.9018966e-01
  9.2561239e-01 5.8495831e+00]
 [2.2996361e+00 3.5988181e+00 8.4668279e-01 5.3606968e+00 2.3718750e+00
  4.4143038e+00 8.8514999e-04 2.0478506e-01 3.8945374e+00 5.4454145e+00
  2.4617839e+00 1.3922981e+00]]",trotter
428,28,5,True,"[0.9999999  0.9999967  0.99999005 0.9999825  0.9999761  0.99997157
 0.9999692  0.99996895 0.9999704  0.9999731  0.9999766  0.9999804
 0.999984   0.9999873  0.99999    0.9999921  0.99999344 0.99999434
 0.99999475 0.9999949  0.9999949  0.99999475 0.9999949  0.999995
 0.9999953  0.99999565 0.99999607 0.9999965  0.99999684 0.99999714
 0.99999726 0.9999973  0.99999726 0.9999973  0.99999726 0.99999726
 0.9999973  0.9999974  0.99999744 0.9999976  0.9999976  0.99999774
 0.9999977  0.99999774 0.99999774 0.99999774 0.99999774 0.9999978
 0.9999979  0.999998   0.9999981  0.99999815 0.99999815 0.99999815
 0.99999803 0.999998   0.9999979  0.9999978  0.99999774 0.9999977
 0.9999977  0.99999774 0.99999785 0.999998   0.99999815 0.9999984
 0.9999986  0.9999989  0.9999993  0.9999995  0.9999997  0.9999995
 0.99999905 0.9999981  0.9999966  0.9999947  0.9999924  0.99999
 0.9999877  0.9999859  0.99998486 0.9999848  0.9999858  0.99998766
 0.9999901  0.9999926  0.99999475 0.99999577 0.9999954  0.99999344
 0.9999899  0.9999854  0.99998045 0.9999762  0.99997354 0.9999734
 0.9999763  0.99998206 0.99998957 0.9999967  0.9999997 ]","[[0.71357316 1.0510038  0.66902006 0.6738066  1.1965579  0.6235925
  0.7434932  1.0567907  0.66048104 1.1197933  0.72776043 1.3748018 ]
 [4.3894033  5.667375   1.9037687  4.762406   3.5731537  3.4657972
  5.5124073  4.8879223  3.671362   0.7565878  5.99483    6.2198844 ]
 [3.5036888  0.4717266  5.2797704  3.3734977  3.83171    1.938117
  0.08841248 4.1618176  2.3419182  6.111021   1.7478621  4.8701468 ]]",trotter
429,29,5,False,"[1.0004511  1.0002352  1.0000485  0.99988997 0.9997595  0.9996567
 0.9995814  0.9995325  0.9995094  0.9995102  0.99953264 0.9995737
 0.99962986 0.9996975  0.99977255 0.99985063 0.9999283  1.0000019
 1.0000691  1.0001283  1.0001779  1.0002178  1.0002482  1.00027
 1.0002838  1.0002912  1.0002931  1.0002898  1.0002813  1.0002682
 1.0002493  1.0002246  1.0001934  1.000155   1.0001098  1.0000582
 1.0000015  0.9999413  0.9998798  0.99982    0.9997644  0.9997162
 0.99967766 0.9996509  0.99963766 0.99963814 0.99965245 0.99967986
 0.9997194  0.99976915 0.9998276  0.9998924  0.99996233 1.0000349
 1.0001088  1.000182   1.0002528  1.0003194  1.0003786  1.0004286
 1.0004658  1.0004872  1.0004903  1.0004722  1.0004313  1.0003674
 1.0002819  1.0001785  1.0000622  0.99994093 0.99982315 0.99971974
 0.9996407  0.9995961  0.999594   0.9996396  0.9997346  0.9998768
 1.0000588  1.0002686  1.0004903  1.0007048  1.0008909  1.0010272
 1.0010937  1.0010743  1.0009568  1.0007371  1.000418   1.0000111
 0.999538   0.99902797 0.9985191  0.9980569  0.9976919  0.99748
 0.99747914 0.9977471  0.9983421  0.99931973 1.0007309 ]","[[0.71357316 1.0510038  0.66902006 0.6738066  1.1965579  0.6235925
  0.7434932  1.0567907  0.66048104 1.1197933  0.72776043 1.3748018 ]
 [4.3894033  5.667375   1.9037687  4.762406   3.5731537  3.4657972
  5.5124073  4.8879223  3.671362   0.7565878  5.99483    6.2198844 ]
 [3.5036888  0.4717266  5.2797704  3.3734977  3.83171    1.938117
  0.08841248 4.1618176  2.3419182  6.111021   1.7478621  4.8701468 ]]",trotter
430,30,5,True,"[0.9999997  0.9999987  0.999995   0.9999903  0.9999856  0.9999816
 0.99997884 0.9999774  0.9999773  0.9999783  0.99998033 0.9999829
 0.9999858  0.99998873 0.99999166 0.99999416 0.9999961  0.99999756
 0.9999985  0.999999   0.999999   0.99999875 0.9999982  0.9999976
 0.999997   0.99999654 0.99999624 0.99999607 0.99999607 0.9999963
 0.9999966  0.999997   0.9999974  0.99999785 0.99999815 0.99999845
 0.99999857 0.9999987  0.99999875 0.9999987  0.9999986  0.99999857
 0.99999857 0.99999857 0.9999986  0.9999987  0.9999988  0.9999989
 0.99999905 0.99999917 0.9999993  0.99999934 0.9999994  0.99999934
 0.9999992  0.9999991  0.9999989  0.99999875 0.99999857 0.99999845
 0.99999833 0.99999833 0.99999833 0.99999845 0.9999987  0.9999989
 0.99999917 0.9999994  0.9999996  0.9999997  0.9999997  0.99999964
 0.99999946 0.9999992  0.999999   0.9999987  0.99999845 0.9999983
 0.9999981  0.999998   0.999998   0.9999981  0.9999982  0.9999984
 0.9999986  0.99999887 0.99999905 0.99999917 0.99999917 0.9999989
 0.99999845 0.9999978  0.999997   0.99999624 0.99999565 0.99999535
 0.9999956  0.9999964  0.9999978  0.99999905 0.99999934]","[[0.5630808  0.51422644 1.1917406  1.2930751  1.2768376  0.6624421
  0.7639513  1.175418   1.470469   0.6375349  0.5090721  0.72328454]
 [5.969383   3.6698835  3.718819   0.07671706 4.827885   0.5783655
  3.1578448  0.43058553 4.553369   3.991531   0.26220453 4.5337577 ]
 [2.6207983  3.0567768  0.66237074 0.53201824 4.05379    4.355509
  0.42372665 0.61706656 5.277515   0.2254706  0.83066773 4.6335163 ]]",trotter
431,31,5,False,"[0.99910635 0.99983186 1.000412   1.0008545  1.0011712  1.0013747
 1.0014803  1.0015035  1.0014598  1.0013646  1.0012321  1.0010749
 1.0009038  1.0007281  1.0005552  1.0003903  1.0002369  1.0000974
 0.99997336 0.9998649  0.999772   0.99969405 0.9996312  0.9995822
 0.99954695 0.99952596 0.99951845 0.9995246  0.9995448  0.99957854
 0.99962527 0.99968404 0.99975413 0.9998334  0.99992025 1.0000117
 1.0001054  1.000198   1.0002866  1.0003686  1.0004407  1.0005004
 1.0005456  1.0005744  1.0005853  1.000578   1.0005524  1.0005088
 1.0004485  1.0003737  1.0002867  1.0001912  1.0000908  0.9999895
 0.99989194 0.9998023  0.99972445 0.9996615  0.99961686 0.99959147
 0.99958664 0.99960065 0.99963224 0.9996783  0.999735   0.99979794
 0.9998629  0.99992573 0.9999829  1.0000322  1.0000725  1.0001036
 1.0001273  1.0001464  1.0001642  1.0001836  1.0002085  1.0002409
 1.0002813  1.0003289  1.0003797  1.0004286  1.0004677  1.0004878
 1.0004795  1.0004332  1.0003409  1.0001973  1.0000007  0.9997541
 0.99946654 0.99915344 0.9988365  0.9985447  0.9983137  0.99818397
 0.99820244 0.9984191  0.9988879  0.999663   1.0007993 ]","[[0.5630808  0.51422644 1.1917406  1.2930751  1.2768376  0.6624421
  0.7639513  1.175418   1.470469   0.6375349  0.5090721  0.72328454]
 [5.969383   3.6698835  3.718819   0.07671706 4.827885   0.5783655
  3.1578448  0.43058553 4.553369   3.991531   0.26220453 4.5337577 ]
 [2.6207983  3.0567768  0.66237074 0.53201824 4.05379    4.355509
  0.42372665 0.61706656 5.277515   0.2254706  0.83066773 4.6335163 ]]",trotter
432,32,5,True,"[0.9999998  0.99999917 0.9999973  0.99999547 0.99999404 0.9999933
 0.9999933  0.99999386 0.99999475 0.99999577 0.9999967  0.99999756
 0.9999979  0.9999981  0.9999979  0.9999976  0.9999971  0.99999654
 0.99999607 0.99999577 0.9999955  0.9999955  0.9999958  0.9999962
 0.9999968  0.99999744 0.99999815 0.9999987  0.99999917 0.99999946
 0.9999996  0.99999946 0.9999991  0.9999986  0.999998   0.9999973
 0.99999666 0.99999607 0.99999565 0.9999954  0.9999954  0.9999956
 0.999996   0.9999965  0.9999971  0.99999774 0.99999833 0.99999875
 0.9999991  0.9999993  0.99999917 0.9999989  0.99999857 0.99999803
 0.9999974  0.9999967  0.99999607 0.9999955  0.9999951  0.9999949
 0.9999948  0.999995   0.99999535 0.9999959  0.99999654 0.99999726
 0.9999979  0.9999985  0.9999988  0.999999   0.9999989  0.99999857
 0.99999803 0.9999974  0.9999967  0.999996   0.99999547 0.9999951
 0.999995   0.99999505 0.99999535 0.99999577 0.99999624 0.99999654
 0.9999968  0.9999967  0.9999964  0.99999577 0.9999948  0.9999937
 0.99999243 0.9999912  0.9999902  0.9999897  0.9999898  0.99999064
 0.9999922  0.99999434 0.9999967  0.9999988  0.99999946]","[[0.7773821  0.58981985 0.94505984 0.8984289  1.0678531  0.6467097
  0.80258816 0.97683364 1.371206   0.53603095 1.163837   1.4456313 ]
 [5.839837   2.48549    4.0063596  4.545729   2.6434727  0.8107391
  1.4171202  2.747612   1.673447   5.517698   2.3977003  3.831033  ]
 [5.8145432  6.232313   2.5973861  3.7188008  2.652503   3.890526
  2.267125   3.0211413  4.983928   0.72845685 5.5299177  3.7387128 ]]",trotter
433,33,5,False,"[1.0002722  0.99918425 0.99845976 0.99804074 0.99787134 0.9978999
 0.9980772  0.99836105 0.99871117 0.99909496 0.99948376 0.9998552
 1.0001923  1.0004823  1.0007172  1.0008935  1.0010114  1.0010726
 1.0010825  1.0010473  1.0009743  1.0008707  1.0007445  1.0006027
 1.0004523  1.000299   1.000148   1.0000045  0.9998715  0.99975306
 0.9996515  0.9995688  0.9995073  0.99946785 0.99945134 0.9994574
 0.9994858  0.9995357  0.99960434 0.99968934 0.99978733 0.99989456
 1.0000062  1.0001179  1.0002251  1.000323   1.0004079  1.000476
 1.0005238  1.0005493  1.0005519  1.0005305  1.0004853  1.0004187
 1.0003316  1.0002277  1.0001107  0.99998516 0.99985534 0.9997264
 0.9996041  0.99949384 0.999401   0.999331   0.9992889  0.99927837
 0.9993032  0.9993647  0.99946326 0.99959743 0.99976385 0.99995714
 1.0001702  1.0003941  1.0006179  1.0008308  1.0010213  1.0011775
 1.0012895  1.001348   1.0013473  1.0012839  1.0011569  1.0009701
 1.0007296  1.0004448  1.0001287  0.99979585 0.99946177 0.9991439
 0.9988594  0.9986251  0.9984577  0.99837124 0.99837816 0.998491
 0.9987182  0.9990693  0.9995499  1.0001668  1.0009253 ]","[[0.7773821  0.58981985 0.94505984 0.8984289  1.0678531  0.6467097
  0.80258816 0.97683364 1.371206   0.53603095 1.163837   1.4456313 ]
 [5.839837   2.48549    4.0063596  4.545729   2.6434727  0.8107391
  1.4171202  2.747612   1.673447   5.517698   2.3977003  3.831033  ]
 [5.8145432  6.232313   2.5973861  3.7188008  2.652503   3.890526
  2.267125   3.0211413  4.983928   0.72845685 5.5299177  3.7387128 ]]",trotter
434,34,5,True,"[0.99999994 0.99999714 0.99999064 0.9999831  0.9999763  0.9999712
 0.9999682  0.9999673  0.9999683  0.99997085 0.9999743  0.99997824
 0.99998236 0.9999861  0.9999895  0.9999923  0.9999944  0.99999595
 0.9999969  0.99999744 0.9999976  0.9999976  0.9999974  0.99999714
 0.9999968  0.9999963  0.99999595 0.9999956  0.99999523 0.99999505
 0.999995   0.9999951  0.99999547 0.99999595 0.99999654 0.9999972
 0.9999979  0.9999984  0.99999875 0.99999887 0.99999875 0.9999984
 0.99999785 0.99999726 0.9999966  0.99999607 0.9999957  0.9999955
 0.9999956  0.9999959  0.99999624 0.9999967  0.9999972  0.9999976
 0.9999979  0.99999803 0.99999803 0.999998   0.9999978  0.9999976
 0.9999975  0.99999744 0.99999744 0.99999756 0.9999978  0.99999803
 0.9999984  0.99999875 0.999999   0.9999992  0.99999934 0.99999934
 0.99999917 0.99999875 0.9999982  0.99999756 0.99999684 0.9999962
 0.9999956  0.9999951  0.9999949  0.9999949  0.99999505 0.9999954
 0.99999577 0.9999959  0.99999577 0.99999523 0.9999942  0.9999927
 0.99999094 0.999989   0.99998724 0.99998593 0.9999856  0.99998635
 0.99998844 0.99999154 0.9999952  0.9999984  0.9999994 ]","[[1.3558408  1.3190534  1.4020368  1.2374003  0.893056   0.66154665
  0.7020118  0.80708    1.0920385  1.3764082  1.0216693  0.77164584]
 [2.4692657  1.7052366  3.2579157  4.6599817  5.2883983  2.8247871
  6.109937   1.7291601  0.94216895 4.403264   1.0877776  5.4732533 ]
 [3.4286115  1.2720101  1.6319093  0.66125256 1.195547   0.6125265
  1.3218274  3.1249206  5.389129   6.0598564  6.031911   0.12267054]]",trotter
435,35,5,False,"[1.0001343  0.9998406  0.9996523  0.99954945 0.9995119  0.9995228
 0.99956614 0.9996282  0.99969745 0.9997641  0.9998217  0.9998651
 0.99989223 0.99990237 0.9998973  0.99987996 0.9998549  0.99982727
 0.99980175 0.99978405 0.9997782  0.9997874  0.9998135  0.9998564
 0.99991447 0.9999844  1.0000618  1.0001402  1.0002141  1.0002776
 1.000325   1.000352   1.0003557  1.0003359  1.0002936  1.0002317
 1.0001557  1.0000713  0.999985   0.9999039  0.99983436 0.99978113
 0.9997483  0.9997375  0.99974775 0.99977803 0.9998235  0.9998801
 0.9999412  1.0000013  1.0000547  1.000096   1.0001225  1.0001314
 1.0001221  1.0000955  1.0000538  0.9999999  0.9999383  0.99987286
 0.9998073  0.99974704 0.99969447 0.9996528  0.99962485 0.99961257
 0.9996177  0.99964136 0.99968493 0.99975    0.9998366  0.9999457
 1.0000764  1.000227   1.0003948  1.0005745  1.0007591  1.0009396
 1.0011047  1.001242   1.001339   1.0013818  1.0013587  1.0012611
 1.0010817  1.0008198  1.0004787  1.0000681  0.9996025  0.99910325
 0.99859625 0.99811304 0.9976875  0.9973571  0.99715996 0.9971359
 0.9973227  0.99775743 0.9984749  0.99950665 1.0008811 ]","[[1.3558408  1.3190534  1.4020368  1.2374003  0.893056   0.66154665
  0.7020118  0.80708    1.0920385  1.3764082  1.0216693  0.77164584]
 [2.4692657  1.7052366  3.2579157  4.6599817  5.2883983  2.8247871
  6.109937   1.7291601  0.94216895 4.403264   1.0877776  5.4732533 ]
 [3.4286115  1.2720101  1.6319093  0.66125256 1.195547   0.6125265
  1.3218274  3.1249206  5.389129   6.0598564  6.031911   0.12267054]]",trotter
436,36,5,True,"[0.9999999  0.9999987  0.999996   0.9999931  0.9999907  0.9999893
 0.9999889  0.9999894  0.9999905  0.999992   0.99999356 0.99999505
 0.9999961  0.9999968  0.9999972  0.9999972  0.999997   0.99999684
 0.9999966  0.99999654 0.9999966  0.99999684 0.99999714 0.9999976
 0.99999803 0.9999985  0.9999989  0.9999993  0.9999995  0.9999997
 0.99999976 0.9999997  0.9999996  0.99999934 0.99999905 0.99999875
 0.99999845 0.9999982  0.99999803 0.999998   0.99999803 0.9999982
 0.99999845 0.9999987  0.9999989  0.9999991  0.9999993  0.9999994
 0.9999994  0.99999946 0.99999946 0.99999946 0.9999995  0.9999995
 0.9999995  0.9999994  0.99999934 0.99999917 0.9999989  0.99999875
 0.99999857 0.99999845 0.9999984  0.99999845 0.9999986  0.99999887
 0.99999917 0.99999946 0.9999997  0.9999998  0.9999998  0.99999976
 0.9999995  0.9999991  0.99999875 0.99999833 0.999998   0.9999977
 0.9999975  0.9999974  0.99999744 0.99999756 0.9999977  0.99999774
 0.99999774 0.9999975  0.9999971  0.99999636 0.99999535 0.99999404
 0.9999926  0.9999911  0.99998987 0.99998903 0.99998885 0.9999896
 0.9999913  0.99999374 0.9999964  0.99999857 0.99999875]","[[0.80128944 1.3404771  1.4361478  0.91073    0.98095155 1.2883836
  1.1782357  0.5157648  0.80146635 0.88939613 1.2651213  0.7218142 ]
 [2.6481106  0.4428992  4.610132   5.090788   4.2428026  4.5862064
  0.71619594 5.3009286  3.9089272  5.016662   2.3853512  2.2264965 ]
 [5.4020863  4.691303   3.0383532  3.7159367  2.377657   5.3355026
  1.1442665  1.7472641  0.6500553  1.2663003  0.68078786 0.8486272 ]]",trotter
437,37,5,False,"[1.0003041  0.9993352  0.99869347 0.99833506 0.9982144  0.99828434
 0.9984987  0.9988124  0.99918264 0.9995701  0.99994075 1.0002673
 1.0005277  1.0007083  1.0008028  1.0008115  1.0007414  1.0006051
 1.0004199  1.0002048  0.9999803  0.99976677 0.99958086 0.99943787
 0.99934804 0.9993156  0.9993413  0.9994204  0.99954456 0.9997017
 0.9998778  1.0000587  1.0002294  1.0003773  1.0004921  1.0005662
 1.0005962  1.0005813  1.000525   1.0004331  1.0003139  1.0001771
 1.000033   0.99989194 0.999763   0.99965405 0.99957055 0.99951637
 0.99949354 0.99950093 0.99953675 0.9995968  0.99967694 0.9997724
 0.99987704 0.9999854  1.0000927  1.0001935  1.0002841  1.0003603
 1.000419   1.0004573  1.0004729  1.0004643  1.0004312  1.0003735
 1.0002927  1.0001907  1.000072   0.9999417  0.99980557 0.9996707
 0.9995454  0.9994368  0.9993535  0.99930173 0.99928707 0.99931407
 0.99938196 0.99949086 0.99963504 0.99980706 0.9999965  1.0001912
 1.0003756  1.000536   1.0006572  1.0007262  1.0007333  1.0006725
 1.0005428  1.0003512  1.0001103  0.99984175 0.9995742  0.99934447
 0.99919724 0.9991836  0.9993598  0.9997871  1.000529  ]","[[0.80128944 1.3404771  1.4361478  0.91073    0.98095155 1.2883836
  1.1782357  0.5157648  0.80146635 0.88939613 1.2651213  0.7218142 ]
 [2.6481106  0.4428992  4.610132   5.090788   4.2428026  4.5862064
  0.71619594 5.3009286  3.9089272  5.016662   2.3853512  2.2264965 ]
 [5.4020863  4.691303   3.0383532  3.7159367  2.377657   5.3355026
  1.1442665  1.7472641  0.6500553  1.2663003  0.68078786 0.8486272 ]]",trotter
438,38,5,True,"[0.99999905 0.99999666 0.9999905  0.9999834  0.99997693 0.99997216
 0.9999693  0.9999685  0.99996954 0.99997187 0.9999751  0.99997866
 0.9999823  0.99998564 0.9999885  0.9999907  0.9999923  0.99999326
 0.99999386 0.9999941  0.99999416 0.9999942  0.9999943  0.9999944
 0.9999947  0.999995   0.9999954  0.99999577 0.99999595 0.9999961
 0.9999962  0.9999962  0.99999607 0.999996   0.99999595 0.999996
 0.9999961  0.99999636 0.99999654 0.9999968  0.9999969  0.9999969
 0.9999968  0.9999965  0.9999962  0.9999959  0.9999956  0.99999535
 0.99999535 0.99999547 0.99999577 0.9999961  0.99999654 0.9999969
 0.99999726 0.9999975  0.9999976  0.9999976  0.99999756 0.99999744
 0.99999726 0.99999726 0.99999726 0.99999744 0.9999976  0.9999979
 0.9999982  0.99999857 0.9999988  0.9999991  0.99999917 0.9999991
 0.9999989  0.9999985  0.99999803 0.9999975  0.99999684 0.99999624
 0.9999957  0.9999953  0.99999505 0.9999951  0.9999953  0.9999957
 0.99999624 0.99999684 0.9999974  0.99999774 0.99999785 0.99999756
 0.99999696 0.99999607 0.999995   0.9999939  0.9999932  0.9999931
 0.9999936  0.999995   0.9999969  0.9999987  0.9999991 ]","[[0.9359682  1.4508609  0.8208924  0.9777931  0.5929563  0.96149075
  0.7250426  1.0679147  0.8546837  0.87367785 0.70413435 1.4891515 ]
 [1.2009097  4.675787   6.0905633  0.44090408 6.003212   0.1918709
  2.5087597  2.762392   4.5199137  6.1243696  5.4894176  2.5830963 ]
 [1.75769    5.013471   1.7278425  3.3000903  2.6119528  0.86981905
  2.8453286  4.6356006  5.9546475  0.52775043 3.8449264  3.1728928 ]]",trotter
439,39,5,False,"[1.0011274  1.0002704  0.99959993 0.9990983  0.99874765 0.99852836
 0.99842274 0.9984126  0.9984806  0.99861026 0.9987853  0.998991
 0.9992129  0.9994404  0.99966204 0.9998687  1.0000546  1.0002135
 1.0003442  1.000443   1.0005118  1.0005506  1.000562   1.0005488
 1.0005132  1.0004594  1.0003909  1.0003092  1.0002185  1.0001212
 1.0000191  0.99991566 0.9998136  0.9997151  0.9996242  0.99954444
 0.9994789  0.9994317  0.9994062  0.9994055  0.99943066 0.99948287
 0.999561   0.99966186 0.99978125 0.99991274 1.0000491  1.0001823
 1.0003035  1.0004046  1.0004783  1.0005195  1.0005245  1.0004933
 1.0004262  1.0003287  1.0002066  1.0000682  0.99992234 0.9997785
 0.99964595 0.9995329  0.9994457  0.9993886  0.99936473 0.99937403
 0.9994154  0.99948484 0.99957806 0.9996898  0.9998139  0.99994546
 1.0000788  1.0002096  1.0003335  1.0004479  1.0005494  1.000636
 1.0007049  1.0007545  1.0007819  1.000784   1.0007577  1.0006996
 1.0006068  1.0004762  1.0003071  1.0000992  0.9998554  0.99958134
 0.9992866  0.99898434 0.9986939  0.99843866 0.99824816 0.9981574
 0.99820673 0.99844235 0.9989151  0.99968076 1.000799  ]","[[0.9359682  1.4508609  0.8208924  0.9777931  0.5929563  0.96149075
  0.7250426  1.0679147  0.8546837  0.87367785 0.70413435 1.4891515 ]
 [1.2009097  4.675787   6.0905633  0.44090408 6.003212   0.1918709
  2.5087597  2.762392   4.5199137  6.1243696  5.4894176  2.5830963 ]
 [1.75769    5.013471   1.7278425  3.3000903  2.6119528  0.86981905
  2.8453286  4.6356006  5.9546475  0.52775043 3.8449264  3.1728928 ]]",trotter
440,40,5,True,"[1.         0.99999917 0.99999756 0.999996   0.9999948  0.99999446
 0.9999947  0.99999535 0.99999624 0.9999973  0.99999815 0.99999887
 0.9999993  0.9999995  0.99999946 0.9999993  0.9999989  0.9999988
 0.99999857 0.9999984  0.99999833 0.9999984  0.99999857 0.9999988
 0.999999   0.99999917 0.9999994  0.9999995  0.99999964 0.9999997
 0.99999976 0.99999976 0.9999997  0.9999997  0.9999997  0.9999997
 0.99999964 0.9999997  0.9999997  0.9999997  0.9999997  0.9999997
 0.99999964 0.9999996  0.9999995  0.9999994  0.99999934 0.9999993
 0.9999992  0.99999917 0.99999917 0.99999917 0.99999917 0.9999992
 0.9999992  0.9999992  0.9999993  0.9999993  0.99999934 0.99999934
 0.99999934 0.9999994  0.9999994  0.99999934 0.9999993  0.9999992
 0.99999917 0.9999991  0.999999   0.9999989  0.99999887 0.9999988
 0.9999987  0.99999857 0.99999845 0.99999833 0.99999815 0.999998
 0.99999785 0.99999774 0.9999977  0.9999977  0.9999977  0.9999976
 0.9999973  0.9999967  0.9999956  0.9999938  0.9999913  0.9999881
 0.9999845  0.99998075 0.9999775  0.99997544 0.999975   0.99997675
 0.99998057 0.99998623 0.99999255 0.99999785 0.99999964]","[[0.891539   0.7344333  0.6996432  0.64201015 1.3540875  1.3482965
  0.5133608  1.3235596  1.1668029  1.3978981  0.83860123 0.9595141 ]
 [2.5862129  2.376222   2.6911428  4.47291    3.5499682  2.529239
  4.9810877  4.3801007  4.30979    0.35493758 5.957118   4.7874527 ]
 [2.7495406  0.29032534 0.56643367 4.308201   0.4246284  6.0679626
  5.2627563  3.3727863  2.6803815  1.7716539  1.9964757  6.1048827 ]]",trotter
441,41,5,False,"[1.0000448  0.9993942  0.9989842  0.9987668  0.9987006  0.9987477
 0.9988761  0.99905777 0.9992709  0.9994966  0.9997201  0.99993104
 1.0001208  1.0002844  1.0004178  1.0005196  1.0005895  1.000628
 1.0006366  1.0006173  1.0005726  1.0005058  1.000421   1.0003223
 1.0002143  1.0001026  0.9999927  0.9998898  0.9998     0.9997279
 0.99967784 0.9996525  0.99965394 0.99968183 0.99973416 0.9998073
 0.9998958  0.99999356 1.0000923  1.000185   1.0002636  1.0003215
 1.000354   1.0003582  1.0003326  1.000279   1.000201   1.0001048
 0.99999726 0.99988717 0.9997833  0.9996943  0.99962735 0.9995891
 0.9995826  0.9996096  0.99966925 0.999758   0.9998699  0.9999973
 1.0001311  1.0002615  1.0003786  1.000473   1.0005369  1.0005639
 1.0005504  1.0004954  1.0004014  1.0002726  1.0001178  0.9999468
 0.9997723  0.9996073  0.99946547 0.999359   0.9992988  0.999292
 0.9993419  0.99944746 0.9996022  0.9997951  1.0000098  1.0002267
 1.000424   1.000579   1.0006707  1.0006814  1.0005984  1.0004174
 1.0001428  0.9997897  0.99938333 0.9989604  0.99856794 0.99826235
 0.99810857 0.99817634 0.9985399  0.9992756  1.0004581 ]","[[0.891539   0.7344333  0.6996432  0.64201015 1.3540875  1.3482965
  0.5133608  1.3235596  1.1668029  1.3978981  0.83860123 0.9595141 ]
 [2.5862129  2.376222   2.6911428  4.47291    3.5499682  2.529239
  4.9810877  4.3801007  4.30979    0.35493758 5.957118   4.7874527 ]
 [2.7495406  0.29032534 0.56643367 4.308201   0.4246284  6.0679626
  5.2627563  3.3727863  2.6803815  1.7716539  1.9964757  6.1048827 ]]",trotter
442,42,5,True,"[0.9999999  0.9999972  0.99999183 0.99998623 0.999982   0.9999796
 0.9999791  0.9999801  0.9999821  0.99998456 0.99998695 0.9999889
 0.9999903  0.999991   0.9999911  0.9999908  0.99999017 0.99998945
 0.9999889  0.9999886  0.9999887  0.9999892  0.99999005 0.99999136
 0.99999285 0.9999944  0.9999959  0.9999972  0.9999981  0.9999987
 0.9999989  0.9999987  0.9999983  0.99999774 0.99999714 0.9999966
 0.9999963  0.9999962  0.9999963  0.9999966  0.99999696 0.9999974
 0.99999774 0.999998   0.99999803 0.999998   0.99999774 0.9999974
 0.999997   0.99999666 0.9999964  0.9999963  0.9999963  0.99999654
 0.999997   0.9999975  0.9999981  0.9999987  0.99999917 0.9999995
 0.99999964 0.9999995  0.9999992  0.9999988  0.99999833 0.9999979
 0.9999977  0.9999975  0.99999744 0.9999976  0.9999978  0.999998
 0.99999803 0.999998   0.9999977  0.9999972  0.9999964  0.99999547
 0.99999446 0.9999935  0.9999927  0.9999922  0.99999213 0.9999926
 0.9999935  0.9999948  0.99999636 0.9999978  0.9999989  0.99999934
 0.9999989  0.9999976  0.9999955  0.99999315 0.99999094 0.99998957
 0.9999896  0.99999136 0.9999945  0.9999981  0.99999994]","[[0.7147135  1.0743644  1.1964774  0.87601626 1.2298731  0.98093826
  1.4968113  1.4126374  1.4157323  1.3979394  1.0517366  1.0284842 ]
 [3.2914279  3.8485937  4.763876   4.9998503  6.033658   0.30658725
  1.0637296  4.416455   4.231386   1.2541493  5.3151574  3.2717512 ]
 [2.723069   3.9416423  1.5820143  4.7965417  2.015777   2.7293
  6.028512   2.3117766  2.9453907  3.2826364  5.968585   5.7029934 ]]",trotter
443,43,5,False,"[1.0003676  0.99889916 0.99793947 0.9973983  0.99719447 0.99725145
 0.99750274 0.99788827 0.99835706 0.998863   0.99937123 0.9998513
 1.0002805  1.0006394  1.0009207  1.0011156  1.0012249  1.0012511
 1.0012014  1.001086   1.0009165  1.000708   1.000475   1.0002345
 1.000001   0.9997886  0.9996104  0.9994748  0.99938977 0.99935883
 0.9993811  0.9994538  0.999569   0.9997178  0.99988717 1.0000639
 1.0002353  1.000388   1.0005108  1.0005951  1.0006361  1.0006317
 1.000584   1.0004987  1.0003836  1.0002494  1.0001073  0.9999689
 0.9998448  0.9997435  0.9996715  0.99963176 0.99962455 0.9996474
 0.9996951  0.99976087 0.9998369  0.9999147  0.99998665 1.000046
 1.0000876  1.0001081  1.000106   1.0000818  1.0000379  0.99997747
 0.9999053  0.9998269  0.99974793 0.9996747  0.99961287 0.9995686
 0.99954826 0.99955636 0.9995979  0.9996762  0.99979305 0.99994737
 1.0001359  1.0003512  1.0005828  1.0008144  1.0010282  1.0012014
 1.0013112  1.001335   1.0012517  1.0010473  1.0007143  1.000256
 0.99968845 0.9990413  0.99835694 0.99769163 0.9971144  0.9967034
 0.99654365 0.99672526 0.9973385  0.9984702  1.0002029 ]","[[0.7147135  1.0743644  1.1964774  0.87601626 1.2298731  0.98093826
  1.4968113  1.4126374  1.4157323  1.3979394  1.0517366  1.0284842 ]
 [3.2914279  3.8485937  4.763876   4.9998503  6.033658   0.30658725
  1.0637296  4.416455   4.231386   1.2541493  5.3151574  3.2717512 ]
 [2.723069   3.9416423  1.5820143  4.7965417  2.015777   2.7293
  6.028512   2.3117766  2.9453907  3.2826364  5.968585   5.7029934 ]]",trotter
444,44,5,True,"[1.         0.9999996  0.9999986  0.9999975  0.99999654 0.999996
 0.99999595 0.9999962  0.99999666 0.9999973  0.999998   0.9999984
 0.99999875 0.9999988  0.9999986  0.9999983  0.99999774 0.9999973
 0.99999684 0.99999654 0.9999964  0.9999965  0.9999967  0.9999972
 0.9999976  0.99999815 0.9999987  0.99999917 0.9999995  0.9999997
 0.99999976 0.99999976 0.9999996  0.99999934 0.9999991  0.99999887
 0.9999986  0.99999845 0.99999833 0.99999833 0.99999833 0.99999845
 0.9999986  0.9999988  0.99999905 0.9999992  0.99999934 0.99999946
 0.9999995  0.9999995  0.99999946 0.99999934 0.9999992  0.99999905
 0.999999   0.99999887 0.99999875 0.9999987  0.9999987  0.9999987
 0.9999988  0.99999887 0.9999989  0.999999   0.99999905 0.9999991
 0.99999917 0.99999917 0.9999991  0.99999905 0.999999   0.9999988
 0.99999875 0.9999987  0.9999986  0.9999986  0.9999986  0.9999987
 0.99999875 0.9999988  0.9999988  0.99999875 0.99999857 0.9999983
 0.9999978  0.99999714 0.99999624 0.99999523 0.99999416 0.99999297
 0.9999919  0.999991   0.99999046 0.99999034 0.99999076 0.99999166
 0.99999315 0.99999493 0.9999967  0.99999785 0.99999774]","[[1.0129113  0.8063747  0.9868271  0.52697617 1.2015309  0.56459594
  0.6526988  1.1404101  0.9160414  1.3591285  0.59665745 1.4768729 ]
 [0.66691375 5.917968   3.373455   4.105003   1.3418813  3.290417
  0.03314756 2.836712   0.42434072 3.1501486  1.7371868  2.2203023 ]
 [6.202084   0.28887665 0.43126708 0.8275949  2.1140714  3.1709924
  5.166838   4.344514   3.996449   0.48872814 5.68044    2.5374992 ]]",trotter
445,45,5,False,"[0.99998796 1.000119   1.000206   1.0002521  1.0002625  1.0002441
 1.0002037  1.0001501  1.0000904  1.0000312  0.99997896 0.99993855
 0.99991304 0.99990433 0.9999123  0.9999354  0.9999716  1.0000173
 1.0000675  1.0001175  1.0001632  1.0002002  1.0002242  1.0002334
 1.0002257  1.000201   1.0001602  1.0001056  1.0000402  0.9999686
 0.99989444 0.99982315 0.9997588  0.9997064  0.99966884 0.99964887
 0.9996475  0.9996659  0.99970263 0.9997553  0.99982184 0.99989724
 0.9999783  1.0000597  1.0001371  1.0002065  1.0002633  1.0003059
 1.0003312  1.0003383  1.0003266  1.0002975  1.0002521  1.0001932
 1.0001237  1.0000471  0.9999671  0.9998868  0.9998106  0.99974126
 0.99968266 0.99963653 0.9996055  0.9995909  0.99959385 0.9996152
 0.9996543  0.99971133 0.99978507 0.999874   0.999976   1.0000885
 1.0002081  1.0003314  1.0004535  1.0005697  1.0006737  1.00076
 1.0008223  1.0008547  1.0008508  1.0008056  1.0007144  1.0005747
 1.0003847  1.0001459  0.9998627  0.99954087 0.9991917  0.9988278
 0.99846864 0.99813485 0.99785185 0.99764925 0.9975592  0.9976186
 0.9978649  0.99833965 0.9990856  1.000146   1.001565  ]","[[1.0129113  0.8063747  0.9868271  0.52697617 1.2015309  0.56459594
  0.6526988  1.1404101  0.9160414  1.3591285  0.59665745 1.4768729 ]
 [0.66691375 5.917968   3.373455   4.105003   1.3418813  3.290417
  0.03314756 2.836712   0.42434072 3.1501486  1.7371868  2.2203023 ]
 [6.202084   0.28887665 0.43126708 0.8275949  2.1140714  3.1709924
  5.166838   4.344514   3.996449   0.48872814 5.68044    2.5374992 ]]",trotter
446,46,5,True,"[0.99999934 0.99999857 0.9999968  0.99999505 0.9999938  0.99999344
 0.99999374 0.99999464 0.99999577 0.99999684 0.9999977  0.9999983
 0.9999984  0.999998   0.9999974  0.9999965  0.9999955  0.9999947
 0.99999404 0.9999936  0.9999936  0.9999939  0.9999945  0.9999953
 0.9999963  0.99999726 0.9999982  0.9999989  0.9999996  0.9999999
 0.99999994 0.9999998  0.99999946 0.99999905 0.99999845 0.99999785
 0.99999726 0.9999967  0.99999624 0.9999959  0.99999577 0.9999958
 0.999996   0.99999636 0.9999969  0.9999975  0.99999815 0.9999987
 0.99999917 0.99999946 0.9999996  0.99999946 0.9999992  0.99999875
 0.9999982  0.99999774 0.9999973  0.999997   0.99999684 0.9999969
 0.9999971  0.9999973  0.9999977  0.99999803 0.99999833 0.99999857
 0.99999875 0.9999989  0.9999989  0.9999989  0.99999887 0.9999987
 0.99999845 0.9999982  0.99999785 0.9999975  0.99999714 0.99999684
 0.99999654 0.99999636 0.99999636 0.9999964  0.9999965  0.99999654
 0.99999654 0.99999624 0.9999956  0.99999446 0.9999928  0.9999907
 0.9999882  0.99998564 0.9999832  0.99998146 0.99998075 0.9999815
 0.999984   0.9999881  0.99999315 0.9999978  0.9999997 ]","[[0.57934624 0.82947785 0.7456651  0.8242439  0.89631575 1.293017
  1.1309845  1.182004   0.6016255  0.6418126  0.70129704 0.91043174]
 [3.1964028  5.886444   2.3605478  0.68334174 1.4178729  2.6817393
  3.4547715  6.237339   4.4694295  1.0003403  3.4005425  3.7693403 ]
 [4.8303046  4.9551563  4.2351465  3.5291018  0.9720124  6.153917
  6.2500443  1.8553443  5.742572   3.8190684  2.594205   2.088893  ]]",trotter
447,47,5,False,"[1.0020534  1.0001367  0.9986377  0.99751455 0.99672663 0.9962314
 0.9959909  0.99596643 0.99612045 0.99641824 0.99682844 0.9973186
 0.9978622  0.99843246 0.99900734 0.9995671  1.0000919  1.0005684
 1.0009836  1.0013283  1.0015942  1.0017765  1.0018736  1.001885
 1.0018144  1.0016657  1.0014472  1.0011683  1.0008379  1.000471
 1.000081   0.99968195 0.9992898  0.99891824 0.99858284 0.9982952
 0.99806595 0.99790335 0.9978135  0.9977984  0.9978561  0.9979822
 0.99816877 0.9984067  0.99868166 0.9989808  0.9992881  0.99958885
 0.9998701  1.0001192  1.000326   1.000484   1.0005894  1.0006413
 1.0006422  1.0005976  1.0005145  1.0004025  1.0002712  1.0001311
 0.9999925  0.9998643  0.99975336 0.9996662  0.99960625 0.99957603
 0.99957496 0.9996014  0.99965256 0.9997241  0.9998112  0.9999082
 1.0000105  1.0001124  1.0002093  1.0002973  1.0003725  1.0004325
 1.0004743  1.0004969  1.0004992  1.0004803  1.0004401  1.0003797
 1.0002991  1.0002002  1.0000845  0.9999556  0.99981683 0.99967325
 0.9995306  0.9993961  0.99927986 0.9991915  0.9991444  0.9991522
 0.9992303  0.99939734 0.99967074 1.0000715  1.0006194 ]","[[0.57934624 0.82947785 0.7456651  0.8242439  0.89631575 1.293017
  1.1309845  1.182004   0.6016255  0.6418126  0.70129704 0.91043174]
 [3.1964028  5.886444   2.3605478  0.68334174 1.4178729  2.6817393
  3.4547715  6.237339   4.4694295  1.0003403  3.4005425  3.7693403 ]
 [4.8303046  4.9551563  4.2351465  3.5291018  0.9720124  6.153917
  6.2500443  1.8553443  5.742572   3.8190684  2.594205   2.088893  ]]",trotter
448,48,5,True,"[1.         0.9999993  0.99999785 0.9999964  0.99999523 0.9999945
 0.99999416 0.9999942  0.9999944  0.99999475 0.99999505 0.9999953
 0.99999547 0.9999957  0.9999958  0.999996   0.9999961  0.9999963
 0.9999965  0.9999968  0.999997   0.99999726 0.99999744 0.9999977
 0.9999978  0.9999979  0.9999979  0.99999785 0.9999978  0.99999774
 0.9999976  0.9999975  0.9999975  0.99999744 0.99999744 0.9999975
 0.9999977  0.9999978  0.999998   0.9999982  0.9999984  0.9999985
 0.9999987  0.9999986  0.99999857 0.9999984  0.9999982  0.9999979
 0.9999976  0.9999973  0.999997   0.99999684 0.9999967  0.9999968
 0.9999969  0.9999972  0.99999756 0.999998   0.9999984  0.99999875
 0.9999989  0.9999989  0.9999987  0.99999815 0.99999726 0.99999607
 0.99999464 0.99999315 0.9999916  0.9999901  0.999989   0.9999882
 0.999988   0.9999884  0.99998945 0.999991   0.999993   0.9999952
 0.9999972  0.9999987  0.99999946 0.9999989  0.99999684 0.999993
 0.99998736 0.9999799  0.999971   0.99996096 0.99995065 0.9999407
 0.9999321  0.9999259  0.9999229  0.9999238  0.9999291  0.9999386
 0.9999516  0.99996656 0.99998075 0.9999902  0.9999897 ]","[[0.659333   0.57521945 1.4272372  1.0403718  0.6071162  1.3035346
  1.2540903  0.7477999  1.2311686  0.50924134 1.2968411  1.4204388 ]
 [0.32717332 1.17397    3.7389512  6.068236   4.2529287  0.14575365
  1.6973467  5.288953   3.316757   1.4961686  2.8182943  0.29047012]
 [4.0098696  4.5091376  6.0853925  5.4466124  1.5556608  2.792832
  2.816319   1.1502064  3.6473494  5.8801093  4.3947225  3.182743  ]]",trotter
449,49,5,False,"[1.0000681  0.9997796  0.9996036  0.99951553 0.9994951  0.9995247
 0.99958974 0.9996776  0.9997772  0.9998802  0.9999795  1.0000702
 1.0001469  1.0002072  1.0002486  1.0002692  1.0002694  1.0002489
 1.0002092  1.0001522  1.0000808  0.9999983  0.99990803 0.9998155
 0.9997244  0.9996407  0.9995682  0.999512   0.9994754  0.99946165
 0.99947274 0.9995092  0.9995711  0.99965614 0.99976164 0.9998837
 1.0000166  1.000155   1.0002925  1.000423   1.0005407  1.0006402
 1.0007174  1.0007684  1.0007914  1.0007861  1.0007527  1.0006934
 1.0006107  1.0005088  1.0003916  1.0002649  1.0001326  0.9999998
 0.9998713  0.99975127 0.9996429  0.99954987 0.999474   0.99941814
 0.9993827  0.9993693  0.9993784  0.99940985 0.9994634  0.99953777
 0.9996328  0.99974495 0.99987197 1.0000111  1.000157   1.0003048
 1.0004483  1.0005804  1.0006946  1.0007823  1.000835   1.0008457
 1.0008068  1.0007125  1.0005573  1.0003399  1.0000589  0.9997177
 0.99932194 0.99888134 0.998408   0.99791944 0.9974358  0.99698156
 0.99658376 0.9962723  0.9960798  0.9960412  0.9961921  0.9965677
 0.99720496 0.9981391  0.9994015  1.0010235  1.0030321 ]","[[0.659333   0.57521945 1.4272372  1.0403718  0.6071162  1.3035346
  1.2540903  0.7477999  1.2311686  0.50924134 1.2968411  1.4204388 ]
 [0.32717332 1.17397    3.7389512  6.068236   4.2529287  0.14575365
  1.6973467  5.288953   3.316757   1.4961686  2.8182943  0.29047012]
 [4.0098696  4.5091376  6.0853925  5.4466124  1.5556608  2.792832
  2.816319   1.1502064  3.6473494  5.8801093  4.3947225  3.182743  ]]",trotter
450,50,6,True,"[0.999996   0.99999857 0.9999976  0.9999948  0.99999124 0.9999877
 0.99998486 0.9999829  0.9999819  0.99998176 0.99998254 0.99998397
 0.9999859  0.999988   0.9999901  0.99999225 0.9999942  0.9999958
 0.99999714 0.9999981  0.9999986  0.999999   0.9999989  0.9999988
 0.9999984  0.99999803 0.9999975  0.9999971  0.9999967  0.9999964
 0.99999624 0.9999961  0.99999607 0.99999607 0.9999961  0.9999962
 0.99999624 0.9999962  0.9999962  0.99999607 0.99999595 0.9999957
 0.9999956  0.99999547 0.9999953  0.9999953  0.9999953  0.99999547
 0.99999565 0.9999959  0.99999624 0.99999654 0.9999969  0.9999972
 0.9999975  0.9999977  0.99999785 0.99999785 0.9999978  0.9999976
 0.9999974  0.9999971  0.9999966  0.9999961  0.9999956  0.99999493
 0.9999944  0.9999938  0.9999933  0.9999929  0.9999927  0.9999927
 0.99999297 0.99999344 0.9999942  0.9999952  0.9999962  0.9999973
 0.9999982  0.99999887 0.99999905 0.9999986  0.9999974  0.99999523
 0.99999225 0.9999883  0.99998367 0.99997854 0.9999733  0.99996823
 0.99996394 0.9999609  0.9999596  0.9999603  0.9999634  0.9999687
 0.9999759  0.9999841  0.99999183 0.999997   0.9999969 ]","[[0.5023338  0.27162522 0.6712032  0.6240709  0.38999158 0.519757
  0.5865733  0.46483564 0.5450259  0.3411172  0.44366252 0.33059382
  0.6863378  0.7395098  0.4042197 ]
 [2.744339   2.1022534  5.3667555  2.7736886  2.0577614  3.6675375
  2.9932039  4.8977504  5.5196185  4.45814    2.6060417  1.6889478
  2.2019572  3.2161062  1.3003662 ]
 [0.25070137 2.5148623  5.9682064  0.41529876 2.9231136  1.1059333
  0.54512125 3.3540878  6.125876   4.0830116  1.8903761  2.7975683
  1.6459892  0.89448315 0.41447148]]",trotter
451,51,6,False,"[0.9983968  0.9990123  0.9995854  1.0001072  1.0005696  1.000967
 1.0012944  1.0015488  1.0017289  1.0018355  1.0018702  1.0018364
 1.0017399  1.0015864  1.0013841  1.0011414  1.0008676  1.0005722
 1.0002656  0.99995726 0.9996568  0.9993734  0.9991148  0.99888813
 0.99869925 0.9985527  0.9984512  0.9983965  0.9983883  0.99842554
 0.9985054  0.9986239  0.9987762  0.99895614 0.99915767 0.99937385
 0.99959797 0.9998232  1.0000427  1.0002507  1.0004419  1.0006118
 1.0007564  1.0008731  1.0009604  1.0010167  1.0010426  1.0010391
 1.0010074  1.0009506  1.0008706  1.0007712  1.000656   1.0005288
 1.0003936  1.0002545  1.0001154  0.9999797  0.99985135 0.9997332
 0.9996283  0.9995394  0.9994681  0.99941623 0.99938464 0.99937433
 0.99938464 0.9994151  0.99946433 0.999531   0.99961185 0.99970436
 0.9998048  0.9999089  1.0000132  1.0001127  1.0002027  1.0002787
 1.0003365  1.0003725  1.0003825  1.0003651  1.0003179  1.0002407
 1.0001345  1.000001   0.99984473 0.99967015 0.9994853  0.9992983
 0.9991194  0.99896115 0.9988362  0.9987599  0.9987477  0.9988166
 0.9989836  0.99926686 0.9996843  1.0002536  1.000992  ]","[[0.5023338  0.27162522 0.6712032  0.6240709  0.38999158 0.519757
  0.5865733  0.46483564 0.5450259  0.3411172  0.44366252 0.33059382
  0.6863378  0.7395098  0.4042197 ]
 [2.744339   2.1022534  5.3667555  2.7736886  2.0577614  3.6675375
  2.9932039  4.8977504  5.5196185  4.45814    2.6060417  1.6889478
  2.2019572  3.2161062  1.3003662 ]
 [0.25070137 2.5148623  5.9682064  0.41529876 2.9231136  1.1059333
  0.54512125 3.3540878  6.125876   4.0830116  1.8903761  2.7975683
  1.6459892  0.89448315 0.41447148]]",trotter
452,52,6,True,"[0.9999967  0.99999595 0.99998975 0.9999811  0.99997216 0.99996436
 0.99995846 0.99995506 0.99995404 0.9999554  0.9999587  0.9999634
 0.99996895 0.99997497 0.9999809  0.9999864  0.9999911  0.99999493
 0.9999976  0.99999917 0.9999997  0.9999994  0.9999984  0.9999969
 0.9999951  0.9999934  0.9999918  0.99999046 0.9999897  0.99998933
 0.9999894  0.99999    0.99999094 0.9999922  0.9999936  0.99999505
 0.99999636 0.99999756 0.9999984  0.9999989  0.9999991  0.9999989
 0.9999985  0.9999979  0.9999972  0.9999964  0.9999957  0.9999952
 0.9999948  0.99999475 0.9999949  0.99999523 0.99999577 0.9999964
 0.99999714 0.99999785 0.9999984  0.9999988  0.99999887 0.99999875
 0.9999983  0.99999756 0.9999966  0.99999547 0.99999434 0.9999932
 0.99999213 0.9999913  0.99999076 0.9999906  0.99999064 0.9999912
 0.999992   0.99999315 0.99999434 0.99999577 0.9999971  0.9999982
 0.99999905 0.99999946 0.99999946 0.9999989  0.99999774 0.99999607
 0.9999939  0.9999914  0.9999888  0.999986   0.9999835  0.99998134
 0.9999798  0.9999791  0.99997926 0.99998033 0.9999824  0.99998516
 0.99998826 0.999991   0.9999926  0.9999919  0.9999874 ]","[[0.26111278 0.37260008 0.36047244 0.30532384 0.69825053 0.38316348
  0.54466957 0.25239152 0.34082314 0.30262062 0.4524338  0.70050716
  0.5702069  0.36814538 0.47889167]
 [4.1332936  2.5579584  5.0149426  3.2313085  5.7462873  4.312938
  3.6162863  3.6506824  0.20643751 5.345891   5.951398   2.7766163
  2.1074631  0.2261009  1.3583281 ]
 [1.7067069  1.3410869  5.7197366  0.55047005 1.2639184  0.25813422
  0.33073398 0.7698782  2.4764965  2.6301427  2.5358922  1.0369145
  1.2744286  3.8643558  3.1484094 ]]",trotter
453,53,6,False,"[1.0008086  1.0005065  1.0002648  1.0000769  0.9999359  0.9998365
 0.99977136 0.9997347  0.99972075 0.99972415 0.99974    0.9997637
 0.99979174 0.9998209  0.9998484  0.9998729  0.99989253 0.9999066
 0.9999148  0.9999179  0.9999164  0.99991125 0.9999036  0.9998951
 0.9998873  0.99988127 0.9998793  0.9998817  0.99988985 0.99990433
 0.9999253  0.9999528  0.99998605 1.0000242  1.0000662  1.0001099
 1.0001538  1.0001956  1.0002334  1.000265   1.0002884  1.000302
 1.0003042  1.0002942  1.0002717  1.0002363  1.000189   1.0001308
 1.0000637  0.9999896  0.9999116  0.9998324  0.99975526 0.99968344
 0.9996203  0.9995689  0.9995319  0.99951166 0.9995098  0.9995277
 0.9995657  0.99962324 0.99969923 0.999792   0.9998988  1.0000165
 1.0001413  1.0002686  1.0003943  1.0005136  1.000621   1.0007123
 1.0007826  1.000828   1.0008448  1.0008298  1.0007815  1.000698
 1.0005794  1.0004264  1.000241   1.0000265  0.9997873  0.9995291
 0.9992589  0.9989848  0.9987165  0.9984638  0.9982396  0.9980558
 0.9979267  0.99786687 0.99789184 0.99801797 0.9982626  0.9986427
 0.99917656 0.9998826  1.0007792  1.0018852  1.0032192 ]","[[0.26111278 0.37260008 0.36047244 0.30532384 0.69825053 0.38316348
  0.54466957 0.25239152 0.34082314 0.30262062 0.4524338  0.70050716
  0.5702069  0.36814538 0.47889167]
 [4.1332936  2.5579584  5.0149426  3.2313085  5.7462873  4.312938
  3.6162863  3.6506824  0.20643751 5.345891   5.951398   2.7766163
  2.1074631  0.2261009  1.3583281 ]
 [1.7067069  1.3410869  5.7197366  0.55047005 1.2639184  0.25813422
  0.33073398 0.7698782  2.4764965  2.6301427  2.5358922  1.0369145
  1.2744286  3.8643558  3.1484094 ]]",trotter
454,54,6,True,"[0.99999976 0.99999756 0.99999166 0.9999842  0.9999769  0.9999707
 0.99996626 0.9999638  0.9999633  0.9999646  0.99996746 0.9999713
 0.99997574 0.9999805  0.9999851  0.9999894  0.999993   0.99999595
 0.999998   0.9999992  0.9999998  0.99999976 0.9999992  0.9999984
 0.9999973  0.9999962  0.99999523 0.99999434 0.9999938  0.9999935
 0.9999935  0.99999374 0.9999942  0.9999949  0.99999565 0.9999964
 0.9999972  0.9999979  0.9999985  0.9999989  0.9999993  0.99999946
 0.99999946 0.99999934 0.99999917 0.9999989  0.9999987  0.9999984
 0.99999815 0.999998   0.99999785 0.99999785 0.999998   0.9999981
 0.99999833 0.99999857 0.9999988  0.99999905 0.99999934 0.99999946
 0.9999996  0.9999996  0.9999996  0.99999946 0.9999993  0.999999
 0.9999988  0.9999985  0.99999833 0.99999815 0.9999981  0.99999803
 0.99999815 0.9999983  0.9999985  0.9999988  0.9999991  0.99999934
 0.9999996  0.9999997  0.99999976 0.9999997  0.9999994  0.99999905
 0.9999985  0.99999785 0.9999971  0.9999963  0.9999955  0.9999948
 0.9999943  0.999994   0.99999386 0.9999941  0.9999946  0.9999954
 0.9999965  0.9999977  0.99999887 0.9999997  0.99999976]","[[0.6080426  0.62294966 0.45858482 0.5703614  0.47295418 0.3157058
  0.33748555 0.31664273 0.29351515 0.5856943  0.6995326  0.7179814
  0.7234905  0.41439342 0.29594263]
 [2.6209342  4.988091   0.02452049 5.9539146  3.9643593  1.9757054
  4.0449967  4.526387   0.60796666 0.9514132  3.0564399  1.4617655
  3.840333   1.8053777  0.54588926]
 [3.3430204  4.000295   1.9087313  4.049917   0.48048788 2.8740034
  0.06512929 6.025267   4.5120068  5.012728   5.021438   6.1356664
  0.8755951  5.548873   1.0169238 ]]",trotter
455,55,6,False,"[1.0000739  1.0000328  1.0000162  1.0000197  1.0000393  1.00007
 1.0001076  1.0001472  1.0001857  1.0002187  1.0002441  1.0002599
 1.0002632  1.0002534  1.0002309  1.0001951  1.0001475  1.000089
 1.0000223  0.9999495  0.9998729  0.99979556 0.99972063 0.99965084
 0.9995886  0.999537   0.9994979  0.9994731  0.9994636  0.9994703
 0.9994932  0.9995319  0.9995857  0.9996527  0.99973106 0.99981785
 0.999911   1.0000072  1.0001032  1.0001963  1.0002832  1.000361
 1.0004272  1.0004796  1.0005168  1.0005373  1.0005407  1.0005268
 1.0004966  1.0004507  1.0003911  1.0003201  1.00024    1.0001539
 1.0000644  0.999975   0.99988884 0.99980885 0.9997375  0.9996774
 0.99963063 0.9995987  0.9995822  0.99958163 0.99959695 0.9996272
 0.9996708  0.99972606 0.99979025 0.9998613  0.9999362  1.0000116
 1.0000842  1.0001513  1.0002099  1.0002575  1.0002918  1.0003107
 1.0003132  1.0002985  1.0002664  1.0002172  1.0001521  1.0000724
 0.99998057 0.99987906 0.9997714  0.9996611  0.99955225 0.99944973
 0.9993578  0.99928206 0.9992278  0.999201   0.99920756 0.9992535
 0.9993453  0.9994897  0.9996935  0.999963   1.0003068 ]","[[0.6080426  0.62294966 0.45858482 0.5703614  0.47295418 0.3157058
  0.33748555 0.31664273 0.29351515 0.5856943  0.6995326  0.7179814
  0.7234905  0.41439342 0.29594263]
 [2.6209342  4.988091   0.02452049 5.9539146  3.9643593  1.9757054
  4.0449967  4.526387   0.60796666 0.9514132  3.0564399  1.4617655
  3.840333   1.8053777  0.54588926]
 [3.3430204  4.000295   1.9087313  4.049917   0.48048788 2.8740034
  0.06512929 6.025267   4.5120068  5.012728   5.021438   6.1356664
  0.8755951  5.548873   1.0169238 ]]",trotter
456,56,6,True,"[0.99999017 0.99999243 0.9999879  0.9999798  0.9999705  0.99996185
 0.9999548  0.9999502  0.99994826 0.9999488  0.99995166 0.9999563
 0.9999623  0.99996895 0.99997574 0.9999823  0.999988   0.9999927
 0.99999636 0.99999857 0.9999995  0.99999934 0.9999981  0.9999962
 0.99999374 0.9999911  0.9999884  0.99998593 0.99998397 0.99998254
 0.99998164 0.99998146 0.9999819  0.99998283 0.9999842  0.9999859
 0.9999877  0.99998957 0.9999913  0.99999285 0.9999941  0.99999505
 0.9999956  0.9999958  0.99999565 0.99999535 0.9999949  0.9999943
 0.99999374 0.9999933  0.999993   0.999993   0.9999932  0.9999936
 0.9999943  0.99999505 0.9999958  0.99999666 0.9999974  0.99999785
 0.9999979  0.9999977  0.999997   0.99999595 0.99999446 0.9999928
 0.9999908  0.9999889  0.9999872  0.99998575 0.9999848  0.9999845
 0.9999849  0.999986   0.9999878  0.99999005 0.99999255 0.9999951
 0.99999744 0.99999905 0.99999964 0.999999   0.99999684 0.9999931
 0.9999877  0.999981   0.9999731  0.9999646  0.999956   0.99994814
 0.9999416  0.9999372  0.9999355  0.99993706 0.99994206 0.9999504
 0.9999613  0.99997354 0.9999852  0.9999934  0.9999943 ]","[[0.33713967 0.25041083 0.3394935  0.56193644 0.46864688 0.71554196
  0.7104896  0.27834883 0.6119331  0.6533082  0.28771108 0.3374846
  0.52659535 0.5349711  0.2576838 ]
 [5.4252706  1.2666607  3.5141087  4.9488397  0.5665241  4.968137
  3.172011   1.3523097  2.8834507  6.1813145  0.25424057 5.764212
  5.737322   5.3290014  3.0631537 ]
 [0.6221988  1.7106267  2.8517876  5.675058   1.6308848  0.79685754
  6.0192375  5.9290185  1.0451084  1.7157837  2.2212625  0.48121005
  5.9189243  2.28468    3.0260963 ]]",trotter
457,57,6,False,"[1.0024478  1.0012827  1.000333   0.99958163 0.9990109  0.99860096
 0.9983337  0.9981894  0.9981491  0.9981944  0.9983073  0.99847066
 0.9986702  0.9988906  0.9991197  0.9993466  0.99956214 0.9997587
 0.9999311  1.0000751  1.0001891  1.000272   1.0003251  1.0003498
 1.0003495  1.0003278  1.0002888  1.0002376  1.0001782  1.000116
 1.0000542  0.99999744 0.999948   0.99990875 0.9998808  0.99986535
 0.9998623  0.99987066 0.9998894  0.9999165  0.9999496  0.99998635
 1.0000243  1.0000606  1.0000926  1.0001186  1.0001371  1.0001466
 1.0001464  1.0001364  1.0001171  1.0000893  1.0000548  1.0000153
 0.9999726  0.9999297  0.99988914 0.9998533  0.99982536 0.99980694
 0.99980015 0.9998068  0.99982786 0.9998639  0.99991405 0.99997777
 1.0000529  1.0001372  1.0002273  1.0003195  1.0004089  1.0004913
 1.0005609  1.0006135  1.0006437  1.0006473  1.0006204  1.00056
 1.0004637  1.0003312  1.0001631  0.99996126 0.99972945 0.9994736
 0.9992     0.998918   0.99863786 0.99837154 0.9981321  0.9979336
 0.9977911  0.997721   0.99773896 0.99786127 0.99810386 0.99848247
 0.9990116  0.99970514 1.000575   1.0016321  1.0028847 ]","[[0.33713967 0.25041083 0.3394935  0.56193644 0.46864688 0.71554196
  0.7104896  0.27834883 0.6119331  0.6533082  0.28771108 0.3374846
  0.52659535 0.5349711  0.2576838 ]
 [5.4252706  1.2666607  3.5141087  4.9488397  0.5665241  4.968137
  3.172011   1.3523097  2.8834507  6.1813145  0.25424057 5.764212
  5.737322   5.3290014  3.0631537 ]
 [0.6221988  1.7106267  2.8517876  5.675058   1.6308848  0.79685754
  6.0192375  5.9290185  1.0451084  1.7157837  2.2212625  0.48121005
  5.9189243  2.28468    3.0260963 ]]",trotter
458,58,6,True,"[0.9999991  0.9999986  0.99999696 0.99999475 0.99999255 0.99999076
 0.99998945 0.9999889  0.9999889  0.9999895  0.9999905  0.9999918
 0.99999326 0.9999947  0.99999607 0.99999726 0.9999982  0.9999989
 0.9999994  0.99999964 0.9999996  0.99999946 0.99999934 0.999999
 0.9999987  0.9999984  0.9999982  0.9999981  0.999998   0.9999981
 0.9999982  0.99999833 0.99999857 0.99999875 0.9999989  0.99999917
 0.9999993  0.99999946 0.9999995  0.9999996  0.9999996  0.9999996
 0.9999995  0.99999946 0.99999946 0.9999994  0.99999934 0.99999934
 0.99999934 0.99999934 0.99999934 0.99999934 0.9999994  0.99999934
 0.9999994  0.9999994  0.99999946 0.99999946 0.9999995  0.9999995
 0.9999995  0.9999996  0.9999996  0.9999996  0.9999996  0.9999996
 0.9999996  0.9999996  0.9999995  0.9999996  0.9999995  0.99999946
 0.9999994  0.99999946 0.9999994  0.99999946 0.9999995  0.9999995
 0.9999996  0.99999964 0.9999997  0.9999997  0.9999997  0.99999964
 0.9999996  0.9999994  0.99999917 0.99999887 0.9999986  0.99999833
 0.99999803 0.99999774 0.99999756 0.9999975  0.99999756 0.9999978
 0.9999982  0.9999987  0.9999992  0.9999996  0.99999964]","[[0.50264883 0.25564232 0.5821777  0.3044663  0.55173045 0.6812649
  0.36140066 0.4689534  0.36526808 0.47751215 0.3923831  0.2952647
  0.5171175  0.69525343 0.5497586 ]
 [5.176455   3.090456   3.283514   0.5350722  1.8185863  0.30974767
  3.821011   0.9443741  0.6127273  1.7801069  0.48625663 2.772012
  0.2729196  4.474594   5.029937  ]
 [5.430063   5.8298626  4.7583184  5.4416966  1.7865287  5.9920354
  1.1455486  4.5326047  0.44882485 4.684221   0.15038435 3.164644
  1.1417068  0.75881386 5.043756  ]]",trotter
459,59,6,False,"[1.001119   1.0005637  1.0001186  0.9997724  0.9995138  0.9993319
 0.99921554 0.9991549  0.9991404  0.9991628  0.99921435 0.99928707
 0.9993744  0.99947095 0.99957097 0.9996709  0.9997667  0.99985605
 0.9999366  1.0000074  1.0000675  1.000117   1.0001552  1.0001832
 1.0002024  1.0002128  1.0002161  1.0002131  1.0002055  1.0001938
 1.0001799  1.0001637  1.0001464  1.0001291  1.0001119  1.000095
 1.0000784  1.0000633  1.0000484  1.0000347  1.0000216  1.0000092
 0.99999774 0.9999868  0.9999766  0.9999671  0.9999585  0.99995077
 0.9999443  0.99993914 0.9999354  0.9999336  0.99993354 0.99993575
 0.99993974 0.99994624 0.99995464 0.9999656  0.99997824 0.99999297
 1.0000087  1.0000261  1.0000445  1.0000632  1.000082   1.0001003
 1.0001177  1.0001334  1.0001473  1.0001583  1.0001664  1.0001708
 1.0001715  1.0001677  1.0001591  1.0001457  1.0001273  1.000104
 1.000076   1.0000437  1.0000072  0.99996763 0.9999255  0.9998824
 0.99983853 0.99979603 0.99975616 0.9997201  0.9996896  0.99966675
 0.9996531  0.99964994 0.99965984 0.9996846  0.99972457 0.99978274
 0.9998598  0.999958   1.0000775  1.0002189  1.0003847 ]","[[0.50264883 0.25564232 0.5821777  0.3044663  0.55173045 0.6812649
  0.36140066 0.4689534  0.36526808 0.47751215 0.3923831  0.2952647
  0.5171175  0.69525343 0.5497586 ]
 [5.176455   3.090456   3.283514   0.5350722  1.8185863  0.30974767
  3.821011   0.9443741  0.6127273  1.7801069  0.48625663 2.772012
  0.2729196  4.474594   5.029937  ]
 [5.430063   5.8298626  4.7583184  5.4416966  1.7865287  5.9920354
  1.1455486  4.5326047  0.44882485 4.684221   0.15038435 3.164644
  1.1417068  0.75881386 5.043756  ]]",trotter
460,60,6,True,"[0.99999976 0.9999986  0.9999945  0.999989   0.9999832  0.999978
 0.99997383 0.99997103 0.9999696  0.9999695  0.99997056 0.9999726
 0.9999753  0.9999784  0.9999818  0.9999852  0.9999884  0.9999913
 0.9999937  0.9999956  0.999997   0.9999979  0.9999984  0.99999845
 0.9999982  0.9999977  0.999997   0.9999962  0.9999954  0.99999475
 0.99999416 0.9999937  0.99999344 0.9999934  0.99999356 0.99999386
 0.9999944  0.99999493 0.9999955  0.9999962  0.9999968  0.9999974
 0.9999978  0.99999815 0.99999833 0.99999845 0.99999845 0.99999833
 0.99999815 0.99999803 0.99999785 0.99999774 0.9999976  0.9999976
 0.9999977  0.99999785 0.99999803 0.9999982  0.99999845 0.9999986
 0.9999988  0.9999989  0.9999989  0.99999887 0.9999988  0.9999986
 0.99999845 0.9999983  0.9999981  0.999998   0.99999785 0.9999979
 0.9999979  0.9999981  0.9999983  0.99999857 0.99999887 0.99999917
 0.99999946 0.9999996  0.9999997  0.9999996  0.99999934 0.9999989
 0.9999983  0.99999744 0.9999965  0.99999547 0.9999944  0.9999934
 0.99999243 0.9999918  0.9999915  0.99999154 0.99999213 0.99999315
 0.9999946  0.9999963  0.9999981  0.9999994  0.99999976]","[[0.39144397 0.7465464  0.5865235  0.7180659  0.45574456 0.41066846
  0.3881846  0.66306037 0.6809524  0.46241668 0.27894115 0.3624163
  0.39836037 0.6601431  0.5709773 ]
 [1.2574288  0.03627795 5.9345     3.8349671  0.09035492 2.1431916
  4.240463   4.5472913  3.966403   5.5236936  3.441192   0.5485316
  1.8982229  1.0949048  1.8571728 ]
 [3.548546   1.8875712  0.4759707  5.1583734  1.9351192  0.8667079
  6.168222   3.5831163  1.0441821  3.5203564  5.4902544  5.867405
  1.3916003  5.066534   5.647214  ]]",trotter
461,61,6,False,"[0.99977684 0.9999863  1.0001646  1.0003108  1.000424   1.0005059
 1.0005562  1.0005772  1.0005715  1.0005414  1.0004908  1.0004233
 1.0003421  1.0002519  1.0001565  1.0000592  0.99996454 0.9998749
 0.99979395 0.99972355 0.99966615 0.9996228  0.9995952  0.99958235
 0.9995849  0.9996022  0.99963284 0.9996752  0.9997275  0.99978757
 0.9998534  0.99992216 0.99999136 1.0000595  1.0001234  1.0001819
 1.0002332  1.0002756  1.0003079  1.0003304  1.0003417  1.0003426
 1.0003332  1.0003141  1.0002868  1.0002522  1.0002118  1.0001674
 1.0001205  1.0000733  1.0000265  0.99998283 0.9999427  0.99990845
 0.99988043 0.9998593  0.9998463  0.9998407  0.9998431  0.9998526
 0.99986845 0.99988985 0.99991566 0.9999447  0.99997514 1.0000062
 1.0000358  1.0000637  1.0000875  1.0001068  1.0001215  1.0001305
 1.0001338  1.0001312  1.0001235  1.0001111  1.0000944  1.0000749
 1.0000529  1.0000303  1.000007   0.99998474 0.99996364 0.99994457
 0.9999282  0.9999147  0.9999043  0.99989676 0.9998922  0.9998904
 0.9998911  0.99989414 0.9998998  0.9999084  0.99992037 0.999937
 0.9999596  0.99999076 1.0000327  1.0000895  1.0001645 ]","[[0.39144397 0.7465464  0.5865235  0.7180659  0.45574456 0.41066846
  0.3881846  0.66306037 0.6809524  0.46241668 0.27894115 0.3624163
  0.39836037 0.6601431  0.5709773 ]
 [1.2574288  0.03627795 5.9345     3.8349671  0.09035492 2.1431916
  4.240463   4.5472913  3.966403   5.5236936  3.441192   0.5485316
  1.8982229  1.0949048  1.8571728 ]
 [3.548546   1.8875712  0.4759707  5.1583734  1.9351192  0.8667079
  6.168222   3.5831163  1.0441821  3.5203564  5.4902544  5.867405
  1.3916003  5.066534   5.647214  ]]",trotter
462,62,6,True,"[0.999995   0.999995   0.9999898  0.99998194 0.9999736  0.9999659
 0.99995995 0.9999561  0.9999544  0.9999549  0.999957   0.9999607
 0.9999653  0.99997044 0.9999756  0.9999806  0.9999851  0.99998885
 0.9999919  0.9999941  0.9999955  0.99999624 0.99999636 0.9999961
 0.9999956  0.9999949  0.99999416 0.99999356 0.9999931  0.99999285
 0.9999927  0.9999929  0.9999932  0.9999937  0.9999943  0.9999948
 0.9999953  0.9999958  0.9999962  0.9999964  0.9999966  0.9999966
 0.99999654 0.99999636 0.9999962  0.99999595 0.9999958  0.9999957
 0.9999956  0.9999956  0.9999957  0.99999595 0.9999962  0.99999654
 0.9999969  0.9999973  0.9999977  0.99999803 0.99999833 0.99999857
 0.9999986  0.9999986  0.9999985  0.9999982  0.99999785 0.99999744
 0.99999696 0.99999636 0.9999959  0.9999954  0.99999505 0.9999948
 0.9999948  0.999995   0.9999954  0.99999595 0.9999966  0.9999974
 0.9999981  0.99999875 0.9999991  0.99999905 0.99999857 0.99999756
 0.99999595 0.99999374 0.999991   0.9999879  0.9999846  0.99998134
 0.9999784  0.9999762  0.99997497 0.99997497 0.99997634 0.99997914
 0.99998313 0.99998766 0.999992   0.9999947  0.9999938 ]","[[0.7292499  0.27671602 0.32613727 0.7382736  0.3609974  0.57345426
  0.5931658  0.6716148  0.2704678  0.46002573 0.6153373  0.328415
  0.29607865 0.649032   0.5022679 ]
 [3.9852057  0.7789791  4.140152   3.1448545  5.2253437  3.2473977
  0.5230337  5.825808   5.1573534  1.3088244  3.0538669  2.9398322
  6.013809   3.1338525  4.351705  ]
 [0.859183   3.1671932  3.860112   2.8538983  2.2701924  3.9103215
  0.930719   2.0252502  0.48407933 4.303641   1.9411647  2.8830714
  1.097993   4.017959   0.8609611 ]]",trotter
463,63,6,False,"[1.0020851  1.0011767  1.0004463  0.99987555 0.9994446  0.9991357
 0.99893045 0.9988121  0.99876535 0.9987754  0.9988294  0.9989154
 0.99902284 0.99914396 0.99927086 0.99939793 0.99952096 0.9996359
 0.99974144 0.9998362  0.99991965 0.99999213 1.0000539  1.0001065
 1.000151   1.0001885  1.0002202  1.0002468  1.0002689  1.0002875
 1.0003021  1.0003132  1.00032    1.0003217  1.0003183  1.0003084
 1.0002918  1.0002677  1.0002356  1.0001953  1.0001475  1.0000921
 1.0000305  0.99996376 0.9998936  0.99982166 0.9997505  0.9996821
 0.99961907 0.9995636  0.9995181  0.99948424 0.9994642  0.9994592
 0.99947023 0.99949807 0.99954206 0.9996023  0.9996776  0.99976623
 0.9998667  0.9999765  1.0000929  1.0002129  1.0003337  1.0004516
 1.0005639  1.0006666  1.0007567  1.0008316  1.0008879  1.0009229
 1.0009344  1.0009199  1.0008787  1.0008088  1.0007101  1.0005823
 1.0004262  1.0002428  1.0000341  0.9998035  0.9995544  0.99929124
 0.9990205  0.99874824 0.9984828  0.9982336  0.9980101  0.9978242
 0.99768895 0.9976174  0.99762475 0.99772626 0.9979389  0.99827963
 0.9987668  0.9994176  1.0002515  1.0012864  1.00254   ]","[[0.7292499  0.27671602 0.32613727 0.7382736  0.3609974  0.57345426
  0.5931658  0.6716148  0.2704678  0.46002573 0.6153373  0.328415
  0.29607865 0.649032   0.5022679 ]
 [3.9852057  0.7789791  4.140152   3.1448545  5.2253437  3.2473977
  0.5230337  5.825808   5.1573534  1.3088244  3.0538669  2.9398322
  6.013809   3.1338525  4.351705  ]
 [0.859183   3.1671932  3.860112   2.8538983  2.2701924  3.9103215
  0.930719   2.0252502  0.48407933 4.303641   1.9411647  2.8830714
  1.097993   4.017959   0.8609611 ]]",trotter
464,64,6,True,"[0.99999887 0.9999988  0.99999666 0.9999937  0.9999906  0.9999879
 0.99998593 0.99998486 0.9999847  0.99998516 0.99998635 0.999988
 0.9999899  0.999992   0.9999939  0.99999577 0.99999726 0.9999985
 0.9999993  0.99999976 0.99999994 0.9999998  0.9999995  0.9999991
 0.99999857 0.99999803 0.99999756 0.9999972  0.999997   0.99999684
 0.9999969  0.9999971  0.9999973  0.9999977  0.9999981  0.99999845
 0.99999887 0.9999992  0.9999995  0.99999976 0.9999998  0.9999999
 0.99999976 0.9999997  0.99999946 0.9999992  0.999999   0.9999988
 0.99999857 0.9999984  0.9999983  0.9999982  0.9999983  0.9999984
 0.9999985  0.9999987  0.99999887 0.9999991  0.9999993  0.99999946
 0.9999996  0.9999996  0.9999996  0.9999994  0.9999992  0.9999989
 0.99999857 0.9999983  0.999998   0.99999774 0.9999975  0.9999974
 0.9999974  0.99999756 0.99999774 0.9999981  0.99999845 0.99999887
 0.9999992  0.9999995  0.99999964 0.9999996  0.9999993  0.99999875
 0.99999785 0.9999968  0.99999547 0.9999941  0.9999926  0.99999124
 0.9999901  0.9999893  0.999989   0.99998915 0.99999005 0.9999914
 0.99999326 0.99999523 0.99999684 0.9999977  0.9999966 ]","[[0.727363   0.44832864 0.44260377 0.30846417 0.5956047  0.40533924
  0.36758322 0.6029323  0.5403693  0.4102234  0.4661776  0.34586695
  0.4928273  0.30981085 0.6089794 ]
 [1.9620936  3.7611542  5.0853987  5.090036   1.038216   1.8569657
  2.72307    2.4553204  5.350941   0.21524136 2.6647413  3.8764873
  0.74005824 4.9331846  4.6381297 ]
 [5.2222233  2.6150618  1.388885   6.129272   6.0317073  0.06563237
  1.5949711  2.034914   1.5568535  5.124562   2.6113417  2.0196564
  0.07227963 5.6044097  2.987563  ]]",trotter
465,65,6,False,"[1.0026402  1.001358   1.0003047  0.9994588  0.99879897 0.99830496
 0.99795705 0.9977364  0.9976256  0.99760777 0.9976677  0.997791
 0.9979644  0.9981762  0.99841547 0.99867254 0.99893904 0.9992071
 0.9994706  0.9997238  0.99996233 1.0001823  1.0003804  1.0005546
 1.0007032  1.000825   1.0009196  1.0009867  1.0010269  1.0010408
 1.0010297  1.0009949  1.0009383  1.0008624  1.0007685  1.0006598
 1.0005387  1.000408   1.0002707  1.0001298  0.999988   0.9998485
 0.999714   0.99958724 0.9994707  0.99936706 0.99927783 0.9992053
 0.9991507  0.99911493 0.99909884 0.9991028  0.99912643 0.9991697
 0.99923146 0.99931073 0.9994057  0.99951476 0.99963593 0.9997667
 0.9999047  1.0000474  1.000192   1.0003356  1.0004752  1.0006081
 1.0007311  1.0008415  1.0009364  1.0010129  1.0010686  1.001101
 1.0011075  1.0010862  1.0010362  1.0009557  1.000844   1.0007014
 1.0005281  1.0003258  1.0000964  0.99984354 0.999571   0.99928445
 0.99899036 0.9986964  0.9984115  0.9981461  0.99791175 0.99772125
 0.99758863 0.99752927 0.9975592  0.9976957  0.9979567  0.9983615
 0.99892896 0.99967873 1.0006309  1.0018053  1.0032218 ]","[[0.727363   0.44832864 0.44260377 0.30846417 0.5956047  0.40533924
  0.36758322 0.6029323  0.5403693  0.4102234  0.4661776  0.34586695
  0.4928273  0.30981085 0.6089794 ]
 [1.9620936  3.7611542  5.0853987  5.090036   1.038216   1.8569657
  2.72307    2.4553204  5.350941   0.21524136 2.6647413  3.8764873
  0.74005824 4.9331846  4.6381297 ]
 [5.2222233  2.6150618  1.388885   6.129272   6.0317073  0.06563237
  1.5949711  2.034914   1.5568535  5.124562   2.6113417  2.0196564
  0.07227963 5.6044097  2.987563  ]]",trotter
466,66,6,True,"[0.99999917 0.99999696 0.9999894  0.9999798  0.9999705  0.9999629
 0.9999577  0.9999552  0.9999554  0.9999578  0.9999619  0.99996716
 0.99997306 0.99997896 0.99998444 0.9999892  0.99999315 0.99999607
 0.99999803 0.9999991  0.9999996  0.9999994  0.9999989  0.99999833
 0.9999977  0.999997   0.9999966  0.9999963  0.9999962  0.9999963
 0.9999966  0.99999696 0.9999973  0.9999976  0.9999979  0.9999981
 0.9999982  0.9999983  0.9999983  0.9999982  0.9999982  0.9999982
 0.9999983  0.9999984  0.99999857 0.9999988  0.9999991  0.9999993
 0.9999995  0.99999964 0.9999997  0.99999964 0.99999946 0.99999917
 0.99999887 0.9999985  0.99999815 0.99999785 0.9999976  0.99999756
 0.9999975  0.9999977  0.9999979  0.9999982  0.9999985  0.99999887
 0.9999991  0.9999993  0.99999934 0.99999934 0.99999917 0.99999887
 0.9999986  0.9999983  0.99999803 0.9999979  0.9999979  0.99999803
 0.9999983  0.99999857 0.9999988  0.99999887 0.99999857 0.9999977
 0.99999595 0.99999344 0.9999899  0.9999855  0.99998033 0.9999746
 0.9999689  0.99996376 0.99995977 0.99995774 0.9999583  0.9999618
 0.9999683  0.9999773  0.9999874  0.99999624 0.9999999 ]","[[0.40103573 0.60014206 0.5476819  0.50718975 0.7296871  0.4809318
  0.71873486 0.35070506 0.39001125 0.40486234 0.55369794 0.5211665
  0.71725726 0.26946324 0.69912004]
 [1.4788455  0.20995995 0.49662578 4.8267803  4.667445   5.566919
  5.0922666  6.273115   1.235544   4.572834   0.70985025 1.7169081
  5.4502144  2.17389    6.1622524 ]
 [0.10008414 1.4099841  1.9654433  4.0341134  3.7211604  0.1553174
  0.26780626 4.2304626  6.2098227  2.9240837  3.24753    5.500649
  5.8667026  6.1420655  4.8701887 ]]",trotter
467,67,6,False,"[1.0004297  1.0000937  0.9998625  0.99972    0.9996507  0.9996385
 0.99966836 0.9997265  0.9998006  0.9998795  0.9999537  1.0000159
 1.0000606  1.0000843  1.0000855  1.0000644  1.0000225  0.9999631
 0.99989015 0.9998098  0.9997265  0.9996461  0.9995743  0.99951565
 0.99947405 0.9994535  0.999455   0.9994798  0.9995266  0.99959373
 0.999678   0.99977547 0.99988073 0.9999893  1.0000949  1.0001924
 1.0002768  1.0003442  1.0003911  1.0004156  1.0004166  1.0003948
 1.000352   1.0002908  1.000215   1.0001296  1.0000387  0.999948
 0.99986285 0.9997872  0.9997251  0.99968016 0.9996538  0.99964714
 0.9996605  0.99969184 0.99973994 0.9998     0.9998699  0.99994445
 1.0000192  1.0000904  1.0001533  1.0002048  1.0002416  1.0002623
 1.0002655  1.0002509  1.0002204  1.000175   1.0001175  1.0000516
 0.9999812  0.9999097  0.999842   0.99978125 0.99973166 0.9996952
 0.99967444 0.9996699  0.99968225 0.9997105  0.9997529  0.99980694
 0.9998683  0.99993366 0.99999857 1.0000594  1.0001115  1.0001512
 1.0001763  1.0001851  1.0001768  1.000153   1.0001159  1.0000689
 1.0000193  0.9999728  0.99993986 0.9999282  0.9999494 ]","[[0.40103573 0.60014206 0.5476819  0.50718975 0.7296871  0.4809318
  0.71873486 0.35070506 0.39001125 0.40486234 0.55369794 0.5211665
  0.71725726 0.26946324 0.69912004]
 [1.4788455  0.20995995 0.49662578 4.8267803  4.667445   5.566919
  5.0922666  6.273115   1.235544   4.572834   0.70985025 1.7169081
  5.4502144  2.17389    6.1622524 ]
 [0.10008414 1.4099841  1.9654433  4.0341134  3.7211604  0.1553174
  0.26780626 4.2304626  6.2098227  2.9240837  3.24753    5.500649
  5.8667026  6.1420655  4.8701887 ]]",trotter
468,68,6,True,"[0.9999984  0.99999833 0.999996   0.9999926  0.999989   0.9999857
 0.99998343 0.99998194 0.99998146 0.99998194 0.9999832  0.99998504
 0.9999872  0.9999896  0.99999195 0.99999416 0.9999961  0.9999976
 0.99999875 0.99999946 0.9999997  0.9999997  0.9999994  0.9999988
 0.99999815 0.99999744 0.9999968  0.9999962  0.99999577 0.9999955
 0.99999547 0.9999955  0.9999958  0.9999962  0.99999666 0.99999726
 0.9999978  0.99999833 0.99999875 0.9999991  0.99999934 0.9999994
 0.9999994  0.9999992  0.999999   0.9999987  0.9999984  0.99999803
 0.9999978  0.9999976  0.99999756 0.99999756 0.99999774 0.9999979
 0.9999982  0.9999985  0.99999887 0.99999917 0.99999934 0.99999946
 0.99999946 0.9999993  0.99999905 0.99999857 0.99999803 0.9999975
 0.9999969  0.99999636 0.9999959  0.9999956  0.99999547 0.9999955
 0.9999957  0.9999962  0.9999968  0.99999744 0.99999815 0.9999988
 0.9999994  0.9999997  0.9999998  0.99999964 0.99999905 0.99999815
 0.99999684 0.9999953  0.9999935  0.99999166 0.99998987 0.99998826
 0.99998707 0.99998635 0.9999863  0.9999869  0.9999883  0.99999034
 0.99999285 0.99999547 0.99999774 0.9999988  0.99999785]","[[0.35437065 0.29059803 0.3700107  0.48662698 0.4651529  0.47075894
  0.5408174  0.51400834 0.4308414  0.6379134  0.31065533 0.60083586
  0.28545848 0.51733506 0.2674104 ]
 [0.85133266 6.122668   3.699619   4.7716813  5.4073925  2.172409
  2.2094278  5.7490435  2.6802955  2.0536711  4.5147414  3.1956093
  0.6690962  3.7674925  4.052208  ]
 [0.31904683 6.0730076  3.1583242  3.0406451  2.0382173  0.77505046
  1.4896574  3.972232   3.0557866  5.63021    4.6923122  1.1639646
  6.0917377  5.6084886  1.8708805 ]]",trotter
469,69,6,False,"[1.000532   1.0002222  0.99998826 0.9998211  0.99971104 0.99964947
 0.99962735 0.9996366  0.9996697  0.9997194  0.9997797  0.9998446
 0.99990964 0.99997073 1.0000246  1.0000688  1.0001018  1.0001224
 1.0001307  1.0001266  1.0001113  1.0000857  1.0000516  1.000011
 0.99996614 0.9999189  0.9998714  0.999826   0.99978495 0.99974966
 0.9997218  0.9997027  0.9996932  0.99969393 0.99970484 0.9997262
 0.9997572  0.99979687 0.9998442  0.9998976  0.9999556  1.0000161
 1.0000774  1.0001372  1.0001938  1.0002452  1.0002896  1.0003257
 1.0003519  1.0003676  1.0003717  1.0003644  1.0003457  1.000316
 1.0002763  1.000228   1.0001725  1.0001116  1.0000472  0.9999817
 0.99991715 0.9998558  0.99979967 0.9997506  0.99971    0.9996797
 0.99966055 0.9996528  0.9996569  0.9996725  0.9996989  0.99973506
 0.99977946 0.99983007 0.99988514 0.99994195 0.9999987  1.0000523
 1.0001005  1.0001413  1.0001723  1.0001919  1.0001986  1.0001919
 1.000171   1.0001366  1.0000894  1.0000311  0.9999644  0.99989235
 0.999819   0.9997486  0.9996871  0.99964076 0.9996161  0.9996206
 0.999663   0.99975127 0.9998945  1.0001017  1.0003828 ]","[[0.35437065 0.29059803 0.3700107  0.48662698 0.4651529  0.47075894
  0.5408174  0.51400834 0.4308414  0.6379134  0.31065533 0.60083586
  0.28545848 0.51733506 0.2674104 ]
 [0.85133266 6.122668   3.699619   4.7716813  5.4073925  2.172409
  2.2094278  5.7490435  2.6802955  2.0536711  4.5147414  3.1956093
  0.6690962  3.7674925  4.052208  ]
 [0.31904683 6.0730076  3.1583242  3.0406451  2.0382173  0.77505046
  1.4896574  3.972232   3.0557866  5.63021    4.6923122  1.1639646
  6.0917377  5.6084886  1.8708805 ]]",trotter
470,70,6,True,"[0.9999988  0.99999684 0.9999896  0.99998033 0.99997115 0.9999635
 0.9999582  0.9999556  0.9999555  0.9999577  0.9999616  0.9999667
 0.9999725  0.9999783  0.9999838  0.9999887  0.99999267 0.99999565
 0.99999774 0.99999887 0.9999992  0.9999991  0.99999857 0.99999785
 0.9999971  0.9999964  0.999996   0.9999957  0.99999565 0.99999577
 0.999996   0.99999636 0.9999967  0.9999971  0.9999973  0.9999975
 0.9999976  0.9999977  0.9999976  0.99999756 0.99999756 0.9999976
 0.9999977  0.9999978  0.9999981  0.99999833 0.9999986  0.9999989
 0.9999992  0.99999934 0.9999995  0.99999946 0.99999934 0.9999991
 0.9999988  0.9999985  0.9999982  0.9999979  0.99999774 0.9999976
 0.99999756 0.9999977  0.99999785 0.9999981  0.99999833 0.9999987
 0.9999989  0.99999917 0.99999934 0.99999946 0.9999994  0.99999934
 0.9999992  0.99999905 0.9999989  0.99999875 0.9999987  0.9999986
 0.9999986  0.99999875 0.99999887 0.999999   0.999999   0.99999887
 0.99999845 0.99999785 0.99999684 0.9999956  0.99999404 0.99999225
 0.9999904  0.9999886  0.9999872  0.9999864  0.9999864  0.9999874
 0.99998945 0.99999243 0.9999958  0.9999988  0.9999999 ]","[[0.478645   0.31262967 0.6873181  0.5062087  0.34374118 0.49693382
  0.58147806 0.4748479  0.62151974 0.7315204  0.6218118  0.3078783
  0.7385714  0.7353309  0.31376746]
 [5.224358   4.6918297  0.10850556 5.8293185  6.0068     0.11703516
  0.448228   0.9923547  6.271038   4.182911   2.122392   0.3108422
  2.0145605  5.8731794  4.254386  ]
 [0.25708658 0.7516267  6.1945786  2.2952769  5.2624254  1.3489376
  2.2197173  2.809828   1.525143   0.71814024 1.8977655  5.423318
  4.453353   3.2993157  5.252867  ]]",trotter
471,71,6,False,"[1.00094    1.0004008  0.999991   0.9996955  0.9994981  0.99938256
 0.9993346  0.99933827 0.9993808  0.9994486  0.9995309  0.9996176
 0.9997013  0.99977505 0.9998344  0.9998768  0.99990004 0.99990577
 0.9998941  0.9998685  0.9998323  0.9997893  0.99974424 0.9997012
 0.9996643  0.9996369  0.9996224  0.9996222  0.99963796 0.99966913
 0.9997153  0.9997743  0.99984306 0.99991864 0.99999684 1.0000739
 1.0001456  1.0002083  1.0002586  1.0002941  1.0003128  1.0003147
 1.0002995  1.0002685  1.0002238  1.0001682  1.0001057  1.0000398
 0.99997437 0.9999133  0.9998602  0.999818   0.99978954 0.9997753
 0.99977666 0.999793   0.9998233  0.9998653  0.9999166  0.9999737
 1.0000331  1.0000916  1.000145   1.0001901  1.0002242  1.0002453
 1.0002509  1.0002416  1.0002164  1.0001765  1.0001239  1.0000609
 0.9999903  0.9999155  0.99984044 0.99976856 0.9997039  0.9996494
 0.99960876 0.9995832  0.9995752  0.99958533 0.9996136  0.99965924
 0.99971956 0.99979293 0.9998757  0.9999643  1.0000535  1.0001396
 1.0002178  1.000283   1.0003315  1.0003599  1.0003649  1.0003439
 1.0002964  1.0002208  1.000119   0.9999924  0.9998431 ]","[[0.478645   0.31262967 0.6873181  0.5062087  0.34374118 0.49693382
  0.58147806 0.4748479  0.62151974 0.7315204  0.6218118  0.3078783
  0.7385714  0.7353309  0.31376746]
 [5.224358   4.6918297  0.10850556 5.8293185  6.0068     0.11703516
  0.448228   0.9923547  6.271038   4.182911   2.122392   0.3108422
  2.0145605  5.8731794  4.254386  ]
 [0.25708658 0.7516267  6.1945786  2.2952769  5.2624254  1.3489376
  2.2197173  2.809828   1.525143   0.71814024 1.8977655  5.423318
  4.453353   3.2993157  5.252867  ]]",trotter
472,72,6,True,"[0.9999899  0.9999941  0.9999869  0.9999731  0.99995655 0.99993986
 0.9999251  0.9999135  0.9999057  0.999902   0.99990207 0.9999056
 0.99991184 0.9999201  0.9999299  0.99994016 0.9999504  0.9999601
 0.9999688  0.9999762  0.9999822  0.9999866  0.99998957 0.9999912
 0.9999916  0.9999911  0.99999    0.9999885  0.9999867  0.99998504
 0.99998355 0.9999824  0.9999817  0.9999814  0.9999816  0.9999822
 0.9999831  0.9999842  0.9999855  0.9999869  0.9999882  0.9999894
 0.9999904  0.9999912  0.99999166 0.99999195 0.999992   0.99999195
 0.99999183 0.9999917  0.99999166 0.99999166 0.99999195 0.99999243
 0.9999931  0.9999938  0.9999946  0.99999535 0.9999959  0.9999962
 0.99999595 0.9999952  0.9999938  0.99999183 0.9999894  0.9999865
 0.99998355 0.99998057 0.999978   0.999976   0.99997485 0.9999747
 0.9999758  0.99997795 0.9999811  0.9999849  0.9999891  0.9999931
 0.9999963  0.9999983  0.99999845 0.99999636 0.99999183 0.9999846
 0.9999749  0.99996316 0.9999499  0.999936   0.9999225  0.9999107
 0.9999017  0.99989665 0.99989647 0.99990165 0.9999124  0.9999279
 0.9999467  0.99996644 0.9999832  0.9999921  0.9999865 ]","[[0.3414772  0.53679127 0.73792267 0.5962244  0.7120314  0.26081336
  0.5920206  0.51002717 0.51380986 0.63128203 0.47416785 0.3195067
  0.60720587 0.35000095 0.520592  ]
 [5.3369145  4.7231402  1.9548166  2.5613742  5.099244   4.642059
  2.2486427  6.2785487  1.2973961  5.251111   0.25418374 1.1896921
  3.7374208  4.1790237  5.642927  ]
 [5.1960425  2.7994835  0.3265624  4.4425635  3.6723807  2.2971394
  1.5254632  0.16713703 5.5582433  5.5040197  2.1353     2.685214
  1.5990225  5.7913895  3.3870437 ]]",trotter
473,73,6,False,"[0.9997874  0.99971163 0.99970526 0.99975324 0.99984175 0.9999576
 1.0000886  1.0002229  1.000352   1.0004668  1.0005605  1.0006279
 1.0006648  1.0006697  1.0006409  1.0005795  1.0004871  1.0003668
 1.0002222  1.0000589  0.99988145 0.99969625 0.9995089  0.9993261
 0.99915385 0.99899745 0.99886227 0.998753   0.9986733  0.99862623
 0.99861395 0.99863744 0.9986968  0.9987914  0.99891907 0.9990772
 0.9992622  0.99946976 0.9996946  0.99993163 1.0001744  1.0004168
 1.0006524  1.000875   1.0010782  1.0012566  1.0014045  1.0015174
 1.0015917  1.0016246  1.0016142  1.0015603  1.0014635  1.001326
 1.0011508  1.0009428  1.0007075  1.0004519  1.0001831  0.9999091
 0.9996383  0.99937946 0.9991401  0.998928   0.99874985 0.99861133
 0.9985163  0.9984676  0.99846613 0.99851096 0.99859995 0.99872845
 0.99889106 0.99907976 0.9992872  0.9995039  0.99972    0.9999263
 1.0001131  1.000272   1.0003952  1.0004764  1.0005116  1.0004978
 1.0004348  1.0003247  1.0001725  0.999985   0.9997721  0.9995455
 0.9993194  0.9991104  0.9989364  0.9988168  0.9987724  0.9988246
 0.9989949  0.99930567 0.99977815 1.0004332  1.0012907 ]","[[0.3414772  0.53679127 0.73792267 0.5962244  0.7120314  0.26081336
  0.5920206  0.51002717 0.51380986 0.63128203 0.47416785 0.3195067
  0.60720587 0.35000095 0.520592  ]
 [5.3369145  4.7231402  1.9548166  2.5613742  5.099244   4.642059
  2.2486427  6.2785487  1.2973961  5.251111   0.25418374 1.1896921
  3.7374208  4.1790237  5.642927  ]
 [5.1960425  2.7994835  0.3265624  4.4425635  3.6723807  2.2971394
  1.5254632  0.16713703 5.5582433  5.5040197  2.1353     2.685214
  1.5990225  5.7913895  3.3870437 ]]",trotter
474,74,6,True,"[0.9999812  0.99999076 0.99998355 0.99996674 0.9999457  0.99992454
 0.999906   0.999892   0.99988335 0.99988025 0.99988246 0.9998891
 0.9998992  0.99991155 0.9999254  0.99993914 0.9999524  0.9999641
 0.99997395 0.9999816  0.9999869  0.9999901  0.9999914  0.9999911
 0.9999897  0.99998754 0.99998516 0.9999829  0.9999809  0.9999797
 0.99997914 0.9999793  0.9999802  0.99998164 0.9999836  0.9999857
 0.99998796 0.9999901  0.999992   0.99999356 0.99999464 0.9999953
 0.9999955  0.99999535 0.9999949  0.9999942  0.99999344 0.99999267
 0.9999921  0.99999166 0.9999915  0.99999166 0.999992   0.9999927
 0.9999936  0.99999475 0.9999958  0.9999969  0.99999774 0.9999983
 0.99999845 0.9999981  0.9999973  0.999996   0.9999942  0.9999921
 0.9999898  0.9999875  0.9999854  0.99998367 0.99998254 0.9999821
 0.9999826  0.9999839  0.99998605 0.99998873 0.9999918  0.9999948
 0.99999744 0.99999917 0.9999996  0.9999982  0.99999493 0.9999894
 0.99998176 0.9999722  0.9999612  0.9999494  0.99993765 0.99992687
 0.99991816 0.9999126  0.999911   0.99991393 0.99992174 0.9999339
 0.99994946 0.99996626 0.9999813  0.9999901  0.9999872 ]","[[0.5817022  0.732494   0.51594883 0.43264315 0.6366328  0.48354384
  0.566481   0.2616454  0.54339015 0.6144057  0.6867157  0.2814107
  0.6222859  0.5611075  0.7176586 ]
 [4.858611   4.330528   5.7380013  3.6247349  4.8170404  4.0473065
  4.6985173  4.851767   4.3596106  4.7443957  1.0427268  0.11304951
  1.8728538  2.0627801  5.5778956 ]
 [1.5813043  0.48500788 5.913124   5.1369276  2.2916007  0.47064385
  5.5243673  3.574503   4.5238647  5.059674   0.43394592 3.5151849
  6.0101047  1.2136322  0.60857403]]",trotter
475,75,6,False,"[1.0024003  1.0012134  1.0002699  0.99954796 0.9990251  0.99867797
 0.9984818  0.9984128  0.99844676 0.9985604  0.998732   0.99894047
 0.999167   0.9993953  0.99961066 0.9998016  0.9999584  1.0000747
 1.0001463  1.0001718  1.000152   1.0000898  0.99999005 0.999859
 0.9997046  0.9995345  0.99935836 0.99918485 0.9990227  0.99887997
 0.998764   0.99868065 0.99863493 0.9986299  0.9986672  0.9987471
 0.9988678  0.9990265  0.9992189  0.99943906 0.9996808  0.9999369
 1.0001994  1.0004609  1.0007123  1.000947   1.0011576  1.0013375
 1.0014813  1.0015845  1.0016441  1.0016582  1.0016264  1.001549
 1.001429   1.0012697  1.0010762  1.0008541  1.0006112  1.000354
 1.0000913  0.9998314  0.99958265 0.999353   0.9991495  0.99897903
 0.9988458  0.9987544  0.9987066  0.99870265 0.99874103 0.9988186
 0.9989304  0.99907    0.99922943 0.99939996 0.99957246 0.9997366
 0.99988335 1.0000038  1.0000899  1.0001357  1.0001363  1.00009
 0.9999966  0.9998594  0.99968415 0.99947983 0.999258   0.9990329
 0.99882185 0.99864435 0.9985214  0.9984765  0.998534   0.9987187
 0.999056   0.99957114 1.0002887  1.001232   1.0024229 ]","[[0.5817022  0.732494   0.51594883 0.43264315 0.6366328  0.48354384
  0.566481   0.2616454  0.54339015 0.6144057  0.6867157  0.2814107
  0.6222859  0.5611075  0.7176586 ]
 [4.858611   4.330528   5.7380013  3.6247349  4.8170404  4.0473065
  4.6985173  4.851767   4.3596106  4.7443957  1.0427268  0.11304951
  1.8728538  2.0627801  5.5778956 ]
 [1.5813043  0.48500788 5.913124   5.1369276  2.2916007  0.47064385
  5.5243673  3.574503   4.5238647  5.059674   0.43394592 3.5151849
  6.0101047  1.2136322  0.60857403]]",trotter
476,76,6,True,"[0.9999985  0.9999989  0.99999714 0.9999944  0.9999915  0.999989
 0.9999873  0.9999863  0.9999862  0.99998665 0.99998766 0.9999891
 0.99999064 0.99999225 0.99999386 0.9999953  0.9999965  0.9999975
 0.9999982  0.99999875 0.99999905 0.99999917 0.9999991  0.9999991
 0.99999887 0.9999986  0.9999985  0.99999833 0.9999981  0.9999979
 0.99999774 0.9999975  0.9999974  0.99999726 0.9999972  0.9999971
 0.9999971  0.9999971  0.99999714 0.9999972  0.9999974  0.9999976
 0.99999785 0.99999815 0.99999845 0.99999875 0.999999   0.99999917
 0.9999993  0.9999993  0.9999993  0.99999905 0.99999887 0.99999857
 0.9999983  0.999998   0.9999978  0.9999976  0.9999975  0.99999756
 0.9999976  0.99999774 0.9999978  0.9999979  0.99999803 0.999998
 0.9999979  0.99999774 0.99999744 0.99999714 0.9999968  0.99999654
 0.9999963  0.9999962  0.9999962  0.9999963  0.9999966  0.9999969
 0.99999726 0.99999756 0.99999774 0.9999976  0.9999972  0.99999636
 0.9999952  0.99999356 0.9999915  0.9999891  0.9999865  0.999984
 0.99998176 0.99998    0.999979   0.9999791  0.9999803  0.9999827
 0.9999863  0.99999064 0.999995   0.99999833 0.99999905]","[[0.44907367 0.618388   0.2585447  0.48281443 0.58981526 0.57816744
  0.2994102  0.5692317  0.46587163 0.6081265  0.7119244  0.5101752
  0.64634806 0.30628592 0.69474924]
 [3.1525683  5.8824983  1.3924979  0.35375124 6.0066996  1.8395025
  2.7236457  5.563403   3.2181966  0.116543   3.0860374  0.04975777
  4.092769   5.643706   5.013125  ]
 [5.8949533  1.798714   5.471665   4.361001   3.3403883  1.8875452
  2.051664   2.0541587  0.8438798  4.4610567  0.31209663 5.11338
  3.1884427  4.794731   6.21176   ]]",trotter
477,77,6,False,"[1.000469   1.0001304  0.9998885  0.99972886 0.9996366  0.9995979
 0.99960035 0.9996329  0.9996862  0.9997514  0.99982095 0.99988997
 0.99995285 1.0000073  1.0000508  1.0000812  1.0000991  1.0001043
 1.000098   1.0000813  1.0000563  1.0000249  0.99998885 0.99995106
 0.999913   0.9998769  0.99984425 0.99981743 0.999796   0.9997822
 0.99977636 0.9997782  0.9997882  0.9998061  0.99983096 0.9998622
 0.9998988  0.99994    0.99998367 1.0000292  1.0000752  1.0001197
 1.0001614  1.0001993  1.0002319  1.0002577  1.0002761  1.000286
 1.0002865  1.0002774  1.0002584  1.0002304  1.0001936  1.0001479
 1.0000966  1.0000396  0.99998    0.9999194  0.9998597  0.99980396
 0.9997547  0.9997137  0.99968296 0.99966437 0.99965894 0.99966747
 0.99968994 0.9997259  0.9997743  0.99983364 0.9999009  0.9999738
 1.0000488  1.0001227  1.000191   1.0002513  1.0002991  1.0003301
 1.0003431  1.0003337  1.0003015  1.0002446  1.0001624  1.0000563
 0.999928   0.99978083 0.9996176  0.99944556 0.9992701  0.99910015
 0.99894375 0.9988126  0.9987184  0.99867445 0.9986945  0.9987939
 0.9989891  0.9992971  0.999734   1.0003195  1.0010716 ]","[[0.44907367 0.618388   0.2585447  0.48281443 0.58981526 0.57816744
  0.2994102  0.5692317  0.46587163 0.6081265  0.7119244  0.5101752
  0.64634806 0.30628592 0.69474924]
 [3.1525683  5.8824983  1.3924979  0.35375124 6.0066996  1.8395025
  2.7236457  5.563403   3.2181966  0.116543   3.0860374  0.04975777
  4.092769   5.643706   5.013125  ]
 [5.8949533  1.798714   5.471665   4.361001   3.3403883  1.8875452
  2.051664   2.0541587  0.8438798  4.4610567  0.31209663 5.11338
  3.1884427  4.794731   6.21176   ]]",trotter
478,78,6,True,"[0.9999999  0.9999998  0.99999946 0.9999989  0.99999845 0.99999803
 0.9999978  0.9999977  0.9999977  0.99999774 0.999998   0.99999815
 0.99999845 0.9999988  0.99999905 0.9999993  0.99999946 0.9999996
 0.9999997  0.99999976 0.9999998  0.9999999  0.9999998  0.9999998
 0.99999976 0.9999998  0.99999976 0.99999976 0.99999976 0.9999997
 0.9999997  0.9999997  0.9999997  0.99999964 0.99999964 0.99999964
 0.9999996  0.99999964 0.99999964 0.9999996  0.99999964 0.9999997
 0.9999997  0.9999997  0.99999976 0.9999998  0.9999998  0.9999999
 0.99999994 0.99999994 0.9999999  0.9999999  0.9999998  0.9999998
 0.99999976 0.99999976 0.9999997  0.9999997  0.99999964 0.9999997
 0.9999997  0.9999997  0.99999976 0.9999998  0.9999998  0.9999999
 0.9999999  0.9999999  0.9999999  0.9999999  0.9999999  0.9999999
 0.9999999  0.9999998  0.9999998  0.9999998  0.99999976 0.9999998
 0.99999976 0.9999998  0.9999998  0.99999976 0.99999976 0.99999976
 0.9999997  0.9999996  0.99999946 0.9999993  0.99999905 0.99999887
 0.9999986  0.99999845 0.9999983  0.9999982  0.9999983  0.99999845
 0.9999987  0.99999905 0.99999946 0.99999976 0.99999976]","[[0.5024802  0.4719805  0.2666964  0.2673142  0.2518706  0.5359889
  0.2815128  0.31916228 0.5794043  0.6550734  0.60642326 0.46971443
  0.47605243 0.68111503 0.5837868 ]
 [2.3653455  0.16361175 2.078166   1.3350849  1.8214148  2.2472668
  3.8865428  0.9249185  0.6112481  6.041756   3.9788752  3.2569666
  1.2586256  4.3218665  4.434488  ]
 [4.70602    4.365569   6.1387634  5.864238   3.2116492  0.14642183
  5.7742677  0.6264965  5.385951   0.17643262 3.7456033  6.063333
  0.21391705 2.5347564  2.731437  ]]",trotter
479,79,6,False,"[0.99993825 0.9999327  0.99995816 1.000004   1.0000608  1.0001202
 1.0001761  1.0002235  1.0002586  1.000279   1.0002832  1.0002714
 1.0002441  1.000203   1.00015    1.0000877  1.0000193  0.9999477
 0.99987626 0.9998078  0.99974555 0.99969167 0.9996485  0.99961734
 0.9995997  0.9995958  0.9996056  0.9996289  0.9996646  0.99971086
 0.99976623 0.9998285  0.9998954  0.99996436 1.0000334  1.0000999
 1.0001616  1.0002173  1.0002651  1.0003035  1.0003322  1.0003501
 1.0003577  1.0003551  1.0003428  1.0003215  1.0002928  1.0002573
 1.0002166  1.0001723  1.0001255  1.0000778  1.0000304  0.9999846
 0.99994123 0.9999016  0.99986607 0.9998356  0.99981046 0.9997913
 0.99977845 0.99977154 0.99977124 0.9997772  0.9997895  0.9998077
 0.99983174 0.99986124 0.99989545 0.99993414 0.99997616 1.0000207
 1.0000668  1.0001128  1.0001581  1.0002006  1.0002385  1.0002706
 1.000295   1.00031    1.0003139  1.0003052  1.0002832  1.0002466
 1.0001953  1.0001299  1.0000509  0.99996066 0.9998615  0.9997573
 0.9996528  0.99955404 0.9994679  0.9994031  0.99936897 0.99937665
 0.9994377  0.9995659  0.9997752  1.0000811  1.0004998 ]","[[0.5024802  0.4719805  0.2666964  0.2673142  0.2518706  0.5359889
  0.2815128  0.31916228 0.5794043  0.6550734  0.60642326 0.46971443
  0.47605243 0.68111503 0.5837868 ]
 [2.3653455  0.16361175 2.078166   1.3350849  1.8214148  2.2472668
  3.8865428  0.9249185  0.6112481  6.041756   3.9788752  3.2569666
  1.2586256  4.3218665  4.434488  ]
 [4.70602    4.365569   6.1387634  5.864238   3.2116492  0.14642183
  5.7742677  0.6264965  5.385951   0.17643262 3.7456033  6.063333
  0.21391705 2.5347564  2.731437  ]]",trotter
480,80,6,True,"[0.99999976 0.99999905 0.9999964  0.99999315 0.9999899  0.99998724
 0.99998534 0.99998444 0.9999843  0.999985   0.9999862  0.9999879
 0.9999896  0.99999154 0.9999934  0.99999505 0.9999964  0.9999976
 0.99999845 0.99999905 0.9999994  0.9999995  0.99999946 0.9999994
 0.99999917 0.9999989  0.9999987  0.9999985  0.9999983  0.9999981
 0.999998   0.9999979  0.99999785 0.9999978  0.9999978  0.9999978
 0.9999978  0.9999978  0.9999979  0.99999803 0.9999981  0.9999983
 0.9999984  0.99999857 0.9999988  0.9999989  0.99999917 0.99999934
 0.9999994  0.9999995  0.9999996  0.9999996  0.9999995  0.9999994
 0.99999934 0.9999993  0.99999917 0.9999991  0.99999905 0.99999905
 0.99999905 0.9999991  0.99999917 0.9999993  0.9999994  0.9999995
 0.99999964 0.9999997  0.9999998  0.9999998  0.9999998  0.9999998
 0.99999976 0.9999997  0.99999964 0.9999996  0.9999995  0.99999946
 0.9999994  0.9999994  0.99999946 0.99999946 0.9999995  0.9999996
 0.9999996  0.9999995  0.99999946 0.99999934 0.9999991  0.9999988
 0.99999845 0.9999981  0.99999774 0.9999975  0.9999974  0.99999744
 0.99999774 0.99999833 0.999999   0.9999997  1.        ]","[[0.40003753 0.71471596 0.5661417  0.42000586 0.34668997 0.37821862
  0.6897527  0.26038364 0.64669096 0.5022358  0.5136302  0.72416073
  0.6132881  0.69047403 0.70927656]
 [0.8723536  1.2929038  2.8733714  0.49273744 3.1638057  2.1591353
  2.056974   5.1137137  3.0836992  6.030037   2.301433   0.5098673
  4.253863   4.561832   2.5653687 ]
 [4.724326   3.7978826  4.10121    3.6594117  6.1240535  4.290967
  3.5099316  3.171973   2.012792   4.1989484  6.097639   0.65452725
  3.83614    0.36719465 6.151853  ]]",trotter
481,81,6,False,"[0.99954176 0.99997455 1.0003345  1.0006226  1.0008415  1.0009946
 1.0010864  1.0011214  1.0011053  1.0010446  1.0009459  1.0008162
 1.0006627  1.0004927  1.0003134  1.0001317  0.9999535  0.9997853
 0.99963176 0.9994975  0.9993861  0.99929947 0.9992398  0.99920744
 0.99920243 0.99922305 0.99926776 0.99933404 0.9994185  0.9995174
 0.99962646 0.9997421  0.99985987 0.9999757  1.0000868  1.0001887
 1.0002787  1.0003552  1.0004156  1.0004597  1.000486   1.0004959
 1.0004891  1.0004677  1.0004328  1.0003868  1.000332   1.0002706
 1.0002059  1.0001396  1.0000745  1.0000131  0.99995685 0.99990803
 0.999867   0.9998353  0.9998131  0.9998006  0.9997976  0.9998033
 0.9998167  0.9998368  0.99986243 0.99989116 0.99992234 0.99995416
 0.9999847  1.000013   1.0000376  1.0000576  1.0000722  1.0000812
 1.0000842  1.0000813  1.0000736  1.0000614  1.0000452  1.0000271
 1.0000077  0.99998826 0.99997014 0.9999542  0.9999423  0.99993473
 0.99993175 0.99993366 0.9999412  0.99995315 0.999969   0.99998796
 1.0000083  1.0000294  1.0000489  1.0000657  1.0000781  1.000085
 1.000085   1.0000781  1.0000633  1.0000418  1.0000143 ]","[[0.40003753 0.71471596 0.5661417  0.42000586 0.34668997 0.37821862
  0.6897527  0.26038364 0.64669096 0.5022358  0.5136302  0.72416073
  0.6132881  0.69047403 0.70927656]
 [0.8723536  1.2929038  2.8733714  0.49273744 3.1638057  2.1591353
  2.056974   5.1137137  3.0836992  6.030037   2.301433   0.5098673
  4.253863   4.561832   2.5653687 ]
 [4.724326   3.7978826  4.10121    3.6594117  6.1240535  4.290967
  3.5099316  3.171973   2.012792   4.1989484  6.097639   0.65452725
  3.83614    0.36719465 6.151853  ]]",trotter
482,82,6,True,"[0.99999994 0.9999999  0.9999995  0.9999992  0.99999887 0.9999987
 0.9999987  0.9999987  0.9999988  0.999999   0.99999917 0.99999934
 0.99999946 0.9999996  0.9999997  0.99999976 0.9999997  0.99999976
 0.99999976 0.9999997  0.99999976 0.99999976 0.9999998  0.99999976
 0.9999998  0.9999998  0.9999998  0.9999999  0.9999999  0.99999994
 0.99999994 0.99999994 0.99999994 0.99999994 0.9999998  0.9999999
 0.9999999  0.9999999  0.9999998  0.99999976 0.9999998  0.9999998
 0.9999998  0.9999998  0.9999998  0.9999999  0.9999999  0.9999998
 0.9999998  0.9999999  0.9999999  0.9999999  0.9999999  0.9999999
 0.9999999  0.9999998  0.9999998  0.9999998  0.9999999  0.9999999
 0.9999999  0.9999998  0.9999998  0.99999976 0.99999976 0.9999997
 0.99999964 0.99999964 0.9999996  0.9999995  0.99999946 0.99999946
 0.99999946 0.99999946 0.9999995  0.99999964 0.99999964 0.99999976
 0.9999999  0.9999999  0.99999994 0.9999999  0.99999976 0.99999946
 0.9999991  0.99999857 0.9999979  0.99999714 0.9999963  0.9999955
 0.99999475 0.99999416 0.99999374 0.9999937  0.999994   0.9999947
 0.99999577 0.99999714 0.99999857 0.99999964 0.9999998 ]","[[0.36093536 0.45347688 0.46799746 0.39005825 0.7420213  0.3340231
  0.29855078 0.26567024 0.33025417 0.31787702 0.68368304 0.3007441
  0.6418738  0.7380254  0.27929074]
 [5.5715113  2.7660062  0.02379078 0.7249942  0.4715701  1.3547746
  4.3685203  1.9009867  5.5805297  5.6494403  1.4256254  2.4776335
  3.955525   0.13302954 2.560333  ]
 [2.1189113  4.147684   5.0642285  4.036374   1.8840457  2.8857222
  1.1470834  1.8248183  3.1369748  3.3465195  1.5786408  3.462536
  4.7331595  2.0527287  3.260686  ]]",trotter
483,83,6,False,"[0.99998105 0.99995816 0.9999497  0.99995077 0.99995756 0.99996644
 0.9999758  0.99998343 0.99998826 0.99999017 0.99998903 0.9999852
 0.9999791  0.9999715  0.9999636  0.99995524 0.99994826 0.99994284
 0.9999392  0.9999381  0.9999392  0.9999429  0.9999485  0.99995595
 0.99996483 0.99997413 0.99998355 0.9999924  0.9999997  1.0000052
 1.0000088  1.0000097  1.0000077  1.0000031  0.99999607 0.99998695
 0.99997586 0.99996364 0.99995106 0.99993855 0.9999273  0.99991775
 0.9999106  0.9999064  0.999906   0.9999092  0.99991626 0.99992746
 0.99994236 0.9999603  0.9999809  1.0000035  1.000027   1.0000504
 1.000073   1.0000933  1.0001106  1.0001241  1.0001327  1.0001357
 1.0001332  1.0001246  1.00011    1.00009    1.0000646  1.0000354
 1.0000027  0.9999681  0.9999325  0.9998978  0.99986464 0.99983513
 0.99981016 0.99979115 0.9997785  0.9997735  0.99977624 0.9997872
 0.99980587 0.9998319  0.99986446 0.9999026  0.999945   0.9999901
 1.000036   1.0000811  1.0001237  1.0001619  1.0001942  1.0002185
 1.000234   1.0002395  1.0002347  1.0002183  1.0001918  1.0001549
 1.0001088  1.000055   0.9999954  0.9999323  0.99986845]","[[0.36093536 0.45347688 0.46799746 0.39005825 0.7420213  0.3340231
  0.29855078 0.26567024 0.33025417 0.31787702 0.68368304 0.3007441
  0.6418738  0.7380254  0.27929074]
 [5.5715113  2.7660062  0.02379078 0.7249942  0.4715701  1.3547746
  4.3685203  1.9009867  5.5805297  5.6494403  1.4256254  2.4776335
  3.955525   0.13302954 2.560333  ]
 [2.1189113  4.147684   5.0642285  4.036374   1.8840457  2.8857222
  1.1470834  1.8248183  3.1369748  3.3465195  1.5786408  3.462536
  4.7331595  2.0527287  3.260686  ]]",trotter
484,84,6,True,"[0.99999833 0.9999978  0.9999943  0.99998957 0.99998486 0.999981
 0.99997836 0.9999771  0.9999772  0.99997836 0.99998045 0.9999831
 0.99998605 0.99998903 0.9999919  0.9999943  0.99999624 0.99999774
 0.99999875 0.9999992  0.99999934 0.9999991  0.99999857 0.999998
 0.9999973  0.9999967  0.9999962  0.9999958  0.99999565 0.99999565
 0.99999577 0.99999607 0.9999965  0.9999969  0.9999974  0.9999978
 0.9999982  0.99999857 0.99999875 0.9999989  0.9999989  0.9999988
 0.99999857 0.9999984  0.9999981  0.99999785 0.9999976  0.99999744
 0.9999974  0.9999974  0.9999975  0.9999976  0.99999785 0.99999815
 0.9999984  0.9999986  0.99999887 0.999999   0.99999905 0.999999
 0.99999887 0.9999986  0.9999983  0.9999979  0.99999756 0.9999971
 0.9999967  0.9999964  0.99999624 0.9999961  0.9999961  0.9999963
 0.9999966  0.999997   0.9999975  0.9999981  0.99999857 0.9999991
 0.9999996  0.9999998  0.99999994 0.99999976 0.99999934 0.9999986
 0.9999977  0.99999654 0.9999952  0.9999938  0.99999243 0.9999911
 0.9999901  0.99998945 0.9999893  0.99998957 0.9999904  0.99999166
 0.99999315 0.9999946  0.99999535 0.99999493 0.9999923 ]","[[0.3378411  0.74778426 0.6058459  0.5207516  0.5062346  0.48328605
  0.6246188  0.44733045 0.337541   0.3360476  0.3460054  0.6334506
  0.5886927  0.575757   0.30123863]
 [1.3057945  5.5764637  4.0591655  0.8689957  3.464454   0.9770365
  2.9775648  1.3344585  4.290763   6.1136656  1.1097636  2.2885725
  0.77888435 3.1001217  3.0179722 ]
 [0.31604078 4.6961417  2.2336588  6.2391324  2.604676   4.174093
  3.0969558  4.790513   3.8276346  1.2697878  4.8015976  4.0642366
  0.8215107  1.1679828  1.0654866 ]]",trotter
485,85,6,False,"[1.0016714  1.0008407  1.000164   0.9996263  0.99921304 0.9989096
 0.99870306 0.99857926 0.99852717 0.99853426 0.99859077 0.99868643
 0.99881285 0.99896187 0.99912536 0.99929726 0.9994727  0.99964565
 0.99981254 0.9999695  1.0001134  1.000242   1.0003535  1.0004461
 1.0005195  1.0005733  1.0006074  1.0006218  1.0006179  1.0005969
 1.0005602  1.0005099  1.0004475  1.000376   1.000297   1.0002135
 1.0001283  1.0000434  0.99996096 0.99988353 0.9998126  0.99975014
 0.9996969  0.9996538  0.9996213  0.9995997  0.99958843 0.9995868
 0.9995943  0.99960953 0.9996312  0.9996587  0.99968994 0.9997244
 0.999761   0.9997989  0.99983764 0.99987733 0.9999174  0.99995804
 0.99999964 1.0000428  1.0000874  1.0001339  1.0001826  1.0002325
 1.0002838  1.0003355  1.000386   1.0004334  1.0004765  1.0005118
 1.000537   1.0005497  1.0005463  1.0005242  1.0004815  1.0004152
 1.0003241  1.0002079  1.0000666  0.9999008  0.9997133  0.9995074
 0.9992882  0.99906194 0.99883616 0.9986199  0.9984237  0.9982597
 0.99814004 0.99807936 0.99809206 0.99819463 0.99840325 0.99873513
 0.9992074  0.99983776 1.0006436  1.0016418  1.0028492 ]","[[0.3378411  0.74778426 0.6058459  0.5207516  0.5062346  0.48328605
  0.6246188  0.44733045 0.337541   0.3360476  0.3460054  0.6334506
  0.5886927  0.575757   0.30123863]
 [1.3057945  5.5764637  4.0591655  0.8689957  3.464454   0.9770365
  2.9775648  1.3344585  4.290763   6.1136656  1.1097636  2.2885725
  0.77888435 3.1001217  3.0179722 ]
 [0.31604078 4.6961417  2.2336588  6.2391324  2.604676   4.174093
  3.0969558  4.790513   3.8276346  1.2697878  4.8015976  4.0642366
  0.8215107  1.1679828  1.0654866 ]]",trotter
486,86,6,True,"[0.99999994 0.99999934 0.99999803 0.9999965  0.99999523 0.9999943
 0.99999386 0.99999386 0.9999942  0.9999949  0.9999956  0.9999964
 0.9999972  0.9999979  0.9999985  0.99999887 0.9999992  0.99999934
 0.9999994  0.99999946 0.9999994  0.99999934 0.9999993  0.9999992
 0.9999992  0.9999993  0.9999993  0.99999934 0.9999994  0.99999946
 0.9999995  0.9999995  0.9999996  0.99999946 0.99999946 0.9999994
 0.99999934 0.9999992  0.99999917 0.99999905 0.999999   0.999999
 0.999999   0.999999   0.99999905 0.99999905 0.99999917 0.9999992
 0.9999993  0.99999934 0.9999994  0.9999994  0.99999934 0.99999934
 0.9999993  0.9999993  0.99999917 0.99999917 0.9999991  0.99999905
 0.99999905 0.999999   0.9999989  0.99999887 0.99999875 0.9999987
 0.99999857 0.99999845 0.99999833 0.99999815 0.9999981  0.99999803
 0.99999803 0.9999981  0.9999983  0.9999985  0.9999988  0.9999991
 0.9999994  0.99999964 0.9999997  0.9999996  0.9999991  0.99999833
 0.9999972  0.99999565 0.99999374 0.99999166 0.99998933 0.99998707
 0.9999851  0.9999835  0.99998266 0.9999827  0.9999838  0.99998593
 0.99998903 0.9999928  0.9999964  0.99999905 0.99999917]","[[0.5324973  0.6561398  0.27975407 0.6246912  0.64500576 0.62029576
  0.5690903  0.49031714 0.30445665 0.69466615 0.7284499  0.3882598
  0.42248616 0.31928754 0.47944704]
 [4.6798015  4.606325   3.8330483  1.7089229  2.0421746  0.31858772
  5.8688273  4.105984   5.5700912  4.0614114  1.416457   4.876925
  3.104571   3.6381168  4.679907  ]
 [4.263319   1.6933553  0.764631   5.851692   0.76919633 5.907016
  2.993506   3.8015547  0.99795675 0.99176246 3.1749213  4.308429
  2.6849306  1.2266715  2.1978562 ]]",trotter
487,87,6,False,"[0.99991834 1.0000571  1.0001737  1.0002657  1.0003321  1.0003728
 1.0003887  1.0003821  1.0003548  1.0003102  1.0002522  1.0001843
 1.0001107  1.0000353  0.9999616  0.9998932  0.9998331  0.9997837
 0.9997467  0.9997233  0.9997143  0.99971914 0.99973714 0.9997671
 0.99980706 0.9998549  0.99990803 0.99996394 1.0000196  1.0000731
 1.0001212  1.0001627  1.0001956  1.0002184  1.0002306  1.000232
 1.0002228  1.000204   1.0001768  1.0001427  1.000104   1.0000623
 1.0000201  0.99998    0.9999431  0.9999119  0.9998879  0.99987227
 0.99986535 0.9998678  0.9998789  0.9998983  0.99992454 0.9999561
 0.9999915  1.0000281  1.0000645  1.0000983  1.0001278  1.000151
 1.0001673  1.000175   1.000174   1.0001646  1.0001472  1.0001227
 1.0000926  1.0000587  1.0000226  0.99998635 0.9999522  0.999922
 0.99989706 0.999879   0.9998686  0.9998659  0.9998713  0.9998841
 0.9999031  0.99992704 0.99995404 0.9999821  1.0000093  1.0000334
 1.0000523  1.0000648  1.0000695  1.0000659  1.0000539  1.0000341
 1.0000079  0.9999779  0.99994683 0.99991864 0.99989796 0.99988985
 0.99990046 0.99993557 1.0000023  1.0001063  1.0002553 ]","[[0.5324973  0.6561398  0.27975407 0.6246912  0.64500576 0.62029576
  0.5690903  0.49031714 0.30445665 0.69466615 0.7284499  0.3882598
  0.42248616 0.31928754 0.47944704]
 [4.6798015  4.606325   3.8330483  1.7089229  2.0421746  0.31858772
  5.8688273  4.105984   5.5700912  4.0614114  1.416457   4.876925
  3.104571   3.6381168  4.679907  ]
 [4.263319   1.6933553  0.764631   5.851692   0.76919633 5.907016
  2.993506   3.8015547  0.99795675 0.99176246 3.1749213  4.308429
  2.6849306  1.2266715  2.1978562 ]]",trotter
488,88,6,True,"[0.9999996  0.99999976 0.99999934 0.9999986  0.99999785 0.99999714
 0.99999666 0.99999636 0.99999624 0.9999963  0.9999966  0.9999969
 0.9999974  0.99999774 0.99999815 0.99999857 0.9999989  0.9999992
 0.9999994  0.9999996  0.9999997  0.99999976 0.9999997  0.9999997
 0.99999964 0.9999995  0.9999995  0.99999946 0.9999994  0.99999934
 0.9999992  0.9999993  0.9999992  0.99999917 0.9999992  0.99999917
 0.99999917 0.9999991  0.9999991  0.99999905 0.99999905 0.9999989
 0.9999989  0.9999989  0.9999989  0.9999989  0.999999   0.99999905
 0.9999991  0.9999992  0.9999993  0.9999994  0.99999946 0.9999995
 0.9999996  0.9999995  0.99999946 0.99999934 0.99999917 0.9999989
 0.9999987  0.9999984  0.9999981  0.9999978  0.99999756 0.99999726
 0.9999971  0.99999696 0.99999684 0.9999969  0.999997   0.9999972
 0.9999975  0.99999785 0.9999983  0.99999875 0.99999917 0.99999946
 0.9999997  0.9999999  0.9999999  0.9999997  0.9999993  0.9999988
 0.9999981  0.9999972  0.99999624 0.9999953  0.99999434 0.9999935
 0.9999929  0.9999925  0.99999243 0.9999928  0.99999344 0.99999446
 0.99999565 0.99999684 0.99999774 0.99999803 0.9999971 ]","[[0.49931484 0.34330657 0.63793105 0.54791397 0.32376948 0.46131405
  0.3264634  0.25755066 0.5385147  0.5977688  0.58592474 0.4550018
  0.4469753  0.63680655 0.2766666 ]
 [3.433357   1.6902714  3.6698568  2.952374   2.7115498  3.9548872
  4.2038836  4.7818775  2.6970105  3.5244424  1.3219295  1.1489117
  1.4590384  2.882309   0.09068959]
 [3.678029   5.0290637  0.21305889 3.7415707  3.3758714  2.3566399
  1.8946549  0.56900847 3.0131197  3.5489252  3.080905   1.15681
  3.850569   0.99702126 3.427443  ]]",trotter
489,89,6,False,"[0.99965364 0.9998622  1.0000432  1.000195   1.0003172  1.0004102
 1.0004742  1.0005107  1.0005214  1.0005089  1.0004753  1.0004239
 1.0003581  1.0002811  1.0001963  1.0001074  1.0000175  0.99992996
 0.99984753 0.9997728  0.99970806 0.99965495 0.99961483 0.99958867
 0.9995765  0.9995784  0.99959403 0.999622   0.99966115 0.9997096
 0.9997657  0.99982715 0.9998918  0.99995726 1.0000212  1.000082
 1.0001372  1.0001853  1.0002247  1.0002545  1.0002741  1.0002825
 1.00028    1.000267   1.000244   1.0002122  1.0001726  1.0001268
 1.0000764  1.0000234  0.9999691  0.99991614 0.9998659  0.99982053
 0.99978125 0.9997496  0.99972695 0.99971426 0.9997119  0.99972063
 0.99974    0.99976975 0.99980986 0.9998581  0.9999141  0.99997604
 1.0000421  1.0001096  1.0001773  1.0002418  1.0003012  1.0003527
 1.0003943  1.0004236  1.0004387  1.0004377  1.0004196  1.0003827
 1.0003273  1.0002532  1.0001613  1.0000528  0.99992985 0.9997949
 0.9996515  0.99950373 0.9993569  0.9992164  0.99908847 0.9989799
 0.9988982  0.9988515  0.9988486  0.9988983  0.99900955 0.99919236
 0.9994564  0.999811   1.0002666  1.0008329  1.0015193 ]","[[0.49931484 0.34330657 0.63793105 0.54791397 0.32376948 0.46131405
  0.3264634  0.25755066 0.5385147  0.5977688  0.58592474 0.4550018
  0.4469753  0.63680655 0.2766666 ]
 [3.433357   1.6902714  3.6698568  2.952374   2.7115498  3.9548872
  4.2038836  4.7818775  2.6970105  3.5244424  1.3219295  1.1489117
  1.4590384  2.882309   0.09068959]
 [3.678029   5.0290637  0.21305889 3.7415707  3.3758714  2.3566399
  1.8946549  0.56900847 3.0131197  3.5489252  3.080905   1.15681
  3.850569   0.99702126 3.427443  ]]",trotter
490,90,6,True,"[0.9999988  0.9999992  0.9999991  0.99999857 0.999998   0.99999744
 0.9999969  0.99999654 0.9999965  0.99999654 0.9999968  0.9999971
 0.99999756 0.99999803 0.99999845 0.99999887 0.9999993  0.9999996
 0.99999976 0.9999999  0.99999994 0.9999999  0.9999999  0.99999976
 0.9999996  0.9999994  0.99999934 0.99999917 0.9999991  0.999999
 0.999999   0.99999905 0.9999991  0.99999917 0.9999993  0.9999994
 0.9999995  0.99999964 0.9999997  0.9999998  0.9999999  0.9999999
 0.9999998  0.9999998  0.9999997  0.99999964 0.9999996  0.9999995
 0.9999994  0.99999934 0.99999934 0.9999993  0.99999934 0.99999934
 0.99999934 0.99999946 0.9999995  0.9999995  0.9999996  0.9999997
 0.9999997  0.9999997  0.9999997  0.9999997  0.99999964 0.9999995
 0.99999946 0.99999934 0.9999992  0.99999917 0.9999991  0.99999905
 0.99999905 0.99999905 0.9999991  0.99999917 0.9999993  0.9999994
 0.9999996  0.9999997  0.99999976 0.99999976 0.9999997  0.9999996
 0.9999994  0.99999905 0.9999987  0.9999982  0.99999774 0.9999972
 0.9999967  0.99999636 0.9999961  0.99999607 0.99999624 0.99999666
 0.9999973  0.99999815 0.9999989  0.9999995  0.99999946]","[[0.25720838 0.74580497 0.62996405 0.3447294  0.57251304 0.49200282
  0.6579247  0.3783748  0.38741356 0.40675035 0.37272206 0.4513232
  0.637551   0.3299756  0.44889754]
 [1.6741533  0.6927766  2.6115692  0.6628862  1.5751317  5.528328
  0.15980105 5.1132727  2.9296873  1.7854059  0.31666207 1.0892371
  0.6222579  2.2800105  1.0081716 ]
 [1.9226747  2.521945   3.8935251  0.7808209  1.648857   2.2453287
  0.8779606  2.8325062  4.653313   1.3012334  1.9797846  1.3625768
  0.16662611 2.4532697  4.068103  ]]",trotter
491,91,6,False,"[1.0020763  1.0011411  1.0003679  0.9997426  0.9992516  0.99888116
 0.9986179  0.9984488  0.99836165 0.9983443  0.99838567 0.9984747
 0.99860173 0.9987573  0.9989332  0.9991217  0.9993155  0.99950916
 0.99969697 0.999875   1.0000392  1.0001873  1.0003167  1.0004263
 1.0005151  1.0005833  1.0006306  1.0006584  1.0006672  1.0006595
 1.0006359  1.0005989  1.0005503  1.0004925  1.0004272  1.0003567
 1.0002831  1.0002081  1.0001335  1.0000604  0.99999124 0.9999264
 0.9998673  0.9998148  0.9997695  0.999732   0.9997029  0.999682
 0.99966955 0.9996656  0.9996699  0.999682   0.99970144 0.999728
 0.9997608  0.9997992  0.9998425  0.9998893  0.9999399  0.99999183
 1.0000451  1.0000978  1.00015    1.0001996  1.000246   1.0002884
 1.0003258  1.000357   1.0003812  1.0003989  1.0004078  1.0004084
 1.0004008  1.0003843  1.0003588  1.0003254  1.0002831  1.0002339
 1.0001775  1.0001155  1.0000482  0.9999771  0.99990386 0.99982935
 0.9997562  0.99968594 0.99961996 0.99956113 0.9995115  0.99947405
 0.9994503  0.99944484 0.99945927 0.99949765 0.99956286 0.99965906
 0.9997895  0.99995863 1.0001701  1.0004288  1.0007389 ]","[[0.25720838 0.74580497 0.62996405 0.3447294  0.57251304 0.49200282
  0.6579247  0.3783748  0.38741356 0.40675035 0.37272206 0.4513232
  0.637551   0.3299756  0.44889754]
 [1.6741533  0.6927766  2.6115692  0.6628862  1.5751317  5.528328
  0.15980105 5.1132727  2.9296873  1.7854059  0.31666207 1.0892371
  0.6222579  2.2800105  1.0081716 ]
 [1.9226747  2.521945   3.8935251  0.7808209  1.648857   2.2453287
  0.8779606  2.8325062  4.653313   1.3012334  1.9797846  1.3625768
  0.16662611 2.4532697  4.068103  ]]",trotter
492,92,6,True,"[0.999277   0.99949294 0.999649   0.9997573  0.99982846 0.9998717
 0.99989486 0.99990433 0.9999055  0.9999023  0.99989784 0.99989414
 0.9998924  0.9998935  0.9998974  0.99990386 0.9999124  0.999922
 0.9999322  0.99994224 0.9999515  0.9999593  0.9999654  0.9999698
 0.9999725  0.9999736  0.9999735  0.9999726  0.9999713  0.9999699
 0.999969   0.99996877 0.9999692  0.99997056 0.9999724  0.9999749
 0.9999777  0.9999804  0.99998283 0.9999846  0.9999856  0.9999857
 0.9999848  0.9999832  0.999981   0.9999784  0.9999758  0.99997354
 0.99997187 0.999971   0.99997115 0.9999723  0.9999745  0.9999774
 0.9999808  0.9999844  0.99998766 0.99999034 0.999992   0.9999924
 0.9999912  0.9999884  0.999984   0.9999785  0.99997187 0.99996483
 0.99995786 0.9999515  0.9999463  0.9999428  0.99994135 0.9999421
 0.9999453  0.9999505  0.9999575  0.99996567 0.9999743  0.9999825
 0.99998933 0.99999404 0.99999577 0.9999939  0.99998826 0.9999785
 0.999965   0.99994844 0.99992967 0.99991    0.9998909  0.99987406
 0.9998612  0.9998537  0.99985284 0.99985945 0.99987346 0.99989426
 0.9999198  0.99994695 0.9999712  0.9999863  0.99998444]","[[0.39429232 0.5634551  0.64844006 0.2618874  0.6055157  0.26940137
  0.45386645 0.39343232 0.42639533 0.73950994 0.47657397 0.63685715
  0.66819537 0.5308521  0.7025783 ]
 [3.7364295  0.38509506 4.685518   0.6218053  1.1018397  1.3150241
  4.1692834  2.6384397  3.3537087  5.4569306  0.76827925 1.9666059
  3.885944   4.491241   6.0690627 ]
 [4.2800207  3.7152646  0.2323167  0.97601    3.8563683  3.1484554
  1.8622854  5.434153   0.47201556 0.467915   0.05744015 5.92792
  4.0320663  2.6910696  2.445358  ]]",trotter
493,93,6,False,"[1.0018051  1.0012304  1.0007213  1.0002838  0.9999193  0.99962914
 0.9994118  0.99926406 0.999182   0.99916035 0.99919045 0.9992656
 0.99937725 0.99951625 0.99967235 0.99983776 1.0000029  1.0001602
 1.0003009  1.0004199  1.0005121  1.0005741  1.0006022  1.0005974
 1.0005597  1.0004913  1.0003959  1.000279   1.0001451  1.0000017
 0.99985534 0.9997129  0.9995814  0.99946696 0.9993756  0.99931127
 0.99927765 0.9992765  0.9993073  0.9993702  0.99946135 0.9995779
 0.99971366 0.99986315 1.0000196  1.0001758  1.0003251  1.0004611
 1.0005773  1.0006698  1.0007337  1.0007669  1.000769   1.0007396
 1.0006819  1.000597   1.0004911  1.0003687  1.0002358  1.0000992
 0.99996495 0.9998394  0.9997282  0.9996368  0.99956876 0.999527
 0.9995136  0.9995277  0.99956876 0.9996337  0.9997185  0.99981785
 0.9999256  1.0000345  1.0001367  1.0002255  1.0002928  1.0003313
 1.0003355  1.0002996  1.000221   1.0000978  0.99993014 0.9997215
 0.9994766  0.9992035  0.99891263 0.9986165  0.99833024 0.9980721
 0.9978612  0.99771905 0.9976687  0.9977332  0.9979375  0.99830663
 0.9988646  0.9996356  1.000642   1.0019051  1.003444  ]","[[0.39429232 0.5634551  0.64844006 0.2618874  0.6055157  0.26940137
  0.45386645 0.39343232 0.42639533 0.73950994 0.47657397 0.63685715
  0.66819537 0.5308521  0.7025783 ]
 [3.7364295  0.38509506 4.685518   0.6218053  1.1018397  1.3150241
  4.1692834  2.6384397  3.3537087  5.4569306  0.76827925 1.9666059
  3.885944   4.491241   6.0690627 ]
 [4.2800207  3.7152646  0.2323167  0.97601    3.8563683  3.1484554
  1.8622854  5.434153   0.47201556 0.467915   0.05744015 5.92792
  4.0320663  2.6910696  2.445358  ]]",trotter
494,94,6,True,"[0.9998552  0.99990016 0.99993235 0.99995434 0.9999686  0.999977
 0.9999812  0.9999826  0.9999822  0.9999808  0.9999791  0.99997747
 0.99997616 0.9999754  0.99997526 0.99997574 0.9999767  0.9999781
 0.99997985 0.99998176 0.9999838  0.9999858  0.9999877  0.99998945
 0.999991   0.9999922  0.9999932  0.9999939  0.9999944  0.9999947
 0.9999948  0.9999948  0.99999464 0.9999945  0.9999942  0.99999404
 0.9999938  0.9999936  0.9999934  0.99999326 0.99999315 0.9999931
 0.999993   0.999993   0.9999931  0.99999326 0.99999344 0.99999374
 0.9999941  0.99999446 0.9999949  0.9999953  0.99999577 0.9999962
 0.9999966  0.9999969  0.9999971  0.9999971  0.99999696 0.99999666
 0.99999624 0.99999565 0.99999505 0.99999434 0.99999374 0.99999315
 0.9999927  0.9999924  0.9999923  0.99999243 0.9999927  0.99999326
 0.9999938  0.99999446 0.99999505 0.9999956  0.9999958  0.9999957
 0.9999953  0.99999446 0.9999932  0.99999154 0.99998957 0.9999874
 0.9999852  0.99998313 0.99998134 0.9999801  0.99997944 0.9999796
 0.9999806  0.9999824  0.99998486 0.9999876  0.9999901  0.9999918
 0.99999166 0.9999885  0.9999809  0.99996704 0.9999449 ]","[[0.67707795 0.5564479  0.39262572 0.3229026  0.6467633  0.2599593
  0.31329763 0.5916166  0.50410515 0.42940256 0.25780654 0.37540877
  0.7463751  0.73954886 0.39403585]
 [1.3022536  3.282765   2.994351   5.478869   1.113375   2.4471874
  4.06143    0.44194692 1.922812   2.3729944  0.3699967  2.7997522
  1.4538047  2.2807248  5.7474027 ]
 [1.6298529  5.1107693  3.3411164  0.31213763 1.5908583  5.247488
  3.1964078  3.3711658  2.3868403  4.142204   1.4661235  5.6408677
  3.7050664  5.8346105  0.94023705]]",trotter
495,95,6,False,"[0.99971527 0.99980795 0.99986917 0.99990344 0.99991596 0.9999088
 0.9998879  0.99985516 0.9998141  0.9997694  0.99972117 0.999675
 0.9996296  0.9995891  0.9995551  0.99952835 0.99951154 0.9995021
 0.99950504 0.99951744 0.9995397  0.9995726  0.9996156  0.9996664
 0.99972564 0.9997915  0.99986297 0.99993867 1.000017   1.0000963
 1.0001739  1.00025    1.0003213  1.0003858  1.0004438  1.0004926
 1.0005295  1.0005559  1.0005704  1.0005714  1.0005584  1.0005323
 1.0004933  1.0004416  1.0003781  1.0003043  1.0002217  1.0001332
 1.00004    0.9999459  0.9998515  0.99976057 0.99967676 0.9996016
 0.9995377  0.9994882  0.99945337 0.99943656 0.9994379  0.99945784
 0.9994967  0.9995534  0.99962705 0.9997149  0.9998152  0.9999242
 1.0000379  1.0001535  1.0002654  1.0003694  1.0004631  1.0005395
 1.0005955  1.0006278  1.000633   1.0006094  1.0005556  1.0004706
 1.0003552  1.000211   1.0000415  0.9998494  0.99964106 0.999423
 0.99920106 0.9989856  0.9987848  0.9986089  0.998469   0.9983759
 0.9983431  0.9983801  0.9985009  0.9987175  0.9990405  0.999482
 1.0000533  1.0007635  1.0016226  1.0026397  1.0038215 ]","[[0.67707795 0.5564479  0.39262572 0.3229026  0.6467633  0.2599593
  0.31329763 0.5916166  0.50410515 0.42940256 0.25780654 0.37540877
  0.7463751  0.73954886 0.39403585]
 [1.3022536  3.282765   2.994351   5.478869   1.113375   2.4471874
  4.06143    0.44194692 1.922812   2.3729944  0.3699967  2.7997522
  1.4538047  2.2807248  5.7474027 ]
 [1.6298529  5.1107693  3.3411164  0.31213763 1.5908583  5.247488
  3.1964078  3.3711658  2.3868403  4.142204   1.4661235  5.6408677
  3.7050664  5.8346105  0.94023705]]",trotter
496,96,6,True,"[0.9999974  0.999998   0.9999944  0.99998885 0.9999831  0.9999779
 0.99997395 0.9999716  0.999971   0.9999718  0.9999739  0.9999768
 0.9999804  0.99998415 0.99998784 0.9999912  0.9999942  0.99999654
 0.9999982  0.9999993  0.99999976 0.9999997  0.9999993  0.99999857
 0.9999977  0.9999968  0.9999959  0.9999952  0.9999947  0.99999434
 0.9999943  0.9999944  0.99999475 0.9999953  0.9999959  0.9999966
 0.9999972  0.99999785 0.9999984  0.9999988  0.99999905 0.9999992
 0.9999992  0.9999991  0.9999988  0.9999985  0.9999982  0.9999979
 0.9999976  0.99999744 0.9999973  0.9999973  0.9999975  0.99999774
 0.999998   0.99999833 0.9999987  0.99999905 0.9999993  0.9999993
 0.9999992  0.9999989  0.9999985  0.99999785 0.999997   0.9999962
 0.99999523 0.99999434 0.99999356 0.99999297 0.99999267 0.99999267
 0.99999297 0.99999356 0.9999945  0.99999565 0.9999969  0.99999803
 0.99999905 0.99999976 0.99999994 0.99999946 0.9999983  0.9999964
 0.99999386 0.99999064 0.999987   0.99998313 0.9999793  0.9999759
 0.9999732  0.9999715  0.99997115 0.99997216 0.9999747  0.99997854
 0.9999832  0.99998784 0.9999915  0.99999243 0.9999886 ]","[[0.26798955 0.38612574 0.38974753 0.50797105 0.41250786 0.46642697
  0.41688606 0.43083918 0.62559617 0.30862552 0.6648478  0.6968159
  0.34839532 0.4876167  0.2629855 ]
 [1.4195174  2.4970837  0.9679078  5.531747   4.686254   5.298392
  4.9729457  2.9163618  4.986617   1.1645896  0.69020176 4.28654
  0.01879967 5.7562995  0.29262215]
 [0.86150926 1.4550833  0.08518942 3.1433544  0.95804775 1.6637557
  6.2702246  0.70535916 5.0945687  2.7852354  4.872845   2.789622
  3.0610626  3.9273295  6.095298  ]]",trotter
497,97,6,False,"[1.0001245  0.9999139  0.9997802  0.9997089  0.9996865  0.9997002
 0.99973905 0.99979305 0.999854   0.9999146  0.9999691  1.0000131
 1.000044   1.0000592  1.0000584  1.000042   1.0000107  0.99996644
 0.9999115  0.99984884 0.9997813  0.9997124  0.9996448  0.999582
 0.9995265  0.9994811  0.9994477  0.99942786 0.9994229  0.9994332
 0.9994592  0.99950016 0.9995555  0.9996238  0.9997032  0.99979186
 0.9998876  0.9999878  1.0000896  1.0001907  1.0002884  1.0003797
 1.0004627  1.0005345  1.0005937  1.0006384  1.0006671  1.0006791
 1.000674   1.0006517  1.0006126  1.0005578  1.0004886  1.0004071
 1.0003154  1.0002162  1.0001125  1.0000073  0.9999039  0.9998057
 0.9997155  0.99963653 0.99957114 0.99952155 0.9994893  0.9994755
 0.99948007 0.9995028  0.9995422  0.99959683 0.9996637  0.99973977
 0.9998213  0.9999044  0.99998426 1.0000571  1.0001183  1.0001642
 1.0001911  1.0001962  1.0001774  1.000134   1.0000659  0.9999745
 0.9998624  0.9997337  0.9995936  0.9994492  0.99930847 0.99918085
 0.9990771  0.9990091  0.99898934 0.99903125 0.9991492  0.99935776
 0.9996716  1.0001059  1.000675   1.0013932  1.0022749 ]","[[0.26798955 0.38612574 0.38974753 0.50797105 0.41250786 0.46642697
  0.41688606 0.43083918 0.62559617 0.30862552 0.6648478  0.6968159
  0.34839532 0.4876167  0.2629855 ]
 [1.4195174  2.4970837  0.9679078  5.531747   4.686254   5.298392
  4.9729457  2.9163618  4.986617   1.1645896  0.69020176 4.28654
  0.01879967 5.7562995  0.29262215]
 [0.86150926 1.4550833  0.08518942 3.1433544  0.95804775 1.6637557
  6.2702246  0.70535916 5.0945687  2.7852354  4.872845   2.789622
  3.0610626  3.9273295  6.095298  ]]",trotter
498,98,6,True,"[1.         0.9999994  0.999998   0.9999963  0.9999947  0.9999934
 0.99999243 0.999992   0.9999921  0.9999925  0.99999315 0.9999941
 0.99999505 0.9999961  0.9999971  0.9999979  0.9999986  0.99999917
 0.99999946 0.99999964 0.9999997  0.9999996  0.99999946 0.99999934
 0.99999917 0.999999   0.9999988  0.9999988  0.9999988  0.9999988
 0.9999989  0.99999905 0.99999917 0.9999993  0.99999946 0.9999996
 0.9999997  0.99999976 0.9999999  0.9999999  0.9999998  0.9999998
 0.9999998  0.99999976 0.99999976 0.9999997  0.99999964 0.99999964
 0.9999997  0.99999964 0.9999997  0.9999997  0.99999976 0.99999976
 0.9999998  0.9999999  0.9999999  0.9999999  0.9999998  0.9999998
 0.9999998  0.99999976 0.99999976 0.99999976 0.99999976 0.99999976
 0.9999998  0.9999999  0.99999994 0.99999994 1.         0.99999994
 0.99999994 0.9999998  0.9999997  0.9999996  0.9999994  0.9999993
 0.99999917 0.999999   0.9999989  0.99999887 0.9999989  0.99999905
 0.9999992  0.9999994  0.9999995  0.99999964 0.99999976 0.99999976
 0.99999964 0.9999994  0.9999991  0.99999887 0.99999857 0.99999845
 0.9999985  0.99999875 0.9999992  0.99999964 0.9999998 ]","[[0.6002537  0.7247478  0.34025654 0.61496043 0.30035862 0.5885986
  0.4146473  0.5616567  0.6405927  0.47174302 0.5260996  0.71009123
  0.44335094 0.5567203  0.39594498]
 [3.2994022  4.255949   2.6594372  0.9608282  2.556      5.703487
  4.5281873  5.724638   6.0730877  1.9559559  2.340859   0.54969627
  4.7602215  4.518053   2.3517594 ]
 [4.862825   0.37972715 1.3777887  1.4582448  2.6724432  2.405969
  3.1606743  0.5309449  0.99211055 4.4986744  5.2131023  6.0119686
  0.988545   5.4111805  5.9782166 ]]",trotter
499,99,6,False,"[1.0000379  0.9999587  0.9999046  0.99987173 0.9998569  0.99985695
 0.99986863 0.9998891  0.9999157  0.9999456  0.9999766  1.0000066
 1.0000335  1.0000563  1.0000733  1.0000844  1.0000888  1.0000863
 1.0000776  1.0000631  1.0000441  1.0000213  0.999996   0.9999699
 0.99994403 0.99991995 0.9998986  0.9998812  0.9998685  0.99986076
 0.9998584  0.9998614  0.9998693  0.9998818  0.99989796 0.99991727
 0.9999383  0.9999604  0.99998236 1.0000036  1.0000224  1.0000387
 1.0000517  1.000061   1.000066   1.0000671  1.0000639  1.0000567
 1.0000461  1.0000327  1.0000168  0.9999993  0.9999811  0.9999633
 0.99994636 0.9999314  0.9999184  0.99990904 0.9999031  0.99990034
 0.9999014  0.9999062  0.99991417 0.9999247  0.9999374  0.99995154
 0.9999661  0.9999808  0.9999945  1.0000075  1.0000187  1.0000285
 1.0000364  1.0000428  1.0000479  1.0000521  1.0000556  1.0000588
 1.0000622  1.0000653  1.0000682  1.0000705  1.0000715  1.0000708
 1.0000666  1.0000584  1.0000453  1.0000262  1.0000007  0.99996865
 0.99993104 0.99988914 0.9998459  0.99980533 0.9997724  0.9997547
 0.9997604  0.9998     0.9998854  1.0000309  1.0002521 ]","[[0.6002537  0.7247478  0.34025654 0.61496043 0.30035862 0.5885986
  0.4146473  0.5616567  0.6405927  0.47174302 0.5260996  0.71009123
  0.44335094 0.5567203  0.39594498]
 [3.2994022  4.255949   2.6594372  0.9608282  2.556      5.703487
  4.5281873  5.724638   6.0730877  1.9559559  2.340859   0.54969627
  4.7602215  4.518053   2.3517594 ]
 [4.862825   0.37972715 1.3777887  1.4582448  2.6724432  2.405969
  3.1606743  0.5309449  0.99211055 4.4986744  5.2131023  6.0119686
  0.988545   5.4111805  5.9782166 ]]",trotter
500,0,7,True,"[1.         0.99999785 0.99999255 0.9999855  0.9999779  0.99997026
 0.9999632  0.99995714 0.99995226 0.99994856 0.9999462  0.99994516
 0.99994534 0.9999466  0.999949   0.9999521  0.99995583 0.99996
 0.9999644  0.9999688  0.9999729  0.9999765  0.99997956 0.9999818
 0.9999833  0.9999839  0.99998367 0.9999828  0.9999812  0.99997926
 0.99997705 0.9999747  0.9999726  0.99997073 0.99996936 0.9999686
 0.99996847 0.999969   0.9999702  0.99997205 0.9999743  0.999977
 0.9999798  0.9999826  0.9999853  0.99998754 0.99998933 0.99999046
 0.9999909  0.9999905  0.9999894  0.9999876  0.9999851  0.9999821
 0.9999788  0.9999752  0.99997175 0.9999684  0.99996555 0.9999632
 0.9999617  0.9999609  0.999961   0.99996203 0.9999639  0.9999665
 0.99996966 0.9999733  0.99997705 0.99998075 0.999984   0.9999866
 0.9999882  0.99998856 0.99998754 0.99998486 0.99998045 0.9999743
 0.99996644 0.9999571  0.99994636 0.99993473 0.9999225  0.9999103
 0.99989855 0.99988794 0.999879   0.9998724  0.99986863 0.9998681
 0.99987113 0.9998777  0.99988765 0.9999004  0.9999149  0.99992967
 0.9999426  0.99995077 0.9999506  0.9999374  0.9999056 ]","[[0.73034686 0.60912293 0.51730454 0.65532523 0.40277576 0.7318884
  0.72400236 0.514029   0.5587645  0.29796717 0.73393965 0.5442011
  0.73358685 0.6821778  0.52463    0.5419615  0.53914523 0.7129166 ]
 [0.29869404 3.5291066  6.093808   0.97777534 3.683454   3.677935
  1.6829695  2.463032   2.4998221  2.9552567  1.7319703  4.6790175
  6.1996927  1.3418903  2.6028576  5.543647   5.2534823  1.0557956 ]
 [0.98049825 0.7713906  4.222056   5.9726443  1.7054131  3.3768444
  5.9415402  0.04918545 5.378653   5.569132   0.89451987 4.6368012
  6.2688065  4.5795617  4.499698   1.6709659  0.79458106 3.0643823 ]]",trotter
501,1,7,False,"[1.         0.99999857 0.999993   0.999986   0.9999781  0.9999705
 0.9999633  0.9999572  0.99995226 0.99994874 0.9999464  0.9999454
 0.9999457  0.99994695 0.9999491  0.99995214 0.9999559  0.9999603
 0.9999644  0.99996895 0.99997294 0.99997663 0.99997944 0.9999817
 0.99998325 0.9999837  0.99998367 0.9999827  0.9999812  0.9999791
 0.99997675 0.9999744  0.99997205 0.99997026 0.9999689  0.99996793
 0.9999679  0.99996847 0.99996954 0.99997145 0.99997383 0.99997634
 0.99997914 0.99998176 0.9999846  0.99998665 0.9999884  0.99998957
 0.9999899  0.9999893  0.9999886  0.9999865  0.99998426 0.99998134
 0.9999779  0.9999743  0.9999708  0.99996775 0.9999651  0.9999626
 0.999961   0.9999605  0.99996054 0.9999614  0.99996316 0.99996585
 0.9999693  0.9999732  0.9999765  0.99998    0.99998355 0.99998635
 0.9999881  0.99998844 0.99998724 0.99998456 0.99998033 0.99997395
 0.9999665  0.99995697 0.999946   0.9999348  0.9999224  0.9999103
 0.9998983  0.9998876  0.9998789  0.99987185 0.99986815 0.9998676
 0.9998707  0.9998773  0.99988705 0.99990004 0.9999145  0.9999291
 0.99994224 0.9999507  0.99995023 0.999937   0.999905  ]","[[0.73034686 0.60912293 0.51730454 0.65532523 0.40277576 0.7318884
  0.72400236 0.514029   0.5587645  0.29796717 0.73393965 0.5442011
  0.73358685 0.6821778  0.52463    0.5419615  0.53914523 0.7129166 ]
 [0.29869404 3.5291066  6.093808   0.97777534 3.683454   3.677935
  1.6829695  2.463032   2.4998221  2.9552567  1.7319703  4.6790175
  6.1996927  1.3418903  2.6028576  5.543647   5.2534823  1.0557956 ]
 [0.98049825 0.7713906  4.222056   5.9726443  1.7054131  3.3768444
  5.9415402  0.04918545 5.378653   5.569132   0.89451987 4.6368012
  6.2688065  4.5795617  4.499698   1.6709659  0.79458106 3.0643823 ]]",trotter
502,2,7,True,"[1.         0.9999937  0.99997777 0.99995625 0.9999324  0.9999087
 0.999887   0.9998687  0.9998546  0.9998452  0.9998406  0.9998406
 0.99984485 0.99985266 0.99986345 0.99987644 0.99989086 0.9999059
 0.99992085 0.9999351  0.99994797 0.99995923 0.9999684  0.9999753
 0.9999801  0.99998254 0.999983   0.99998164 0.99997884 0.9999749
 0.9999702  0.9999652  0.99996024 0.99995565 0.99995166 0.9999486
 0.99994665 0.9999458  0.9999461  0.9999475  0.9999498  0.999953
 0.9999567  0.9999608  0.9999649  0.9999689  0.99997246 0.9999754
 0.9999775  0.9999787  0.999979   0.9999783  0.9999767  0.99997425
 0.9999712  0.9999677  0.99996394 0.99996024 0.99995685 0.9999539
 0.9999517  0.99995047 0.9999501  0.99995077 0.99995244 0.999955
 0.9999583  0.9999619  0.9999657  0.99996924 0.9999721  0.9999738
 0.99997395 0.99997216 0.99996805 0.9999614  0.9999519  0.9999396
 0.99992466 0.99990726 0.9998877  0.99986666 0.9998449  0.9998232
 0.9998026  0.99978405 0.99976856 0.9997572  0.9997506  0.9997494
 0.9997539  0.99976367 0.99977785 0.99979466 0.99981165 0.9998249
 0.99982935 0.9998185  0.99978405 0.9997158  0.9996016 ]","[[0.7252172  0.59608936 0.37918982 0.5700479  0.5216559  0.691299
  0.4770859  0.46917462 0.352875   0.3028768  0.37375042 0.4080538
  0.3678206  0.51377714 0.64265674 0.3756007  0.52014047 0.526707  ]
 [2.065607   0.43446982 2.9325619  0.20199272 5.397355   2.9042678
  3.0466504  4.6226096  4.143158   1.4976629  3.8986483  2.9201105
  4.7224417  5.9406095  3.7104862  4.792832   6.210721   5.900136  ]
 [3.4108784  4.4259734  0.8238727  3.9529161  3.0141547  0.6346991
  0.9204032  2.4521787  4.1229053  1.5999397  5.4012594  5.2994814
  3.8884568  2.3796093  0.5378126  0.48854154 0.23905797 5.4351225 ]]",trotter
503,3,7,False,"[1.         0.9999942  0.9999783  0.9999565  0.9999325  0.999909
 0.9998872  0.99986875 0.99985474 0.99984527 0.99984056 0.9998405
 0.99984485 0.9998531  0.9998638  0.999877   0.99989116 0.9999063
 0.9999213  0.9999354  0.9999482  0.9999593  0.99996847 0.9999756
 0.99998015 0.9999826  0.9999831  0.9999815  0.99997884 0.99997497
 0.99997    0.99996513 0.9999601  0.9999552  0.99995136 0.9999483
 0.999946   0.99994534 0.9999457  0.999947   0.9999493  0.99995255
 0.9999563  0.99996036 0.9999644  0.99996823 0.9999717  0.9999745
 0.9999769  0.9999781  0.9999785  0.9999776  0.99997616 0.99997365
 0.9999706  0.9999673  0.99996334 0.9999596  0.99995625 0.9999532
 0.99995106 0.99994975 0.9999492  0.99995    0.9999516  0.99995416
 0.9999574  0.9999612  0.99996495 0.9999685  0.9999713  0.999973
 0.9999734  0.9999714  0.9999676  0.9999608  0.9999511  0.99993885
 0.99992394 0.99990654 0.9998867  0.9998657  0.9998443  0.9998224
 0.9998016  0.99978334 0.9997678  0.9997562  0.9997498  0.99974895
 0.9997534  0.999763   0.99977714 0.9997942  0.99981105 0.9998244
 0.9998291  0.9998179  0.9997836  0.9997156  0.9996015 ]","[[0.7252172  0.59608936 0.37918982 0.5700479  0.5216559  0.691299
  0.4770859  0.46917462 0.352875   0.3028768  0.37375042 0.4080538
  0.3678206  0.51377714 0.64265674 0.3756007  0.52014047 0.526707  ]
 [2.065607   0.43446982 2.9325619  0.20199272 5.397355   2.9042678
  3.0466504  4.6226096  4.143158   1.4976629  3.8986483  2.9201105
  4.7224417  5.9406095  3.7104862  4.792832   6.210721   5.900136  ]
 [3.4108784  4.4259734  0.8238727  3.9529161  3.0141547  0.6346991
  0.9204032  2.4521787  4.1229053  1.5999397  5.4012594  5.2994814
  3.8884568  2.3796093  0.5378126  0.48854154 0.23905797 5.4351225 ]]",trotter
504,4,7,True,"[1.         0.99999654 0.9999879  0.9999765  0.9999641  0.999952
 0.99994123 0.99993217 0.9999254  0.99992085 0.9999186  0.9999184
 0.9999201  0.9999234  0.99992794 0.9999333  0.99993926 0.9999455
 0.9999517  0.99995774 0.9999633  0.99996823 0.9999725  0.9999761
 0.9999789  0.99998087 0.99998224 0.99998283 0.999983   0.9999827
 0.99998206 0.99998116 0.9999802  0.9999793  0.9999785  0.9999779
 0.9999776  0.9999776  0.99997795 0.9999786  0.9999797  0.999981
 0.9999825  0.99998415 0.9999859  0.99998754 0.99998903 0.9999903
 0.99999124 0.9999917  0.9999918  0.9999913  0.9999904  0.999989
 0.9999872  0.99998516 0.9999829  0.9999806  0.99997836 0.99997646
 0.99997485 0.99997383 0.9999734  0.9999737  0.99997467 0.9999763
 0.9999784  0.999981   0.99998367 0.9999862  0.9999882  0.99998933
 0.9999891  0.9999872  0.9999831  0.99997646 0.99996704 0.9999546
 0.9999391  0.9999206  0.99989945 0.9998761  0.999851   0.9998252
 0.99979967 0.9997756  0.9997543  0.99973714 0.9997255  0.9997207
 0.99972355 0.9997349  0.9997547  0.99978256 0.9998168  0.9998546
 0.99989206 0.99992317 0.9999401  0.9999326  0.99988776]","[[0.45766553 0.25413048 0.29979792 0.68289214 0.7072965  0.40336898
  0.353809   0.2871371  0.5684354  0.65094393 0.63410324 0.7028258
  0.2568421  0.7048856  0.35033607 0.72280383 0.2543145  0.42994213]
 [1.4178139  5.69386    6.1237674  4.7886     2.6468332  5.892059
  1.9969572  3.6455057  3.8676138  5.5783353  3.5296803  4.0571547
  1.2129514  6.132236   4.154251   0.792306   1.9046875  1.921989  ]
 [5.0379033  5.3602686  5.42542    4.64301    0.03266128 0.88771045
  2.2889123  0.9998471  0.25376627 0.09925823 1.5711887  1.029522
  5.4828067  4.749654   1.8862104  1.1512241  4.9965844  3.3524952 ]]",trotter
505,5,7,False,"[1.         0.9999972  0.99998826 0.99997675 0.9999644  0.999952
 0.99994093 0.99993193 0.9999251  0.9999207  0.99991864 0.9999186
 0.9999203  0.9999236  0.9999283  0.9999335  0.99993944 0.99994576
 0.99995196 0.99995786 0.99996334 0.9999684  0.99997264 0.99997604
 0.99997896 0.99998087 0.99998254 0.99998283 0.9999829  0.99998254
 0.9999818  0.9999808  0.9999799  0.9999789  0.99997777 0.99997735
 0.9999769  0.99997693 0.99997735 0.99997795 0.99997884 0.99998045
 0.9999817  0.99998343 0.9999851  0.9999867  0.999988   0.99998933
 0.99999017 0.99999064 0.9999908  0.9999902  0.99998957 0.9999882
 0.9999862  0.9999841  0.99998206 0.9999797  0.9999777  0.9999757
 0.999974   0.9999729  0.99997246 0.99997246 0.9999738  0.9999754
 0.9999775  0.9999803  0.9999831  0.9999854  0.99998736 0.99998844
 0.99998814 0.99998635 0.9999822  0.99997556 0.99996626 0.9999538
 0.9999386  0.99992007 0.99989885 0.9998756  0.9998505  0.999825
 0.99979925 0.9997751  0.99975395 0.9997367  0.9997251  0.99972063
 0.99972343 0.9997345  0.99975437 0.99978215 0.99981606 0.999854
 0.9998916  0.9999227  0.99994004 0.9999323  0.9998874 ]","[[0.45766553 0.25413048 0.29979792 0.68289214 0.7072965  0.40336898
  0.353809   0.2871371  0.5684354  0.65094393 0.63410324 0.7028258
  0.2568421  0.7048856  0.35033607 0.72280383 0.2543145  0.42994213]
 [1.4178139  5.69386    6.1237674  4.7886     2.6468332  5.892059
  1.9969572  3.6455057  3.8676138  5.5783353  3.5296803  4.0571547
  1.2129514  6.132236   4.154251   0.792306   1.9046875  1.921989  ]
 [5.0379033  5.3602686  5.42542    4.64301    0.03266128 0.88771045
  2.2889123  0.9998471  0.25376627 0.09925823 1.5711887  1.029522
  5.4828067  4.749654   1.8862104  1.1512241  4.9965844  3.3524952 ]]",trotter
506,6,7,True,"[1.         0.99998397 0.9999414  0.9998797  0.99980557 0.99972486
 0.99964243 0.9995625  0.99948853 0.99942315 0.99936837 0.9993255
 0.9992954  0.99927837 0.99927413 0.9992821  0.99930143 0.9993308
 0.9993689  0.9994141  0.99946463 0.9995189  0.999575   0.9996315
 0.99968666 0.99973905 0.99978745 0.9998306  0.9998677  0.9998981
 0.99992126 0.9999369  0.9999451  0.99994606 0.9999401  0.9999278
 0.99991    0.9998874  0.9998611  0.99983215 0.9998016  0.9997705
 0.99974006 0.9997113  0.99968505 0.99966234 0.99964386 0.99963015
 0.9996217  0.99961877 0.9996215  0.99962974 0.99964315 0.99966145
 0.9996839  0.99970984 0.99973834 0.9997685  0.9997992  0.9998294
 0.9998579  0.9998838  0.9999058  0.9999232  0.9999351  0.99994075
 0.9999397  0.9999315  0.99991626 0.999894   0.9998652  0.9998303
 0.9997904  0.9997463  0.99969953 0.9996515  0.9996038  0.9995582
 0.9995165  0.9994805  0.99945176 0.9994321  0.99942267 0.9994246
 0.9994386  0.99946463 0.99950254 0.999551   0.9996083  0.9996716
 0.999737   0.99979997 0.99985427 0.99989265 0.99990654 0.9998858
 0.9998189  0.9996928  0.9994926  0.9992021  0.9988032 ]","[[0.5988876  0.48105463 0.5800223  0.28551295 0.5265207  0.5085039
  0.4153116  0.52724564 0.52857393 0.732456   0.7290566  0.5146651
  0.53572965 0.37976548 0.70108235 0.31693327 0.67657995 0.28457677]
 [1.9798374  3.1005664  3.7682624  2.4695513  0.8919965  5.593739
  2.019546   0.7131938  1.2815415  3.3495283  2.767077   6.0136523
  5.686647   2.2284005  0.13872972 1.0014695  2.3719172  4.2766657 ]
 [0.24037096 1.765418   5.729841   3.4847424  6.2235575  0.20774117
  4.1425643  0.7280037  2.7096627  3.9554381  2.1277173  3.175383
  1.6014884  2.7483037  3.478509   4.233514   2.0065968  0.6767294 ]]",trotter
507,7,7,False,"[1.         0.9999849  0.99994177 0.99988025 0.999806   0.9997249
 0.99964255 0.9995626  0.99948853 0.9994232  0.9993685  0.9993258
 0.9992956  0.9992785  0.99927443 0.9992824  0.99930155 0.9993309
 0.9993691  0.999414   0.99946475 0.999519   0.99957526 0.99963164
 0.99968666 0.99973905 0.9997875  0.99983066 0.9998678  0.99989814
 0.9999212  0.9999368  0.9999449  0.9999459  0.99993986 0.99992764
 0.9999096  0.9998871  0.99986064 0.9998317  0.9998009  0.99977005
 0.9997395  0.9997106  0.9996845  0.99966174 0.99964327 0.9996294
 0.99962085 0.999618   0.9996207  0.99962896 0.99964225 0.9996608
 0.99968314 0.9997091  0.9997376  0.9997678  0.99979836 0.99982846
 0.9998569  0.99988294 0.99990493 0.99992234 0.9999341  0.9999398
 0.99993885 0.9999306  0.9999153  0.999893   0.9998644  0.9998296
 0.99978966 0.9997456  0.9996989  0.9996507  0.999603   0.99955744
 0.9995157  0.9994795  0.9994506  0.99943125 0.9994222  0.9994241
 0.9994381  0.99946433 0.9995022  0.99955064 0.999608   0.9996712
 0.9997365  0.9997994  0.99985397 0.99989223 0.9999063  0.99988574
 0.9998188  0.9996928  0.9994925  0.99920195 0.99880266]","[[0.5988876  0.48105463 0.5800223  0.28551295 0.5265207  0.5085039
  0.4153116  0.52724564 0.52857393 0.732456   0.7290566  0.5146651
  0.53572965 0.37976548 0.70108235 0.31693327 0.67657995 0.28457677]
 [1.9798374  3.1005664  3.7682624  2.4695513  0.8919965  5.593739
  2.019546   0.7131938  1.2815415  3.3495283  2.767077   6.0136523
  5.686647   2.2284005  0.13872972 1.0014695  2.3719172  4.2766657 ]
 [0.24037096 1.765418   5.729841   3.4847424  6.2235575  0.20774117
  4.1425643  0.7280037  2.7096627  3.9554381  2.1277173  3.175383
  1.6014884  2.7483037  3.478509   4.233514   2.0065968  0.6767294 ]]",trotter
508,8,7,True,"[1.         0.9999983  0.99999374 0.9999871  0.9999791  0.99997014
 0.9999609  0.9999519  0.9999435  0.9999363  0.9999305  0.9999264
 0.9999242  0.9999239  0.99992555 0.99992883 0.9999336  0.9999395
 0.999946   0.9999528  0.99995935 0.9999653  0.99997026 0.99997395
 0.9999763  0.9999771  0.9999764  0.9999744  0.9999714  0.9999675
 0.9999631  0.99995863 0.9999544  0.99995065 0.9999478  0.99994594
 0.9999452  0.9999459  0.9999477  0.99995077 0.99995476 0.99995947
 0.9999648  0.9999703  0.99997574 0.9999808  0.99998534 0.99998903
 0.9999918  0.99999344 0.99999404 0.99999356 0.9999921  0.99998987
 0.99998695 0.99998367 0.9999803  0.999977   0.9999741  0.9999718
 0.99997026 0.99996966 0.9999701  0.99997145 0.9999737  0.99997675
 0.9999803  0.999984   0.9999876  0.99999064 0.9999927  0.99999344
 0.9999923  0.9999891  0.9999833  0.99997497 0.9999638  0.9999499
 0.99993336 0.9999146  0.999894   0.9998723  0.9998502  0.9998286
 0.99980843 0.99979085 0.99977684 0.9997675  0.99976355 0.9997658
 0.99977463 0.9997901  0.99981165 0.9998383  0.99986815 0.9998986
 0.999926   0.9999455  0.999951   0.9999351  0.99988866]","[[0.73888224 0.5610162  0.5083971  0.6588038  0.5805092  0.33789062
  0.57850564 0.5214908  0.7232297  0.52240175 0.7365952  0.37946147
  0.70606863 0.7264101  0.58370197 0.73964655 0.47685257 0.58196855]
 [0.9779415  2.949491   5.6236625  0.24064025 4.117661   4.403721
  4.3258715  5.607742   5.6864676  4.1996207  2.505807   1.6271571
  4.0822935  4.2253065  4.717748   2.2950146  3.9174426  1.395526  ]
 [6.153801   1.5987684  2.4769657  3.3729458  5.725848   6.129999
  3.0889475  0.08024308 0.08968716 2.8147447  1.1287796  0.27656242
  2.8367286  5.3748937  4.5684013  0.6219319  0.8574262  0.773201  ]]",trotter
509,9,7,False,"[1.         0.999999   0.9999941  0.9999876  0.99997926 0.9999703
 0.999961   0.99995184 0.9999435  0.9999364  0.9999306  0.9999265
 0.9999243  0.99992436 0.9999259  0.99992925 0.99993414 0.9999397
 0.99994624 0.99995285 0.9999594  0.9999653  0.9999704  0.9999742
 0.9999764  0.99997705 0.99997646 0.99997437 0.9999712  0.9999674
 0.99996287 0.9999582  0.999954   0.9999504  0.9999474  0.9999456
 0.9999447  0.9999454  0.9999471  0.99995    0.999954   0.99995846
 0.9999638  0.99996936 0.9999748  0.9999798  0.9999844  0.99998826
 0.999991   0.99999285 0.9999933  0.99999267 0.9999912  0.99998903
 0.999986   0.9999826  0.99997926 0.9999759  0.99997354 0.99997085
 0.99996954 0.99996924 0.9999697  0.9999708  0.999973   0.9999762
 0.9999797  0.9999837  0.9999871  0.9999903  0.99999225 0.99999297
 0.9999915  0.9999883  0.9999828  0.99997425 0.9999632  0.99994934
 0.9999328  0.999914   0.99989325 0.99987197 0.9998497  0.9998281
 0.999808   0.9997905  0.99977666 0.9997674  0.99976355 0.9997656
 0.9997745  0.9997898  0.9998111  0.99983793 0.999868   0.99989814
 0.99992615 0.99994504 0.99995065 0.9999346  0.9998885 ]","[[0.73888224 0.5610162  0.5083971  0.6588038  0.5805092  0.33789062
  0.57850564 0.5214908  0.7232297  0.52240175 0.7365952  0.37946147
  0.70606863 0.7264101  0.58370197 0.73964655 0.47685257 0.58196855]
 [0.9779415  2.949491   5.6236625  0.24064025 4.117661   4.403721
  4.3258715  5.607742   5.6864676  4.1996207  2.505807   1.6271571
  4.0822935  4.2253065  4.717748   2.2950146  3.9174426  1.395526  ]
 [6.153801   1.5987684  2.4769657  3.3729458  5.725848   6.129999
  3.0889475  0.08024308 0.08968716 2.8147447  1.1287796  0.27656242
  2.8367286  5.3748937  4.5684013  0.6219319  0.8574262  0.773201  ]]",trotter
510,10,7,True,"[1.         0.9999974  0.9999912  0.9999831  0.99997455 0.9999665
 0.9999595  0.99995416 0.99995047 0.99994844 0.9999481  0.99994916
 0.9999514  0.9999546  0.99995846 0.99996275 0.9999672  0.9999716
 0.9999758  0.9999796  0.99998295 0.99998575 0.9999879  0.99998945
 0.99999034 0.9999907  0.9999906  0.99999    0.9999891  0.9999879
 0.9999866  0.9999853  0.99998397 0.9999828  0.9999818  0.9999811
 0.9999807  0.9999806  0.99998087 0.99998134 0.99998206 0.999983
 0.999984   0.9999851  0.9999862  0.99998707 0.9999877  0.9999881
 0.9999882  0.99998784 0.9999871  0.99998605 0.9999846  0.99998295
 0.9999811  0.99997914 0.99997723 0.99997544 0.9999739  0.9999727
 0.99997205 0.9999718  0.9999722  0.9999732  0.9999746  0.99997646
 0.9999786  0.9999809  0.99998313 0.9999851  0.9999865  0.9999872
 0.99998677 0.99998516 0.99998206 0.99997735 0.99997103 0.999963
 0.9999533  0.9999423  0.9999301  0.9999171  0.99990374 0.9998907
 0.9998784  0.9998677  0.99985915 0.99985343 0.99985117 0.9998528
 0.99985856 0.99986845 0.99988216 0.9998988  0.99991703 0.9999347
 0.99994886 0.9999558  0.99995023 0.9999259  0.99987495]","[[0.5215437  0.5462436  0.31009543 0.5905916  0.61484367 0.32644272
  0.6059204  0.5582222  0.49302733 0.4813697  0.5159002  0.5174687
  0.49168423 0.72762877 0.39181492 0.42327    0.6782931  0.3389297 ]
 [5.4411902  5.795575   4.573705   6.252188   0.29450715 2.513814
  5.528298   0.8362329  5.0236998  2.1302102  4.788454   0.932288
  2.785772   1.9753618  2.392187   5.3503404  5.361707   3.6474533 ]
 [4.3912735  4.377142   5.041896   4.265419   2.8186946  3.2594452
  3.6921167  3.8283298  4.2013755  5.047963   5.8865557  5.737959
  3.7360997  1.058222   1.1830579  0.27804124 4.150366   0.17302874]]",trotter
511,11,7,False,"[1.         0.9999979  0.99999166 0.9999833  0.99997485 0.9999666
 0.9999595  0.999954   0.99995035 0.99994844 0.99994814 0.9999494
 0.9999517  0.999955   0.999959   0.9999632  0.9999675  0.99997187
 0.9999759  0.99997985 0.9999832  0.99998605 0.99998796 0.99998945
 0.9999903  0.9999907  0.9999905  0.9999898  0.99998903 0.9999877
 0.9999863  0.99998486 0.99998343 0.9999823  0.9999814  0.9999807
 0.99998045 0.9999802  0.9999805  0.999981   0.9999816  0.99998266
 0.9999836  0.9999845  0.9999856  0.99998635 0.9999869  0.9999873
 0.9999874  0.99998707 0.9999864  0.9999852  0.99998367 0.99998194
 0.99998033 0.99997807 0.9999762  0.9999744  0.99997276 0.9999716
 0.9999711  0.9999707  0.99997133 0.999972   0.9999737  0.9999755
 0.9999776  0.99998    0.9999822  0.9999841  0.99998564 0.9999866
 0.9999862  0.9999843  0.9999814  0.9999765  0.9999704  0.9999622
 0.999953   0.99994195 0.9999296  0.99991655 0.99990326 0.9998904
 0.9998781  0.9998676  0.9998591  0.99985313 0.999851   0.99985236
 0.999858   0.9998681  0.999882   0.9998988  0.99991685 0.9999346
 0.9999487  0.99995565 0.99995    0.99992585 0.99987495]","[[0.5215437  0.5462436  0.31009543 0.5905916  0.61484367 0.32644272
  0.6059204  0.5582222  0.49302733 0.4813697  0.5159002  0.5174687
  0.49168423 0.72762877 0.39181492 0.42327    0.6782931  0.3389297 ]
 [5.4411902  5.795575   4.573705   6.252188   0.29450715 2.513814
  5.528298   0.8362329  5.0236998  2.1302102  4.788454   0.932288
  2.785772   1.9753618  2.392187   5.3503404  5.361707   3.6474533 ]
 [4.3912735  4.377142   5.041896   4.265419   2.8186946  3.2594452
  3.6921167  3.8283298  4.2013755  5.047963   5.8865557  5.737959
  3.7360997  1.058222   1.1830579  0.27804124 4.150366   0.17302874]]",trotter
512,12,7,True,"[1.         0.9999905  0.999967   0.9999355  0.999901   0.9998671
 0.9998363  0.99981064 0.9997909  0.9997777  0.99977094 0.99977034
 0.9997753  0.9997849  0.9997983  0.9998145  0.9998326  0.99985164
 0.9998709  0.9998895  0.9999069  0.99992263 0.9999364  0.99994785
 0.9999571  0.99996394 0.9999685  0.9999712  0.99997216 0.9999717
 0.99997014 0.9999679  0.99996513 0.99996245 0.99995995 0.9999579
 0.9999566  0.9999561  0.9999565  0.99995774 0.9999598  0.99996275
 0.9999662  0.9999701  0.99997413 0.9999782  0.999982   0.9999853
 0.99998784 0.9999895  0.9999902  0.99998975 0.99998814 0.99998546
 0.99998164 0.999977   0.9999715  0.9999656  0.9999594  0.99995327
 0.9999475  0.99994236 0.99993813 0.99993503 0.9999333  0.99993306
 0.9999344  0.9999372  0.99994147 0.9999469  0.9999534  0.9999605
 0.99996775 0.99997485 0.9999812  0.9999864  0.9999899  0.9999913
 0.9999903  0.9999866  0.99998015 0.9999709  0.9999592  0.9999452
 0.9999298  0.99991345 0.9998972  0.99988204 0.999869   0.9998593
 0.9998538  0.9998535  0.99985886 0.99987    0.99988645 0.9999069
 0.9999291  0.9999496  0.99996346 0.99996424 0.9999433 ]","[[0.50871813 0.44442493 0.6937886  0.7037134  0.43539262 0.60933965
  0.40612042 0.5475116  0.6161434  0.5926191  0.4845839  0.31207752
  0.70029974 0.27252254 0.29265225 0.30240244 0.7045105  0.62555933]
 [2.3051157  5.077619   5.488885   2.8668156  2.5173142  2.3896058
  6.2278357  3.5444112  6.2247915  1.5650712  1.1552212  0.30337343
  1.7536211  1.6882447  2.5393772  3.5357919  3.3544858  2.9046805 ]
 [3.2484176  1.4297503  5.5709863  0.3581578  5.131523   0.9052745
  4.5549006  1.2935905  5.214685   0.63218606 0.57314026 0.11815967
  4.0548887  0.06077995 4.216287   2.3717144  0.00856788 2.7739375 ]]",trotter
513,13,7,False,"[1.         0.9999913  0.99996746 0.99993587 0.9999014  0.9998672
 0.9998364  0.99981064 0.9997909  0.99977785 0.9997712  0.9997705
 0.9997756  0.9997852  0.9997985  0.9998148  0.999833   0.9998521
 0.99987113 0.9998897  0.999907   0.9999229  0.99993664 0.99994814
 0.99995726 0.999964   0.9999685  0.9999712  0.99997205 0.9999717
 0.99997026 0.9999679  0.9999651  0.9999621  0.9999596  0.9999575
 0.9999561  0.9999554  0.9999557  0.9999569  0.9999588  0.9999616
 0.9999651  0.99996877 0.99997294 0.99997705 0.9999809  0.9999842
 0.99998665 0.9999885  0.999989   0.9999884  0.99998665 0.999984
 0.99998015 0.99997556 0.99997026 0.99996424 0.99995804 0.99995196
 0.99994636 0.9999413  0.9999368  0.999934   0.99993205 0.99993217
 0.99993336 0.9999365  0.99994063 0.99994624 0.99995244 0.99995995
 0.9999673  0.9999746  0.9999809  0.99998605 0.9999894  0.9999907
 0.9999901  0.9999861  0.99998    0.9999708  0.999959   0.99994504
 0.99992955 0.99991333 0.99989706 0.99988204 0.99986863 0.999859
 0.9998538  0.9998535  0.99985844 0.9998696  0.999886   0.99990624
 0.99992865 0.9999493  0.99996287 0.9999635  0.9999431 ]","[[0.50871813 0.44442493 0.6937886  0.7037134  0.43539262 0.60933965
  0.40612042 0.5475116  0.6161434  0.5926191  0.4845839  0.31207752
  0.70029974 0.27252254 0.29265225 0.30240244 0.7045105  0.62555933]
 [2.3051157  5.077619   5.488885   2.8668156  2.5173142  2.3896058
  6.2278357  3.5444112  6.2247915  1.5650712  1.1552212  0.30337343
  1.7536211  1.6882447  2.5393772  3.5357919  3.3544858  2.9046805 ]
 [3.2484176  1.4297503  5.5709863  0.3581578  5.131523   0.9052745
  4.5549006  1.2935905  5.214685   0.63218606 0.57314026 0.11815967
  4.0548887  0.06077995 4.216287   2.3717144  0.00856788 2.7739375 ]]",trotter
514,14,7,True,"[1.         0.9999986  0.9999952  0.9999904  0.999985   0.9999793
 0.999974   0.99996924 0.9999653  0.9999623  0.9999603  0.99995935
 0.9999595  0.99996054 0.99996245 0.9999651  0.99996823 0.9999717
 0.9999754  0.9999791  0.99998266 0.99998593 0.99998885 0.9999912
 0.999993   0.9999944  0.99999505 0.99999535 0.99999505 0.9999944
 0.9999935  0.99999243 0.9999913  0.99999017 0.9999893  0.9999885
 0.999988   0.99998784 0.9999881  0.9999886  0.99998945 0.99999046
 0.9999918  0.99999315 0.99999446 0.99999577 0.99999696 0.99999774
 0.9999984  0.99999857 0.9999984  0.99999785 0.99999696 0.99999577
 0.99999434 0.9999927  0.9999912  0.99998957 0.9999882  0.9999871
 0.99998635 0.999986   0.9999861  0.9999867  0.9999877  0.9999891
 0.9999907  0.9999924  0.999994   0.99999523 0.999996   0.99999595
 0.9999949  0.9999926  0.99998885 0.99998355 0.99997663 0.9999681
 0.999958   0.9999465  0.9999337  0.9999203  0.99990654 0.999893
 0.9998803  0.99986905 0.99986005 0.9998538  0.999851   0.9998521
 0.99985737 0.99986696 0.9998806  0.9998977  0.99991727 0.99993753
 0.9999564  0.99997085 0.9999771  0.9999705  0.99994534]","[[0.28976586 0.3132396  0.33713296 0.5373822  0.35675797 0.6206134
  0.46872145 0.32440677 0.3415973  0.5031561  0.40278733 0.48579603
  0.7005722  0.5014916  0.49539086 0.5835197  0.42962414 0.28947535]
 [2.4563081  2.574542   2.7598226  0.02333512 2.0139768  3.13341
  2.4549835  4.2744775  4.506183   5.267477   3.45398    1.9381353
  1.4991232  5.9436197  5.480107   2.76016    0.2893277  0.6140716 ]
 [3.4108832  0.6331224  5.2074656  5.636768   4.2911158  4.7097197
  0.04391353 3.9897456  2.7246366  6.18374    0.01083226 1.191297
  2.6429887  6.0654182  6.246498   1.9404253  5.9817247  0.76581675]]",trotter
515,15,7,False,"[1.         0.9999997  0.9999957  0.9999909  0.99998534 0.9999798
 0.9999743  0.99996954 0.9999655  0.99996233 0.9999603  0.99995947
 0.99995947 0.9999606  0.9999627  0.99996537 0.99996835 0.9999719
 0.9999756  0.9999794  0.9999829  0.9999863  0.9999891  0.9999915
 0.99999326 0.99999464 0.99999547 0.9999954  0.99999505 0.9999945
 0.9999936  0.9999923  0.9999912  0.99999005 0.9999892  0.99998844
 0.99998796 0.9999878  0.9999879  0.9999886  0.9999893  0.99999017
 0.9999915  0.99999267 0.99999416 0.99999535 0.9999964  0.99999726
 0.99999785 0.99999815 0.99999785 0.99999744 0.9999965  0.99999547
 0.99999386 0.9999923  0.99999046 0.99998885 0.9999875  0.9999863
 0.99998534 0.99998516 0.9999852  0.9999858  0.9999869  0.9999881
 0.9999897  0.9999914  0.999993   0.9999944  0.99999493 0.9999951
 0.99999404 0.9999918  0.99998814 0.99998266 0.9999757  0.99996716
 0.9999569  0.9999453  0.9999325  0.9999192  0.9999054  0.9998919
 0.99987966 0.99986833 0.9998596  0.99985325 0.99985045 0.99985176
 0.99985695 0.9998667  0.9998802  0.9998975  0.99991703 0.99993706
 0.9999561  0.9999703  0.9999768  0.99997    0.999945  ]","[[0.28976586 0.3132396  0.33713296 0.5373822  0.35675797 0.6206134
  0.46872145 0.32440677 0.3415973  0.5031561  0.40278733 0.48579603
  0.7005722  0.5014916  0.49539086 0.5835197  0.42962414 0.28947535]
 [2.4563081  2.574542   2.7598226  0.02333512 2.0139768  3.13341
  2.4549835  4.2744775  4.506183   5.267477   3.45398    1.9381353
  1.4991232  5.9436197  5.480107   2.76016    0.2893277  0.6140716 ]
 [3.4108832  0.6331224  5.2074656  5.636768   4.2911158  4.7097197
  0.04391353 3.9897456  2.7246366  6.18374    0.01083226 1.191297
  2.6429887  6.0654182  6.246498   1.9404253  5.9817247  0.76581675]]",trotter
516,16,7,True,"[1.         0.9999944  0.9999803  0.9999609  0.99993896 0.9999167
 0.9998956  0.9998768  0.9998611  0.999849   0.9998406  0.99983597
 0.99983484 0.999837   0.99984187 0.9998492  0.9998584  0.9998689
 0.9998805  0.9998925  0.99990463 0.99991643 0.9999278  0.9999383
 0.9999479  0.99995637 0.99996364 0.9999698  0.9999748  0.9999786
 0.9999814  0.99998325 0.99998426 0.99998456 0.9999843  0.99998355
 0.9999824  0.9999811  0.9999796  0.99997795 0.9999764  0.9999748
 0.99997336 0.9999719  0.9999706  0.9999694  0.99996835 0.9999674
 0.99996656 0.99996585 0.99996513 0.9999646  0.99996406 0.99996376
 0.99996346 0.99996334 0.9999634  0.99996364 0.99996406 0.9999647
 0.9999656  0.9999667  0.99996793 0.99996936 0.9999709  0.9999725
 0.9999741  0.9999755  0.99997675 0.9999776  0.9999779  0.9999776
 0.9999765  0.99997455 0.9999716  0.9999676  0.99996245 0.9999562
 0.9999489  0.9999407  0.99993175 0.9999223  0.9999127  0.9999033
 0.9998946  0.9998871  0.99988127 0.99987763 0.99987656 0.9998785
 0.9998837  0.9998921  0.99990344 0.99991703 0.9999317  0.9999457
 0.99995637 0.9999604  0.9999533  0.99992937 0.9998813 ]","[[0.44735223 0.5793235  0.59979093 0.6601658  0.40874425 0.6505174
  0.38076654 0.30306268 0.71195626 0.56793004 0.64771754 0.3970262
  0.6264784  0.5118051  0.29441342 0.7330891  0.68129325 0.37122142]
 [5.4250736  0.06097907 2.6075268  5.8666296  5.0127544  0.5687667
  1.4897376  4.408106   4.588474   4.907393   0.72299165 4.0971813
  0.18269967 3.1043937  1.9804662  1.1063365  4.821783   0.2386314 ]
 [6.162904   5.1662097  3.3960376  1.4682304  5.7094154  5.6073737
  0.90220153 3.115619   5.824565   0.3032512  2.3500652  3.5072937
  3.7530966  5.7871704  0.1470711  4.7418485  4.4079485  3.8165793 ]]",trotter
517,17,7,False,"[1.         0.9999952  0.9999808  0.99996114 0.9999391  0.999917
 0.99989563 0.9998769  0.9998611  0.99984896 0.9998407  0.9998361
 0.99983495 0.99983716 0.99984217 0.9998494  0.9998588  0.9998693
 0.9998807  0.9998927  0.99990475 0.99991643 0.9999279  0.9999385
 0.9999481  0.9999563  0.9999637  0.9999697  0.9999747  0.9999785
 0.9999813  0.999983   0.9999841  0.9999842  0.9999839  0.9999831
 0.9999821  0.9999807  0.999979   0.99997735 0.9999758  0.9999743
 0.9999727  0.9999712  0.9999699  0.99996865 0.99996805 0.9999672
 0.9999659  0.99996513 0.9999645  0.99996394 0.9999635  0.9999632
 0.99996287 0.99996275 0.99996275 0.9999628  0.9999633  0.9999637
 0.99996454 0.9999657  0.99996686 0.9999683  0.99996984 0.9999713
 0.9999731  0.99997467 0.99997604 0.9999769  0.9999773  0.99997693
 0.999976   0.9999738  0.99997085 0.9999668  0.9999621  0.9999557
 0.9999482  0.9999399  0.99993134 0.9999216  0.9999121  0.99990284
 0.99989426 0.99988663 0.99988043 0.9998773  0.9998762  0.99987835
 0.9998832  0.9998916  0.99990314 0.9999164  0.99993116 0.99994516
 0.99995595 0.9999602  0.9999528  0.9999292  0.99988073]","[[0.44735223 0.5793235  0.59979093 0.6601658  0.40874425 0.6505174
  0.38076654 0.30306268 0.71195626 0.56793004 0.64771754 0.3970262
  0.6264784  0.5118051  0.29441342 0.7330891  0.68129325 0.37122142]
 [5.4250736  0.06097907 2.6075268  5.8666296  5.0127544  0.5687667
  1.4897376  4.408106   4.588474   4.907393   0.72299165 4.0971813
  0.18269967 3.1043937  1.9804662  1.1063365  4.821783   0.2386314 ]
 [6.162904   5.1662097  3.3960376  1.4682304  5.7094154  5.6073737
  0.90220153 3.115619   5.824565   0.3032512  2.3500652  3.5072937
  3.7530966  5.7871704  0.1470711  4.7418485  4.4079485  3.8165793 ]]",trotter
518,18,7,True,"[1.         0.9999988  0.99999577 0.9999914  0.9999863  0.99998075
 0.9999752  0.99996996 0.9999652  0.99996096 0.99995756 0.999955
 0.9999533  0.99995255 0.99995255 0.9999533  0.9999548  0.99995697
 0.9999595  0.9999624  0.99996555 0.9999689  0.9999722  0.9999755
 0.9999786  0.99998146 0.9999841  0.99998635 0.9999883  0.9999899
 0.99999124 0.9999922  0.9999929  0.9999934  0.9999936  0.99999374
 0.99999374 0.9999936  0.99999344 0.9999932  0.99999297 0.9999928
 0.99999255 0.9999923  0.9999921  0.99999183 0.9999916  0.99999136
 0.99999106 0.99999076 0.9999904  0.9999901  0.9999897  0.9999894
 0.999989   0.99998873 0.9999885  0.99998826 0.9999882  0.99998826
 0.9999883  0.9999885  0.99998873 0.999989   0.99998915 0.99998933
 0.9999893  0.99998903 0.99998844 0.99998736 0.99998593 0.99998385
 0.9999812  0.9999778  0.99997383 0.9999692  0.9999639  0.99995804
 0.9999519  0.9999455  0.9999391  0.999933   0.99992746 0.9999227
 0.9999192  0.99991703 0.9999166  0.9999181  0.9999216  0.99992716
 0.99993455 0.99994344 0.9999532  0.9999629  0.99997133 0.9999768
 0.9999773  0.9999702  0.9999523  0.9999199  0.9998685 ]","[[0.65404385 0.46521682 0.42110986 0.5926369  0.71620995 0.3367521
  0.6176215  0.42715576 0.5507812  0.3881358  0.5071743  0.60982317
  0.27727866 0.7306775  0.50511    0.31919202 0.7019985  0.28643915]
 [1.2923776  3.131476   0.9597106  4.1654654  5.3572803  4.333444
  0.5850797  0.9860541  0.97698444 1.9471402  0.6240203  2.0163693
  4.427313   1.0641785  1.800986   2.6358674  0.77696127 4.535155  ]
 [0.40892944 3.6547673  5.802301   2.11323    3.0608306  2.232898
  3.774527   2.1016273  1.1197318  1.1017088  6.1381583  1.0499548
  4.8650794  5.2987676  1.3320093  0.30366766 1.1577678  1.2467525 ]]",trotter
519,19,7,False,"[1.         0.99999964 0.9999961  0.99999183 0.99998677 0.99998087
 0.99997526 0.9999698  0.999965   0.9999609  0.9999575  0.99995506
 0.99995357 0.99995273 0.9999528  0.99995375 0.99995524 0.9999571
 0.9999597  0.9999626  0.99996555 0.99996895 0.99997234 0.9999755
 0.99997866 0.99998146 0.99998397 0.99998623 0.9999882  0.99998975
 0.99999094 0.99999195 0.99999243 0.999993   0.9999931  0.9999931
 0.99999315 0.999993   0.9999927  0.9999924  0.9999921  0.9999917
 0.9999914  0.99999124 0.99999106 0.9999908  0.9999905  0.99999005
 0.99998975 0.99998945 0.99998915 0.99998873 0.99998826 0.9999878
 0.99998724 0.999987   0.99998665 0.99998695 0.999987   0.9999867
 0.999987   0.99998736 0.9999874  0.99998784 0.9999883  0.9999887
 0.99998844 0.99998844 0.99998796 0.99998707 0.9999859  0.99998343
 0.99998057 0.9999772  0.99997354 0.9999688  0.9999634  0.99995726
 0.99995124 0.9999448  0.9999385  0.99993247 0.9999268  0.999922
 0.9999186  0.9999164  0.999916   0.99991745 0.9999211  0.9999264
 0.99993426 0.9999435  0.99995327 0.9999628  0.99997115 0.999977
 0.9999772  0.9999701  0.9999523  0.99992    0.9998684 ]","[[0.65404385 0.46521682 0.42110986 0.5926369  0.71620995 0.3367521
  0.6176215  0.42715576 0.5507812  0.3881358  0.5071743  0.60982317
  0.27727866 0.7306775  0.50511    0.31919202 0.7019985  0.28643915]
 [1.2923776  3.131476   0.9597106  4.1654654  5.3572803  4.333444
  0.5850797  0.9860541  0.97698444 1.9471402  0.6240203  2.0163693
  4.427313   1.0641785  1.800986   2.6358674  0.77696127 4.535155  ]
 [0.40892944 3.6547673  5.802301   2.11323    3.0608306  2.232898
  3.774527   2.1016273  1.1197318  1.1017088  6.1381583  1.0499548
  4.8650794  5.2987676  1.3320093  0.30366766 1.1577678  1.2467525 ]]",trotter
520,20,7,True,"[1.         0.9999971  0.99998957 0.9999793  0.99996763 0.9999556
 0.99994403 0.9999336  0.9999248  0.99991775 0.9999127  0.9999096
 0.9999083  0.9999089  0.99991107 0.9999145  0.9999192  0.9999246
 0.9999307  0.9999372  0.9999438  0.99995035 0.9999567  0.99996275
 0.9999683  0.99997336 0.9999778  0.9999816  0.9999848  0.99998736
 0.9999894  0.9999909  0.9999919  0.99999255 0.99999285 0.9999929
 0.9999928  0.9999925  0.9999922  0.9999919  0.99999154 0.99999124
 0.99999106 0.99999094 0.999991   0.99999106 0.99999124 0.9999915
 0.9999917  0.999992   0.9999924  0.9999926  0.9999929  0.9999931
 0.99999326 0.9999933  0.9999934  0.99999326 0.99999315 0.99999297
 0.9999928  0.9999926  0.9999923  0.9999921  0.9999919  0.9999917
 0.9999916  0.99999136 0.99999124 0.99999106 0.9999909  0.9999906
 0.9999903  0.99998975 0.99998915 0.9999882  0.99998707 0.99998564
 0.99998397 0.99998194 0.9999797  0.9999772  0.9999744  0.9999716
 0.99996877 0.99996614 0.99996376 0.99996173 0.99996036 0.9999597
 0.9999599  0.9999611  0.99996316 0.9999661  0.99996966 0.9999734
 0.9999768  0.99997896 0.9999786  0.9999742  0.9999636 ]","[[0.5710294  0.36578563 0.4416614  0.2612658  0.32679382 0.5521454
  0.27288863 0.3015522  0.47538465 0.31946784 0.6866685  0.3284503
  0.62851435 0.2895407  0.33192605 0.6208293  0.3087801  0.34095138]
 [0.5316204  3.566666   0.23432122 2.3765695  3.3334177  1.0747851
  1.5362667  4.3373785  1.8708755  3.7282414  3.7798607  5.510983
  3.1732621  3.5270286  5.4015117  1.831769   3.3180768  5.2353187 ]
 [3.8647275  1.5873905  5.978007   2.4487255  4.767535   1.1855266
  0.89050555 3.3581035  2.2127419  1.8007808  0.24765152 5.3608913
  3.271405   4.4834194  4.8433843  5.4846225  1.7145875  4.6962647 ]]",trotter
521,21,7,False,"[1.         0.9999981  0.9999899  0.99997985 0.9999681  0.99995583
 0.9999442  0.9999339  0.999925   0.99991786 0.9999127  0.99990964
 0.99990845 0.99990904 0.99991137 0.9999147  0.99991953 0.99992496
 0.9999311  0.9999374  0.9999441  0.9999505  0.9999569  0.9999631
 0.9999686  0.9999736  0.99997795 0.9999816  0.9999848  0.99998754
 0.99998945 0.99999094 0.99999195 0.9999926  0.99999285 0.99999285
 0.99999267 0.9999924  0.999992   0.99999166 0.9999912  0.99999106
 0.9999908  0.99999064 0.99999046 0.9999906  0.99999076 0.99999076
 0.9999912  0.9999915  0.9999919  0.99999213 0.99999225 0.9999924
 0.9999926  0.9999927  0.9999927  0.99999267 0.99999255 0.9999923
 0.99999195 0.9999919  0.9999918  0.9999913  0.999991   0.99999094
 0.9999907  0.9999906  0.9999903  0.9999901  0.9999898  0.99998975
 0.9999893  0.9999888  0.9999884  0.9999876  0.9999864  0.9999848
 0.999983   0.99998105 0.99997896 0.9999765  0.9999739  0.99997103
 0.9999681  0.9999655  0.99996305 0.999961   0.99995965 0.99995893
 0.9999593  0.9999604  0.9999624  0.9999653  0.9999689  0.9999727
 0.9999762  0.99997854 0.9999783  0.9999739  0.9999631 ]","[[0.5710294  0.36578563 0.4416614  0.2612658  0.32679382 0.5521454
  0.27288863 0.3015522  0.47538465 0.31946784 0.6866685  0.3284503
  0.62851435 0.2895407  0.33192605 0.6208293  0.3087801  0.34095138]
 [0.5316204  3.566666   0.23432122 2.3765695  3.3334177  1.0747851
  1.5362667  4.3373785  1.8708755  3.7282414  3.7798607  5.510983
  3.1732621  3.5270286  5.4015117  1.831769   3.3180768  5.2353187 ]
 [3.8647275  1.5873905  5.978007   2.4487255  4.767535   1.1855266
  0.89050555 3.3581035  2.2127419  1.8007808  0.24765152 5.3608913
  3.271405   4.4834194  4.8433843  5.4846225  1.7145875  4.6962647 ]]",trotter
522,22,7,True,"[1.         0.9999939  0.99997866 0.99995834 0.9999359  0.99991375
 0.9998935  0.99987626 0.99986273 0.99985313 0.99984765 0.999846
 0.9998479  0.9998528  0.9998603  0.9998699  0.9998809  0.99989295
 0.99990547 0.999918   0.9999302  0.9999418  0.99995244 0.999962
 0.9999702  0.9999771  0.99998266 0.9999869  0.9999898  0.99999154
 0.9999924  0.99999225 0.99999154 0.99999034 0.999989   0.9999874
 0.999986   0.99998474 0.99998397 0.99998355 0.9999836  0.99998415
 0.99998516 0.9999866  0.99998826 0.9999901  0.999992   0.9999938
 0.99999523 0.9999963  0.9999968  0.9999966  0.9999957  0.99999404
 0.99999166 0.9999886  0.999985   0.99998105 0.9999768  0.99997264
 0.9999687  0.99996525 0.99996245 0.99996054 0.9999597  0.9999599
 0.99996126 0.9999637  0.99996716 0.99997133 0.999976   0.99998075
 0.99998516 0.9999888  0.9999911  0.9999917  0.99999017 0.99998605
 0.99997914 0.99996924 0.99995637 0.9999407  0.99992263 0.9999028
 0.99988186 0.9998609  0.9998409  0.9998233  0.9998092  0.99979997
 0.9997967  0.99980026 0.9998113  0.99982965 0.9998546  0.9998844
 0.9999163  0.99994606 0.9999678  0.9999738  0.9999541 ]","[[0.68550247 0.5307207  0.53130585 0.40822202 0.653427   0.7016073
  0.48588577 0.49239206 0.45547295 0.55172384 0.5330217  0.5495956
  0.6243557  0.40149984 0.41986904 0.31646937 0.667293   0.662998  ]
 [3.20999    4.5808954  4.1275015  2.9212148  0.05615797 0.2404507
  0.50008583 0.22861446 1.569819   3.8717003  4.783339   5.4649673
  5.3363853  1.3362743  4.944301   3.3703325  1.5243245  6.1696134 ]
 [4.499323   3.0045946  1.3702043  4.1163054  3.4140337  3.4594593
  4.026652   1.8800019  0.5805997  5.934835   4.0397053  3.113048
  2.9508102  2.8828614  3.8461173  4.965959   4.2051473  1.8921788 ]]",trotter
523,23,7,False,"[1.         0.9999946  0.9999792  0.9999587  0.9999363  0.99991393
 0.9998936  0.9998762  0.99986273 0.99985313 0.9998478  0.99984616
 0.99984807 0.9998532  0.9998606  0.99987024 0.99988127 0.9998932
 0.9999057  0.9999183  0.9999305  0.99994206 0.9999525  0.99996203
 0.9999703  0.99997705 0.9999826  0.9999868  0.99998975 0.9999913
 0.999992   0.99999195 0.999991   0.9999899  0.99998844 0.9999867
 0.9999853  0.9999839  0.99998313 0.9999826  0.9999825  0.99998313
 0.99998415 0.9999858  0.9999873  0.9999891  0.9999908  0.99999297
 0.99999434 0.9999955  0.99999565 0.99999565 0.9999947  0.9999929
 0.99999076 0.9999878  0.9999839  0.9999799  0.99997586 0.9999714
 0.9999673  0.99996394 0.99996126 0.9999593  0.9999587  0.99995905
 0.9999604  0.9999628  0.99996656 0.9999708  0.9999755  0.9999801
 0.9999848  0.9999885  0.999991   0.99999154 0.99998987 0.9999858
 0.9999789  0.99996895 0.999956   0.9999404  0.99992216 0.9999021
 0.99988127 0.99986035 0.9998403  0.9998225  0.99980885 0.99979985
 0.9997962  0.9997999  0.9998112  0.9998294  0.9998543  0.99988425
 0.99991626 0.9999461  0.9999675  0.9999736  0.999954  ]","[[0.68550247 0.5307207  0.53130585 0.40822202 0.653427   0.7016073
  0.48588577 0.49239206 0.45547295 0.55172384 0.5330217  0.5495956
  0.6243557  0.40149984 0.41986904 0.31646937 0.667293   0.662998  ]
 [3.20999    4.5808954  4.1275015  2.9212148  0.05615797 0.2404507
  0.50008583 0.22861446 1.569819   3.8717003  4.783339   5.4649673
  5.3363853  1.3362743  4.944301   3.3703325  1.5243245  6.1696134 ]
 [4.499323   3.0045946  1.3702043  4.1163054  3.4140337  3.4594593
  4.026652   1.8800019  0.5805997  5.934835   4.0397053  3.113048
  2.9508102  2.8828614  3.8461173  4.965959   4.2051473  1.8921788 ]]",trotter
524,24,7,True,"[1.         0.99999845 0.99999464 0.9999895  0.99998385 0.9999782
 0.9999729  0.99996835 0.99996465 0.9999619  0.9999601  0.9999592
 0.99995905 0.99995965 0.9999608  0.9999624  0.99996436 0.99996644
 0.99996865 0.99997085 0.99997294 0.9999749  0.9999767  0.9999783
 0.9999797  0.99998087 0.9999818  0.9999826  0.9999833  0.99998385
 0.9999843  0.99998474 0.99998516 0.9999855  0.9999858  0.9999863
 0.99998665 0.999987   0.9999874  0.9999878  0.99998814 0.99998844
 0.9999886  0.99998873 0.9999888  0.9999887  0.99998856 0.9999882
 0.99998784 0.99998736 0.9999868  0.9999863  0.9999857  0.9999851
 0.9999846  0.99998415 0.9999838  0.99998355 0.99998343 0.99998343
 0.99998355 0.9999838  0.9999841  0.99998444 0.99998474 0.9999851
 0.9999852  0.99998516 0.99998486 0.99998426 0.9999832  0.9999817
 0.99997973 0.99997723 0.9999742  0.9999707  0.9999667  0.9999623
 0.9999576  0.9999528  0.99994797 0.9999434  0.99993914 0.9999355
 0.9999327  0.9999309  0.99993026 0.9999308  0.9999325  0.9999353
 0.99993885 0.99994266 0.99994576 0.99994713 0.99994516 0.9999378
 0.99992234 0.9998955  0.9998531  0.99979    0.9997001 ]","[[0.3744286  0.366146   0.6843357  0.5551899  0.5328561  0.41266102
  0.47890022 0.66575557 0.7064603  0.7318874  0.48148152 0.39988354
  0.38602963 0.7423518  0.512512   0.6013184  0.6587119  0.50277406]
 [4.286927   6.249625   3.4567153  0.40711784 4.594844   1.4792453
  1.347076   4.326703   0.3283904  3.7108617  5.811321   5.291563
  2.4713898  4.059517   3.1795385  3.4537108  0.00771908 5.412153  ]
 [2.5320632  0.9366842  4.9405293  2.770439   5.305477   0.87454915
  3.99086    6.0387635  3.2151833  3.7240758  3.3088408  1.3190686
  1.1412724  5.1979756  0.95976776 5.987326   6.2708526  4.587084  ]]",trotter
525,25,7,False,"[1.         0.9999993  0.999995   0.99998987 0.99998426 0.9999783
 0.99997306 0.9999685  0.99996465 0.99996185 0.99996006 0.99995935
 0.9999592  0.9999598  0.99996096 0.9999627  0.9999647  0.99996686
 0.9999691  0.99997115 0.9999733  0.9999752  0.99997693 0.99997854
 0.9999798  0.99998105 0.999982   0.9999828  0.9999834  0.9999839
 0.99998444 0.9999848  0.99998504 0.9999853  0.99998575 0.9999861
 0.9999865  0.9999869  0.9999872  0.9999875  0.99998784 0.9999882
 0.9999882  0.9999881  0.9999881  0.99998784 0.99998796 0.9999874
 0.9999871  0.9999866  0.99998593 0.99998516 0.9999848  0.99998415
 0.9999838  0.99998313 0.9999828  0.99998254 0.9999825  0.9999823
 0.99998254 0.9999827  0.9999833  0.9999836  0.9999841  0.9999842
 0.9999843  0.99998426 0.9999837  0.9999835  0.99998236 0.9999808
 0.99997926 0.9999768  0.9999734  0.99996966 0.999966   0.9999616
 0.9999571  0.999952   0.9999474  0.9999427  0.99993825 0.99993455
 0.9999318  0.99993014 0.99992967 0.99993044 0.99993235 0.99993485
 0.9999384  0.9999421  0.9999455  0.9999466  0.9999448  0.99993753
 0.999922   0.9998949  0.9998526  0.9997899  0.9996999 ]","[[0.3744286  0.366146   0.6843357  0.5551899  0.5328561  0.41266102
  0.47890022 0.66575557 0.7064603  0.7318874  0.48148152 0.39988354
  0.38602963 0.7423518  0.512512   0.6013184  0.6587119  0.50277406]
 [4.286927   6.249625   3.4567153  0.40711784 4.594844   1.4792453
  1.347076   4.326703   0.3283904  3.7108617  5.811321   5.291563
  2.4713898  4.059517   3.1795385  3.4537108  0.00771908 5.412153  ]
 [2.5320632  0.9366842  4.9405293  2.770439   5.305477   0.87454915
  3.99086    6.0387635  3.2151833  3.7240758  3.3088408  1.3190686
  1.1412724  5.1979756  0.95976776 5.987326   6.2708526  4.587084  ]]",trotter
526,26,7,True,"[1.         0.99999785 0.9999924  0.9999847  0.9999758  0.99996656
 0.99995744 0.99994904 0.9999417  0.9999356  0.9999309  0.9999277
 0.9999259  0.99992555 0.9999264  0.99992836 0.99993134 0.9999351
 0.99993944 0.9999442  0.9999492  0.99995434 0.9999594  0.9999643
 0.99996895 0.9999733  0.9999771  0.9999805  0.9999835  0.99998593
 0.99998796 0.99998945 0.99999064 0.9999915  0.99999195 0.9999922
 0.99999225 0.9999922  0.999992   0.9999918  0.99999154 0.99999136
 0.9999912  0.9999911  0.99999106 0.9999911  0.9999913  0.99999154
 0.9999918  0.99999213 0.9999925  0.9999928  0.9999931  0.9999934
 0.9999936  0.9999938  0.9999939  0.999994   0.9999939  0.9999938
 0.9999936  0.9999933  0.99999297 0.99999255 0.99999213 0.9999917
 0.99999124 0.99999076 0.9999903  0.99998987 0.99998933 0.9999889
 0.99998844 0.9999879  0.99998736 0.9999867  0.999986   0.9999852
 0.9999842  0.9999831  0.99998176 0.9999803  0.9999786  0.9999768
 0.9999749  0.99997294 0.99997103 0.9999692  0.99996763 0.9999664
 0.9999656  0.99996537 0.9999658  0.9999668  0.99996847 0.99997044
 0.99997246 0.99997383 0.9999737  0.99997085 0.99996346]","[[6.3740742e-01 3.9721632e-01 3.8017774e-01 6.5450627e-01 3.5712615e-01
  3.0233753e-01 6.4214611e-01 6.3667756e-01 5.9884697e-01 7.2834456e-01
  3.2331115e-01 2.5670770e-01 2.6373011e-01 5.5850416e-01 5.0907218e-01
  5.1529115e-01 6.8935597e-01 6.0069931e-01]
 [1.7118083e-01 2.1650648e+00 8.9712435e-01 9.6492845e-01 2.2457292e+00
  1.8260437e+00 5.3915591e+00 2.5017233e+00 6.4105290e-01 1.4715420e-01
  4.3733144e+00 1.1074541e-03 4.7649846e+00 3.2048218e+00 5.2940722e+00
  6.1691194e+00 6.2216258e-01 4.2619014e+00]
 [2.3934307e+00 5.5218892e+00 1.0224961e+00 2.0470400e+00 1.8748955e+00
  2.4549825e+00 4.0999479e+00 6.1685872e+00 4.9129171e+00 3.3891590e+00
  3.5067685e+00 2.6014769e+00 5.4945807e+00 2.2252968e-01 2.0469713e+00
  6.7671525e-01 4.1328192e+00 2.8841758e+00]]",trotter
527,27,7,False,"[1.         0.99999857 0.9999928  0.9999851  0.99997616 0.99996674
 0.99995756 0.9999491  0.99994177 0.99993575 0.99993104 0.9999278
 0.99992603 0.99992573 0.9999266  0.99992853 0.99993163 0.9999354
 0.9999397  0.99994427 0.99994946 0.9999545  0.99995947 0.9999644
 0.99996895 0.9999733  0.9999771  0.99998033 0.9999833  0.99998575
 0.9999877  0.9999894  0.99999046 0.999991   0.9999915  0.9999918
 0.99999183 0.99999154 0.9999915  0.99999106 0.999991   0.99999076
 0.99999064 0.99999034 0.99999034 0.9999903  0.9999904  0.99999046
 0.9999906  0.99999064 0.99999106 0.9999914  0.99999183 0.999992
 0.99999213 0.99999225 0.9999925  0.9999925  0.99999243 0.9999925
 0.9999923  0.99999213 0.99999183 0.99999136 0.99999124 0.9999908
 0.9999901  0.9999899  0.99998933 0.9999888  0.999988   0.9999877
 0.9999873  0.9999869  0.9999864  0.9999859  0.9999849  0.99998426
 0.9999833  0.99998224 0.9999807  0.99997944 0.99997795 0.99997586
 0.99997395 0.9999725  0.9999705  0.9999685  0.9999674  0.99996597
 0.99996495 0.9999652  0.99996555 0.99996626 0.9999678  0.99997026
 0.9999722  0.99997395 0.9999736  0.9999708  0.9999634 ]","[[6.3740742e-01 3.9721632e-01 3.8017774e-01 6.5450627e-01 3.5712615e-01
  3.0233753e-01 6.4214611e-01 6.3667756e-01 5.9884697e-01 7.2834456e-01
  3.2331115e-01 2.5670770e-01 2.6373011e-01 5.5850416e-01 5.0907218e-01
  5.1529115e-01 6.8935597e-01 6.0069931e-01]
 [1.7118083e-01 2.1650648e+00 8.9712435e-01 9.6492845e-01 2.2457292e+00
  1.8260437e+00 5.3915591e+00 2.5017233e+00 6.4105290e-01 1.4715420e-01
  4.3733144e+00 1.1074541e-03 4.7649846e+00 3.2048218e+00 5.2940722e+00
  6.1691194e+00 6.2216258e-01 4.2619014e+00]
 [2.3934307e+00 5.5218892e+00 1.0224961e+00 2.0470400e+00 1.8748955e+00
  2.4549825e+00 4.0999479e+00 6.1685872e+00 4.9129171e+00 3.3891590e+00
  3.5067685e+00 2.6014769e+00 5.4945807e+00 2.2252968e-01 2.0469713e+00
  6.7671525e-01 4.1328192e+00 2.8841758e+00]]",trotter
528,28,7,True,"[1.         0.99999684 0.999989   0.9999786  0.9999673  0.99995625
 0.9999463  0.999938   0.9999317  0.9999275  0.9999255  0.9999254
 0.99992704 0.99993026 0.9999347  0.9999399  0.9999458  0.9999521
 0.9999584  0.9999645  0.99997026 0.99997544 0.9999801  0.9999839
 0.999987   0.99998933 0.99999094 0.9999919  0.9999922  0.999992
 0.99999136 0.99999046 0.99998945 0.9999884  0.9999873  0.99998647
 0.9999859  0.9999855  0.9999856  0.9999859  0.9999866  0.9999876
 0.99998885 0.9999902  0.9999917  0.99999326 0.9999946  0.9999957
 0.99999654 0.999997   0.999997   0.9999965  0.99999547 0.9999939
 0.9999921  0.99998975 0.9999872  0.99998444 0.99998176 0.99997914
 0.9999769  0.999975   0.9999738  0.9999731  0.9999731  0.99997395
 0.9999754  0.99997747 0.99998    0.9999828  0.99998564 0.9999882
 0.9999903  0.9999915  0.9999915  0.99999    0.99998677 0.99998164
 0.9999743  0.99996495 0.9999535  0.9999402  0.9999255  0.9999097
 0.9998935  0.99987763 0.99986285 0.9998501  0.9998403  0.9998343
 0.9998328  0.99983656 0.99984574 0.9998603  0.99987966 0.9999025
 0.99992675 0.9999494  0.9999662  0.9999716  0.9999585 ]","[[0.66209793 0.338068   0.43965855 0.33610845 0.35933334 0.7095311
  0.5813237  0.35517526 0.5631538  0.41134825 0.2538005  0.6058395
  0.5954839  0.3176604  0.48712584 0.4576672  0.2935401  0.52808297]
 [5.2731833  2.9567115  0.0388791  1.0193882  2.9503706  1.445041
  0.08008292 5.4440103  3.9706607  6.2387037  4.0263696  4.1611547
  2.7422335  3.4587893  5.7877173  5.5030527  1.5202874  0.8173059 ]
 [5.9028015  0.8992421  0.689616   2.160983   1.7246299  0.21130547
  4.398546   5.428187   1.9842741  2.5097744  3.508811   3.2286081
  4.951326   3.7969344  4.870206   0.9484202  0.44889712 0.69558287]]",trotter
529,29,7,False,"[1.         0.9999977  0.99998945 0.99997896 0.9999675  0.99995637
 0.99994636 0.999938   0.9999316  0.99992746 0.9999255  0.9999255
 0.9999271  0.99993    0.99993473 0.99994034 0.99994606 0.9999524
 0.9999587  0.9999649  0.9999704  0.9999755  0.9999802  0.9999839
 0.999987   0.99998957 0.99999106 0.999992   0.9999923  0.9999922
 0.99999154 0.99999046 0.99998945 0.9999883  0.99998707 0.9999862
 0.9999857  0.9999853  0.9999854  0.99998546 0.9999861  0.9999871
 0.9999884  0.9999897  0.9999911  0.99999243 0.9999939  0.999995
 0.9999958  0.99999654 0.9999964  0.99999577 0.9999947  0.99999315
 0.9999913  0.99998903 0.99998647 0.9999838  0.99998087 0.9999784
 0.99997604 0.9999742  0.9999729  0.9999723  0.9999724  0.99997306
 0.9999745  0.9999765  0.99997914 0.999982   0.999985   0.9999875
 0.99998945 0.9999906  0.9999906  0.9999891  0.9999858  0.99998057
 0.9999734  0.9999642  0.99995255 0.99993926 0.9999244  0.99990886
 0.9998927  0.999877   0.9998622  0.99984944 0.9998394  0.9998333
 0.9998319  0.99983585 0.9998449  0.99985945 0.999879   0.999902
 0.99992645 0.9999491  0.99996555 0.99997103 0.99995834]","[[0.66209793 0.338068   0.43965855 0.33610845 0.35933334 0.7095311
  0.5813237  0.35517526 0.5631538  0.41134825 0.2538005  0.6058395
  0.5954839  0.3176604  0.48712584 0.4576672  0.2935401  0.52808297]
 [5.2731833  2.9567115  0.0388791  1.0193882  2.9503706  1.445041
  0.08008292 5.4440103  3.9706607  6.2387037  4.0263696  4.1611547
  2.7422335  3.4587893  5.7877173  5.5030527  1.5202874  0.8173059 ]
 [5.9028015  0.8992421  0.689616   2.160983   1.7246299  0.21130547
  4.398546   5.428187   1.9842741  2.5097744  3.508811   3.2286081
  4.951326   3.7969344  4.870206   0.9484202  0.44889712 0.69558287]]",trotter
530,30,7,True,"[1.         0.9999955  0.99998474 0.9999708  0.9999561  0.9999423
 0.9999307  0.99992186 0.99991626 0.99991375 0.99991417 0.9999172
 0.9999224  0.9999292  0.999937   0.9999454  0.9999538  0.9999619
 0.9999693  0.99997574 0.999981   0.99998504 0.99998784 0.9999894
 0.9999898  0.9999892  0.9999879  0.9999859  0.99998355 0.99998105
 0.9999785  0.9999763  0.99997437 0.99997294 0.9999721  0.9999719
 0.99997246 0.99997354 0.9999752  0.9999773  0.9999798  0.99998254
 0.99998534 0.9999881  0.9999905  0.99999267 0.9999943  0.99999535
 0.9999957  0.9999953  0.9999942  0.9999925  0.99999005 0.99998707
 0.9999837  0.99998015 0.9999764  0.9999728  0.9999695  0.9999666
 0.99996436 0.99996287 0.9999622  0.99996257 0.9999638  0.99996597
 0.9999689  0.99997246 0.9999764  0.99998045 0.99998426 0.9999875
 0.99998957 0.9999903  0.99998915 0.99998564 0.9999796  0.9999707
 0.9999587  0.99994373 0.9999258  0.9999052  0.99988246 0.9998584
 0.9998336  0.9998093  0.9997868  0.9997673  0.99975234 0.9997432
 0.99974126 0.9997475  0.9997626  0.9997865  0.99981844 0.9998564
 0.99989724 0.9999358  0.99996495 0.99997485 0.9999528 ]","[[0.2717974  0.5433467  0.383863   0.25131667 0.56933874 0.7373459
  0.49074504 0.5580851  0.3647982  0.29347998 0.59263575 0.6251816
  0.5115667  0.3208442  0.3425605  0.72807693 0.56357676 0.68396276]
 [2.2900677  3.3713078  3.0213406  4.011228   6.0212164  2.002836
  5.593826   1.5587784  0.6920428  4.658596   6.117971   6.0255194
  2.6227567  1.5879276  3.2553976  3.884869   4.9661603  4.9849143 ]
 [4.1801643  3.7153707  5.7354164  5.5612416  4.38926    3.3288567
  1.1568229  5.42437    5.323612   0.16121757 4.1768117  4.7470894
  5.6097403  1.1347203  3.2394679  1.4938601  1.9960066  2.0183902 ]]",trotter
531,31,7,False,"[1.         0.9999961  0.9999853  0.99997115 0.9999562  0.9999426
 0.99993074 0.9999218  0.9999161  0.99991363 0.9999141  0.9999173
 0.9999225  0.9999295  0.99993736 0.9999455  0.9999541  0.99996203
 0.99996966 0.999976   0.9999811  0.9999852  0.9999879  0.99998957
 0.9999898  0.9999892  0.9999878  0.9999858  0.99998343 0.9999809
 0.9999785  0.999976   0.9999741  0.9999726  0.9999719  0.9999716
 0.9999722  0.9999732  0.99997497 0.9999769  0.99997944 0.99998206
 0.9999849  0.9999876  0.99999    0.999992   0.9999938  0.9999946
 0.99999475 0.9999946  0.9999935  0.99999166 0.9999894  0.99998623
 0.9999831  0.9999792  0.99997544 0.99997187 0.99996847 0.9999656
 0.99996346 0.9999619  0.9999614  0.9999618  0.99996305 0.9999651
 0.9999679  0.99997175 0.99997574 0.9999798  0.99998343 0.9999866
 0.9999886  0.99998933 0.9999884  0.9999847  0.9999787  0.9999697
 0.9999577  0.9999429  0.999925   0.99990433 0.99988174 0.99985766
 0.9998329  0.99980855 0.99978614 0.9997668  0.999752   0.9997427
 0.9997408  0.9997468  0.9997618  0.9997859  0.99981797 0.99985594
 0.9998965  0.99993515 0.9999642  0.9999743  0.9999522 ]","[[0.2717974  0.5433467  0.383863   0.25131667 0.56933874 0.7373459
  0.49074504 0.5580851  0.3647982  0.29347998 0.59263575 0.6251816
  0.5115667  0.3208442  0.3425605  0.72807693 0.56357676 0.68396276]
 [2.2900677  3.3713078  3.0213406  4.011228   6.0212164  2.002836
  5.593826   1.5587784  0.6920428  4.658596   6.117971   6.0255194
  2.6227567  1.5879276  3.2553976  3.884869   4.9661603  4.9849143 ]
 [4.1801643  3.7153707  5.7354164  5.5612416  4.38926    3.3288567
  1.1568229  5.42437    5.323612   0.16121757 4.1768117  4.7470894
  5.6097403  1.1347203  3.2394679  1.4938601  1.9960066  2.0183902 ]]",trotter
532,32,7,True,"[1.         0.9999954  0.9999837  0.99996763 0.9999493  0.9999304
 0.99991226 0.9998958  0.9998816  0.9998701  0.9998615  0.99985564
 0.99985266 0.9998522  0.999854   0.9998579  0.9998635  0.99987036
 0.9998783  0.999887   0.9998961  0.9999054  0.9999147  0.9999238
 0.9999326  0.9999409  0.99994856 0.9999556  0.999962   0.99996763
 0.99997246 0.99997663 0.99998003 0.99998266 0.99998456 0.99998593
 0.99998647 0.9999865  0.99998593 0.99998486 0.99998325 0.9999812
 0.99997884 0.99997616 0.99997324 0.9999702  0.99996704 0.999964
 0.999961   0.9999583  0.9999558  0.99995375 0.9999522  0.99995106
 0.99995065 0.99995077 0.9999516  0.999953   0.999955   0.99995756
 0.99996066 0.9999641  0.99996775 0.9999716  0.9999753  0.99997896
 0.99998206 0.9999847  0.9999866  0.99998754 0.99998754 0.99998647
 0.9999841  0.99998057 0.99997586 0.99997    0.9999632  0.9999556
 0.99994737 0.9999389  0.99993044 0.99992234 0.99991506 0.99990886
 0.9999043  0.9999015  0.9999007  0.99990207 0.9999056  0.99991107
 0.9999179  0.9999255  0.9999325  0.9999375  0.9999383  0.9999323
 0.99991614 0.99988586 0.99983644 0.999762   0.9996558 ]","[[0.6517756  0.43954194 0.74826497 0.45012826 0.30692825 0.48227376
  0.5229678  0.47284347 0.41754964 0.5357333  0.4993343  0.4978469
  0.66624486 0.361153   0.55016637 0.27626425 0.38036028 0.41662765]
 [5.070891   3.1706214  1.1651849  5.7976604  5.2667775  0.5109157
  3.418417   4.535957   1.3177792  1.2974238  0.99656206 3.728932
  0.16166763 1.9007546  5.382693   2.5202816  5.488242   0.01213727]
 [3.9493332  4.897698   5.3061695  5.063534   1.6556205  3.9831665
  2.6365936  2.3727736  0.26176268 3.5969372  0.34332278 0.7467557
  3.5285017  4.0629077  1.5783372  0.9399081  3.6233287  4.0186763 ]]",trotter
533,33,7,False,"[1.         0.9999963  0.99998415 0.999968   0.9999495  0.9999307
 0.99991256 0.999896   0.99988186 0.9998704  0.9998617  0.9998559
 0.9998528  0.9998524  0.9998544  0.99985814 0.9998637  0.99987054
 0.99987847 0.9998871  0.99989635 0.99990565 0.999915   0.9999242
 0.99993277 0.99994093 0.9999487  0.9999558  0.99996215 0.9999677
 0.9999725  0.9999765  0.99998    0.9999827  0.99998456 0.9999857
 0.99998635 0.9999864  0.99998575 0.99998474 0.9999831  0.9999809
 0.9999785  0.99997574 0.9999728  0.9999697  0.9999667  0.99996364
 0.9999608  0.9999581  0.99995536 0.9999533  0.99995184 0.9999509
 0.9999503  0.9999504  0.99995106 0.99995255 0.99995464 0.99995726
 0.99995995 0.9999636  0.99996716 0.9999711  0.99997497 0.9999785
 0.9999817  0.9999841  0.9999859  0.999987   0.99998707 0.99998593
 0.9999836  0.99998015 0.9999754  0.99996966 0.9999628  0.99995524
 0.999947   0.9999384  0.99992985 0.9999219  0.9999144  0.9999084
 0.99990374 0.9999011  0.9999006  0.9999019  0.9999054  0.9999107
 0.99991745 0.99992484 0.9999323  0.9999371  0.999938   0.99993193
 0.9999156  0.99988514 0.99983567 0.9997617  0.99965507]","[[0.6517756  0.43954194 0.74826497 0.45012826 0.30692825 0.48227376
  0.5229678  0.47284347 0.41754964 0.5357333  0.4993343  0.4978469
  0.66624486 0.361153   0.55016637 0.27626425 0.38036028 0.41662765]
 [5.070891   3.1706214  1.1651849  5.7976604  5.2667775  0.5109157
  3.418417   4.535957   1.3177792  1.2974238  0.99656206 3.728932
  0.16166763 1.9007546  5.382693   2.5202816  5.488242   0.01213727]
 [3.9493332  4.897698   5.3061695  5.063534   1.6556205  3.9831665
  2.6365936  2.3727736  0.26176268 3.5969372  0.34332278 0.7467557
  3.5285017  4.0629077  1.5783372  0.9399081  3.6233287  4.0186763 ]]",trotter
534,34,7,True,"[1.         0.9999959  0.99998575 0.99997234 0.9999578  0.9999437
 0.9999311  0.9999208  0.99991316 0.9999084  0.9999064  0.999907
 0.99990994 0.99991477 0.9999211  0.9999284  0.99993646 0.9999448
 0.999953   0.9999608  0.99996793 0.9999743  0.9999797  0.999984
 0.99998736 0.9999897  0.9999911  0.99999166 0.99999154 0.9999908
 0.9999896  0.9999884  0.9999869  0.99998546 0.99998426 0.99998325
 0.9999826  0.9999823  0.9999824  0.9999829  0.99998367 0.9999848
 0.9999862  0.99998766 0.9999892  0.99999064 0.99999195 0.99999297
 0.9999937  0.99999404 0.99999386 0.99999326 0.99999213 0.99999064
 0.99998873 0.99998647 0.9999841  0.99998146 0.99997884 0.9999764
 0.99997413 0.9999723  0.99997085 0.99997    0.99996984 0.99997026
 0.99997133 0.999973   0.99997514 0.9999777  0.9999806  0.99998355
 0.99998635 0.99998885 0.9999908  0.99999195 0.9999921  0.99999106
 0.9999888  0.99998516 0.9999802  0.99997395 0.9999666  0.9999584
 0.99994963 0.99994075 0.9999322  0.99992466 0.99991846 0.9999143
 0.9999126  0.9999138  0.99991804 0.99992526 0.9999351  0.9999467
 0.99995875 0.9999693  0.9999755  0.99997365 0.999959  ]","[[0.6702219  0.68138385 0.39272204 0.25147545 0.7255313  0.48018304
  0.47877842 0.3367132  0.5248493  0.3099323  0.50113326 0.54049414
  0.49813116 0.42212585 0.5847924  0.52778226 0.42921707 0.25211006]
 [1.4855012  3.3193855  3.2207918  5.1846976  3.979204   1.1139075
  5.476307   2.7160938  0.14554177 6.263779   2.7303865  2.7180817
  3.8205612  1.3581616  2.2890086  1.3460693  5.795488   0.9064898 ]
 [0.13220215 5.6171737  5.246848   4.7599554  3.186792   1.2402154
  5.5081067  6.033414   5.960285   4.8096347  0.88642126 3.2264183
  4.932573   0.68868566 0.06004888 0.45250428 2.463138   2.8685837 ]]",trotter
535,35,7,False,"[1.         0.99999696 0.9999861  0.99997276 0.9999581  0.999944
 0.9999314  0.99992096 0.9999132  0.99990857 0.9999064  0.9999071
 0.99991    0.9999148  0.9999213  0.9999287  0.9999367  0.9999451
 0.9999534  0.9999612  0.99996835 0.99997467 0.9999801  0.99998456
 0.9999877  0.99999    0.99999124 0.999992   0.99999166 0.9999907
 0.9999899  0.99998844 0.999987   0.9999856  0.999984   0.99998325
 0.9999824  0.9999822  0.99998194 0.9999825  0.9999832  0.9999844
 0.9999856  0.99998707 0.9999884  0.9999899  0.9999913  0.99999255
 0.9999931  0.9999934  0.9999932  0.9999926  0.99999154 0.9999899
 0.99998784 0.9999859  0.99998325 0.9999806  0.99997807 0.9999755
 0.9999732  0.9999712  0.99996984 0.999969   0.99996877 0.9999691
 0.9999702  0.999972   0.9999742  0.9999767  0.9999796  0.99998295
 0.99998564 0.9999879  0.99999017 0.99999124 0.9999916  0.9999906
 0.99998826 0.9999847  0.99997956 0.99997324 0.9999659  0.9999578
 0.999949   0.99994045 0.999932   0.9999242  0.9999184  0.9999141
 0.9999123  0.99991333 0.9999176  0.99992484 0.9999343  0.9999463
 0.9999582  0.9999689  0.9999753  0.9999735  0.9999586 ]","[[0.6702219  0.68138385 0.39272204 0.25147545 0.7255313  0.48018304
  0.47877842 0.3367132  0.5248493  0.3099323  0.50113326 0.54049414
  0.49813116 0.42212585 0.5847924  0.52778226 0.42921707 0.25211006]
 [1.4855012  3.3193855  3.2207918  5.1846976  3.979204   1.1139075
  5.476307   2.7160938  0.14554177 6.263779   2.7303865  2.7180817
  3.8205612  1.3581616  2.2890086  1.3460693  5.795488   0.9064898 ]
 [0.13220215 5.6171737  5.246848   4.7599554  3.186792   1.2402154
  5.5081067  6.033414   5.960285   4.8096347  0.88642126 3.2264183
  4.932573   0.68868566 0.06004888 0.45250428 2.463138   2.8685837 ]]",trotter
536,36,7,True,"[1.         0.99999803 0.9999933  0.99998736 0.9999811  0.9999754
 0.9999706  0.99996704 0.9999648  0.99996376 0.9999639  0.9999649
 0.9999667  0.999969   0.9999716  0.9999744  0.9999772  0.99997985
 0.9999823  0.99998444 0.9999863  0.99998784 0.99998915 0.99999017
 0.99999094 0.99999154 0.999992   0.9999924  0.99999267 0.9999929
 0.9999932  0.9999934  0.99999356 0.99999374 0.9999939  0.9999941
 0.9999942  0.99999434 0.99999446 0.9999945  0.99999464 0.99999464
 0.9999947  0.99999475 0.99999475 0.9999948  0.99999475 0.9999947
 0.9999945  0.9999942  0.9999938  0.99999326 0.99999255 0.99999166
 0.9999906  0.99998933 0.999988   0.9999866  0.99998516 0.99998385
 0.9999826  0.99998164 0.9999809  0.9999806  0.99998075 0.9999813
 0.99998224 0.9999836  0.9999853  0.99998707 0.99998885 0.99999046
 0.9999917  0.99999225 0.99999195 0.99999046 0.9999876  0.99998325
 0.99997723 0.99996954 0.9999603  0.9999495  0.99993753 0.9999247
 0.9999115  0.99989855 0.9998866  0.9998762  0.99986815 0.99986327
 0.99986213 0.9998653  0.99987286 0.9998849  0.9999007  0.9999193
 0.99993885 0.99995667 0.99996907 0.99997103 0.99995655]","[[0.47590238 0.26376876 0.5811903  0.40012604 0.36443147 0.5494292
  0.2888301  0.2526128  0.7238473  0.6879474  0.617238   0.33198926
  0.26924038 0.3535541  0.4779732  0.3414099  0.44567633 0.6657764 ]
 [5.6296673  6.0958953  0.9027142  6.153013   3.4526806  2.5912795
  2.189251   2.5237553  4.538783   1.1680833  5.8666024  3.3483863
  6.178963   4.4932327  4.6296515  2.2938437  2.9110494  2.2813761 ]
 [6.209539   4.815113   5.1337047  2.697512   0.8328364  4.6291733
  1.8520781  0.21078554 2.5170457  2.5932727  1.1035283  1.3198369
  0.93829405 4.4311686  3.6975927  2.4803913  0.5765862  1.2335461 ]]",trotter
537,37,7,False,"[1.         0.999999   0.9999936  0.9999878  0.99998146 0.99997556
 0.9999708  0.9999671  0.9999648  0.9999638  0.9999638  0.99996483
 0.9999668  0.9999692  0.9999718  0.99997455 0.9999773  0.99998003
 0.9999825  0.9999846  0.9999864  0.9999882  0.99998945 0.9999903
 0.999991   0.99999166 0.99999213 0.99999243 0.9999929  0.999993
 0.9999932  0.9999934  0.99999344 0.99999356 0.9999938  0.9999942
 0.9999941  0.9999943  0.99999434 0.99999434 0.99999434 0.9999945
 0.99999446 0.99999446 0.9999946  0.9999946  0.9999944  0.9999945
 0.9999941  0.9999938  0.9999934  0.9999928  0.9999919  0.999991
 0.99999005 0.9999889  0.9999874  0.9999858  0.9999844  0.999983
 0.9999817  0.9999808  0.9999802  0.9999798  0.99998003 0.99998057
 0.99998146 0.9999827  0.99998444 0.9999863  0.9999881  0.99998957
 0.9999907  0.99999124 0.99999094 0.99998945 0.9999865  0.99998206
 0.999976   0.99996847 0.9999593  0.9999484  0.99993634 0.99992377
 0.9999103  0.9998977  0.9998856  0.999875   0.999867   0.9998621
 0.9998612  0.9998642  0.9998719  0.99988383 0.99989974 0.9999183
 0.9999379  0.999956   0.99996835 0.99997044 0.999956  ]","[[0.47590238 0.26376876 0.5811903  0.40012604 0.36443147 0.5494292
  0.2888301  0.2526128  0.7238473  0.6879474  0.617238   0.33198926
  0.26924038 0.3535541  0.4779732  0.3414099  0.44567633 0.6657764 ]
 [5.6296673  6.0958953  0.9027142  6.153013   3.4526806  2.5912795
  2.189251   2.5237553  4.538783   1.1680833  5.8666024  3.3483863
  6.178963   4.4932327  4.6296515  2.2938437  2.9110494  2.2813761 ]
 [6.209539   4.815113   5.1337047  2.697512   0.8328364  4.6291733
  1.8520781  0.21078554 2.5170457  2.5932727  1.1035283  1.3198369
  0.93829405 4.4311686  3.6975927  2.4803913  0.5765862  1.2335461 ]]",trotter
538,38,7,True,"[1.         0.99999845 0.99999446 0.9999891  0.999983   0.9999769
 0.999971   0.9999657  0.99996126 0.9999578  0.9999553  0.99995375
 0.9999531  0.9999532  0.99995416 0.99995565 0.9999576  0.99995995
 0.9999625  0.9999652  0.9999679  0.99997056 0.99997306 0.9999753
 0.99997747 0.9999793  0.99998087 0.99998224 0.9999833  0.9999842
 0.99998486 0.9999854  0.9999858  0.99998605 0.99998635 0.9999866
 0.99998677 0.999987   0.9999873  0.9999876  0.999988   0.9999884
 0.9999889  0.9999894  0.9999898  0.9999902  0.99999064 0.999991
 0.9999913  0.99999154 0.9999916  0.99999166 0.99999154 0.9999914
 0.9999912  0.9999909  0.99999064 0.99999034 0.9999901  0.9999899
 0.99998987 0.99998987 0.99999    0.9999903  0.99999064 0.9999911
 0.9999917  0.9999923  0.99999297 0.9999935  0.9999939  0.9999941
 0.99999404 0.9999936  0.9999927  0.9999913  0.9999894  0.9999869
 0.9999837  0.99998003 0.9999758  0.99997115 0.99996614 0.99996096
 0.9999558  0.9999508  0.99994636 0.99994254 0.9999397  0.99993795
 0.99993753 0.9999386  0.99994105 0.9999448  0.99994963 0.9999549
 0.99995995 0.9999635  0.99996424 0.9999601  0.9999487 ]","[[0.5864033  0.70327526 0.48750016 0.3973225  0.30728608 0.70837754
  0.7068669  0.31610075 0.4130053  0.7357744  0.43156022 0.641379
  0.31200984 0.6637831  0.3665618  0.6385761  0.5659271  0.45338503]
 [0.12486648 3.1325488  1.0959805  1.0798815  0.37511456 4.659704
  2.8491392  1.9736617  5.0065575  2.3409936  3.7375622  2.5174482
  5.9458528  2.44578    4.5957046  3.594167   1.9844986  3.911091  ]
 [2.333258   0.88306504 4.367898   0.09667454 5.2210245  2.5805368
  4.550351   0.78813607 6.225607   2.872081   4.119301   5.148416
  6.281014   4.3997865  0.57026625 5.462472   5.4987717  1.7790217 ]]",trotter
539,39,7,False,"[1.         0.999999   0.9999949  0.9999895  0.99998325 0.9999769
 0.99997103 0.9999657  0.99996126 0.9999577  0.99995524 0.9999538
 0.9999533  0.99995357 0.9999544  0.9999561  0.99995804 0.99996024
 0.99996275 0.99996537 0.99996805 0.9999708  0.9999733  0.9999756
 0.99997735 0.9999794  0.9999809  0.9999824  0.99998313 0.99998397
 0.9999848  0.9999851  0.99998546 0.9999855  0.9999859  0.9999859
 0.99998623 0.9999866  0.9999869  0.9999873  0.99998784 0.99998796
 0.9999884  0.99998903 0.9999894  0.9999897  0.99999005 0.9999906
 0.99999064 0.99999076 0.99999076 0.9999907  0.99999064 0.99999064
 0.99999034 0.99999    0.9999895  0.99998945 0.999989   0.99998885
 0.99998873 0.99998873 0.99998885 0.9999892  0.99998957 0.99999005
 0.9999907  0.99999124 0.9999919  0.99999267 0.9999931  0.99999326
 0.9999933  0.99999297 0.9999921  0.9999905  0.99998873 0.99998635
 0.99998313 0.9999793  0.9999753  0.99997044 0.99996537 0.99996024
 0.99995524 0.99995035 0.9999458  0.999942   0.99993896 0.9999371
 0.99993706 0.9999382  0.9999405  0.9999444  0.9999491  0.99995434
 0.9999595  0.9999631  0.9999639  0.9999599  0.9999487 ]","[[0.5864033  0.70327526 0.48750016 0.3973225  0.30728608 0.70837754
  0.7068669  0.31610075 0.4130053  0.7357744  0.43156022 0.641379
  0.31200984 0.6637831  0.3665618  0.6385761  0.5659271  0.45338503]
 [0.12486648 3.1325488  1.0959805  1.0798815  0.37511456 4.659704
  2.8491392  1.9736617  5.0065575  2.3409936  3.7375622  2.5174482
  5.9458528  2.44578    4.5957046  3.594167   1.9844986  3.911091  ]
 [2.333258   0.88306504 4.367898   0.09667454 5.2210245  2.5805368
  4.550351   0.78813607 6.225607   2.872081   4.119301   5.148416
  6.281014   4.3997865  0.57026625 5.462472   5.4987717  1.7790217 ]]",trotter
540,40,7,True,"[1.         0.9999963  0.99998707 0.99997467 0.99996084 0.9999471
 0.9999344  0.9999235  0.9999149  0.9999087  0.99990505 0.9999038
 0.9999048  0.99990785 0.9999125  0.9999184  0.9999254  0.99993294
 0.99994075 0.9999486  0.9999562  0.99996334 0.9999699  0.9999756
 0.99998045 0.9999845  0.99998754 0.9999898  0.9999912  0.99999183
 0.9999919  0.9999914  0.9999906  0.9999895  0.9999883  0.99998707
 0.9999859  0.999985   0.9999842  0.99998385 0.99998385 0.9999842
 0.99998486 0.9999858  0.9999871  0.99998856 0.99999005 0.99999154
 0.999993   0.9999943  0.99999523 0.9999959  0.9999961  0.99999595
 0.99999523 0.9999941  0.9999926  0.9999907  0.9999885  0.9999862
 0.9999837  0.9999814  0.99997926 0.99997735 0.999976   0.9999751
 0.9999747  0.9999751  0.999976   0.99997747 0.9999794  0.9999816
 0.999984   0.9999864  0.9999885  0.99999005 0.9999909  0.9999907
 0.9999894  0.9999867  0.99998254 0.999977   0.99997    0.999962
 0.9999529  0.9999433  0.9999337  0.9999246  0.9999167  0.9999105
 0.99990666 0.9999058  0.9999083  0.9999143  0.9999235  0.99993527
 0.9999483  0.99996054 0.99996895 0.9999695  0.9999565 ]","[[0.6597186  0.46406814 0.6844822  0.5445123  0.5681872  0.25792205
  0.5967385  0.36516556 0.38913858 0.5179037  0.6054284  0.5494162
  0.3332223  0.5801398  0.2837951  0.3163015  0.59226453 0.40456346]
 [0.07138093 5.295101   4.572556   5.0851374  3.8680458  5.9233317
  0.25430414 0.45742318 4.33385    4.1261544  3.024698   0.6261035
  3.7866843  3.9912486  0.5300001  6.054725   5.711184   4.1824255 ]
 [3.659024   1.1403683  5.7234077  3.1285992  3.5094283  4.0930753
  3.816747   1.6914064  5.8894353  3.9753144  4.6189876  2.1545832
  1.5905831  3.0273275  2.2136047  0.27039927 5.1771436  5.577838  ]]",trotter
541,41,7,False,"[1.         0.99999714 0.9999875  0.999975   0.999961   0.9999472
 0.9999345  0.9999236  0.9999148  0.9999087  0.9999051  0.99990374
 0.9999049  0.99990803 0.99991256 0.9999185  0.9999256  0.9999329
 0.9999409  0.9999487  0.99995625 0.99996334 0.99996984 0.9999757
 0.99998057 0.99998456 0.99998766 0.9999898  0.99999124 0.9999918
 0.9999919  0.9999912  0.9999903  0.99998915 0.9999879  0.99998665
 0.99998546 0.9999845  0.9999837  0.9999833  0.9999834  0.9999836
 0.99998426 0.9999853  0.99998635 0.9999878  0.9999891  0.9999908
 0.99999225 0.99999344 0.9999943  0.9999949  0.9999954  0.99999535
 0.9999946  0.99999326 0.99999183 0.99999    0.999988   0.99998564
 0.999983   0.99998075 0.9999785  0.99997675 0.99997514 0.9999747
 0.9999741  0.99997455 0.9999755  0.9999771  0.9999789  0.9999813
 0.9999836  0.9999861  0.9999883  0.9999898  0.99999064 0.99999046
 0.9999891  0.9999865  0.9999823  0.99997675 0.99996984 0.99996156
 0.9999522  0.9999427  0.99993294 0.99992365 0.99991614 0.99991024
 0.9999062  0.99990547 0.99990755 0.99991316 0.9999226  0.99993455
 0.9999477  0.9999602  0.9999686  0.9999692  0.9999563 ]","[[0.6597186  0.46406814 0.6844822  0.5445123  0.5681872  0.25792205
  0.5967385  0.36516556 0.38913858 0.5179037  0.6054284  0.5494162
  0.3332223  0.5801398  0.2837951  0.3163015  0.59226453 0.40456346]
 [0.07138093 5.295101   4.572556   5.0851374  3.8680458  5.9233317
  0.25430414 0.45742318 4.33385    4.1261544  3.024698   0.6261035
  3.7866843  3.9912486  0.5300001  6.054725   5.711184   4.1824255 ]
 [3.659024   1.1403683  5.7234077  3.1285992  3.5094283  4.0930753
  3.816747   1.6914064  5.8894353  3.9753144  4.6189876  2.1545832
  1.5905831  3.0273275  2.2136047  0.27039927 5.1771436  5.577838  ]]",trotter
542,42,7,True,"[1.         0.9999952  0.99998325 0.99996746 0.99995023 0.99993336
 0.9999182  0.9999055  0.9998959  0.9998893  0.9998859  0.99988556
 0.9998878  0.99989235 0.99989885 0.9999067  0.99991554 0.99992496
 0.9999346  0.99994403 0.9999531  0.99996144 0.99996895 0.99997544
 0.9999809  0.9999852  0.9999885  0.99999076 0.9999921  0.99999255
 0.99999243 0.9999917  0.9999906  0.99998933 0.999988   0.99998677
 0.9999857  0.999985   0.99998456 0.9999847  0.9999852  0.9999861
 0.9999874  0.99998903 0.99999076 0.9999926  0.9999943  0.9999957
 0.99999666 0.9999971  0.9999967  0.9999955  0.99999344 0.9999905
 0.99998677 0.99998224 0.9999771  0.9999717  0.9999662  0.99996084
 0.9999561  0.9999521  0.99994916 0.9999476  0.99994755 0.9999491
 0.99995214 0.9999566  0.9999622  0.9999685  0.99997497 0.99998105
 0.99998605 0.99998915 0.9999897  0.99998695 0.99998033 0.9999694
 0.99995387 0.99993366 0.9999091  0.9998806  0.9998491  0.99981576
 0.99978197 0.9997494  0.9997201  0.9996958  0.99967855 0.99967015
 0.99967206 0.99968517 0.99970967 0.99974483 0.9997887  0.9998379
 0.9998871  0.99992925 0.9999547  0.99995154 0.9999048 ]","[[0.66461176 0.6732774  0.34254193 0.53460795 0.5250088  0.38685742
  0.39445457 0.6174389  0.72394246 0.6094917  0.7117134  0.6536447
  0.4031939  0.43621036 0.7382067  0.4840628  0.31379727 0.27930263]
 [3.929903   0.7847162  3.219092   1.4996119  4.322167   1.7169626
  3.4859397  1.2098395  1.3111564  3.9633353  6.2091208  5.789859
  5.922783   2.5183     6.1885257  2.2266045  4.7430344  5.6645284 ]
 [3.9872453  2.2308676  3.5081496  4.827622   2.4871814  5.844801
  3.303931   0.7284244  0.34647697 0.7463679  5.9124002  2.89263
  6.1130652  0.3043537  2.3936355  4.287128   5.947685   1.8945581 ]]",trotter
543,43,7,False,"[1.         0.9999959  0.9999838  0.9999678  0.99995047 0.9999337
 0.9999183  0.99990577 0.9998957  0.9998894  0.999886   0.99988556
 0.99988794 0.99989253 0.99989915 0.999907   0.99991584 0.99992514
 0.9999348  0.9999442  0.9999532  0.9999617  0.9999692  0.9999757
 0.99998105 0.9999852  0.9999886  0.99999064 0.99999195 0.9999924
 0.9999921  0.9999912  0.9999903  0.9999891  0.9999876  0.9999862
 0.99998504 0.99998444 0.999984   0.99998397 0.9999846  0.9999855
 0.99998677 0.99998844 0.9999903  0.99999213 0.9999937  0.99999505
 0.99999607 0.9999964  0.9999961  0.99999493 0.9999928  0.99999
 0.99998593 0.99998146 0.99997646 0.999971   0.9999656  0.9999602
 0.9999553  0.99995124 0.9999484  0.99994695 0.9999471  0.9999486
 0.9999515  0.99995583 0.99996126 0.9999677  0.9999742  0.9999804
 0.99998534 0.9999884  0.999989   0.9999863  0.9999794  0.99996865
 0.99995303 0.99993306 0.99990815 0.99987966 0.9998483  0.999815
 0.99978137 0.99974865 0.99971944 0.99969524 0.9996778  0.9996693
 0.9996712  0.9996844  0.99970853 0.9997438  0.9997878  0.9998374
 0.9998865  0.99992865 0.9999543  0.999951   0.9999043 ]","[[0.66461176 0.6732774  0.34254193 0.53460795 0.5250088  0.38685742
  0.39445457 0.6174389  0.72394246 0.6094917  0.7117134  0.6536447
  0.4031939  0.43621036 0.7382067  0.4840628  0.31379727 0.27930263]
 [3.929903   0.7847162  3.219092   1.4996119  4.322167   1.7169626
  3.4859397  1.2098395  1.3111564  3.9633353  6.2091208  5.789859
  5.922783   2.5183     6.1885257  2.2266045  4.7430344  5.6645284 ]
 [3.9872453  2.2308676  3.5081496  4.827622   2.4871814  5.844801
  3.303931   0.7284244  0.34647697 0.7463679  5.9124002  2.89263
  6.1130652  0.3043537  2.3936355  4.287128   5.947685   1.8945581 ]]",trotter
544,44,7,True,"[1.         0.99999803 0.99999297 0.9999863  0.9999788  0.9999714
 0.9999646  0.9999588  0.99995434 0.99995124 0.9999496  0.9999493
 0.9999503  0.9999523  0.99995524 0.99995875 0.9999628  0.99996704
 0.99997133 0.9999754  0.9999792  0.99998254 0.99998534 0.99998766
 0.9999893  0.9999903  0.9999908  0.99999076 0.9999903  0.99998945
 0.99998844 0.9999872  0.99998593 0.99998474 0.9999836  0.99998283
 0.99998224 0.999982   0.9999821  0.99998254 0.99998325 0.99998426
 0.9999855  0.9999869  0.9999883  0.99998975 0.9999912  0.9999924
 0.9999934  0.9999942  0.9999947  0.9999949  0.99999475 0.99999434
 0.9999937  0.99999285 0.99999183 0.99999076 0.9999896  0.9999886
 0.9999877  0.99998695 0.99998635 0.999986   0.99998575 0.99998575
 0.9999859  0.999986   0.9999861  0.99998605 0.99998575 0.9999851
 0.99998397 0.99998224 0.99997985 0.9999768  0.9999731  0.9999687
 0.99996376 0.9999583  0.9999525  0.9999466  0.9999409  0.9999355
 0.9999309  0.9999273  0.9999249  0.99992406 0.99992496 0.99992764
 0.99993205 0.99993813 0.99994534 0.99995315 0.9999607  0.99996674
 0.9999698  0.9999677  0.9999581  0.9999381  0.9999039 ]","[[0.6287273  0.5113322  0.49122313 0.3222172  0.3861348  0.5670689
  0.50214905 0.26785308 0.71259254 0.3575376  0.6146942  0.40932783
  0.6485857  0.6611201  0.49366423 0.297123   0.59063274 0.4510749 ]
 [0.43638706 4.622294   0.53298616 1.5399492  4.4210763  4.550257
  3.499883   1.9796472  0.85953987 1.6253849  1.7201605  5.878762
  5.649819   1.9710889  5.659204   0.16783154 3.1734905  3.7004237 ]
 [3.3992841  3.032266   2.499735   5.243195   3.10494    1.3948723
  0.73698276 1.2671779  0.3202015  3.532111   1.0174243  0.75311834
  3.8518298  6.2262683  6.2572203  2.060083   2.6474643  4.755016  ]]",trotter
545,45,7,False,"[1.         0.999999   0.9999934  0.99998665 0.99997914 0.9999716
 0.99996483 0.99995905 0.9999544  0.9999513  0.9999495  0.99994934
 0.9999502  0.9999523  0.9999552  0.9999589  0.99996275 0.9999673
 0.9999716  0.9999757  0.99997944 0.99998266 0.99998575 0.99998784
 0.9999897  0.99999046 0.999991   0.99999094 0.9999903  0.99998945
 0.99998826 0.99998707 0.99998575 0.99998456 0.9999835  0.9999826
 0.9999821  0.99998176 0.99998164 0.999982   0.99998266 0.9999836
 0.9999847  0.9999861  0.9999877  0.9999889  0.99999046 0.9999918
 0.99999267 0.9999934  0.9999938  0.9999941  0.99999374 0.9999934
 0.9999928  0.99999183 0.9999909  0.99998957 0.9999886  0.9999878
 0.9999868  0.999986   0.9999854  0.9999849  0.9999845  0.99998444
 0.99998474 0.9999847  0.999985   0.9999849  0.9999846  0.999984
 0.9999827  0.9999811  0.9999788  0.99997586 0.9999721  0.99996763
 0.9999626  0.9999572  0.9999514  0.9999454  0.99993974 0.9999346
 0.9999303  0.9999266  0.9999241  0.9999234  0.9999244  0.99992734
 0.9999318  0.999938   0.9999451  0.9999529  0.9999604  0.99996626
 0.9999691  0.99996734 0.9999575  0.9999378  0.99990386]","[[0.6287273  0.5113322  0.49122313 0.3222172  0.3861348  0.5670689
  0.50214905 0.26785308 0.71259254 0.3575376  0.6146942  0.40932783
  0.6485857  0.6611201  0.49366423 0.297123   0.59063274 0.4510749 ]
 [0.43638706 4.622294   0.53298616 1.5399492  4.4210763  4.550257
  3.499883   1.9796472  0.85953987 1.6253849  1.7201605  5.878762
  5.649819   1.9710889  5.659204   0.16783154 3.1734905  3.7004237 ]
 [3.3992841  3.032266   2.499735   5.243195   3.10494    1.3948723
  0.73698276 1.2671779  0.3202015  3.532111   1.0174243  0.75311834
  3.8518298  6.2262683  6.2572203  2.060083   2.6474643  4.755016  ]]",trotter
546,46,7,True,"[1.         0.9999987  0.9999954  0.9999911  0.99998635 0.9999817
 0.9999774  0.99997383 0.999971   0.999969   0.9999679  0.9999676
 0.999968   0.99996907 0.9999706  0.99997264 0.99997497 0.9999774
 0.99998    0.9999824  0.9999848  0.9999868  0.9999886  0.99999005
 0.999991   0.9999916  0.9999917  0.9999914  0.99999064 0.9999895
 0.9999881  0.99998635 0.99998444 0.9999825  0.9999804  0.9999785
 0.99997675 0.99997526 0.999974   0.9999733  0.99997294 0.999973
 0.9999736  0.9999746  0.9999759  0.9999776  0.9999796  0.99998176
 0.99998397 0.9999861  0.99998814 0.99999005 0.99999154 0.99999267
 0.9999935  0.9999939  0.99999386 0.99999356 0.9999929  0.99999213
 0.9999912  0.9999902  0.9999894  0.99998873 0.99998826 0.99998814
 0.9999884  0.9999889  0.99998975 0.9999908  0.9999921  0.99999326
 0.9999944  0.99999523 0.99999565 0.9999955  0.9999947  0.9999931
 0.9999906  0.9999873  0.9999832  0.9999784  0.99997306 0.9999674
 0.99996173 0.99995625 0.9999514  0.9999474  0.9999447  0.9999434
 0.9999438  0.999946   0.9999498  0.9999551  0.9999614  0.99996793
 0.9999737  0.9999774  0.99997723 0.9999712  0.99995667]","[[5.0934649e-01 5.6285274e-01 3.6804509e-01 3.7308037e-01 4.7089455e-01
  2.7983350e-01 4.6710357e-01 7.2255778e-01 3.7104172e-01 3.8179496e-01
  6.7565465e-01 6.0782677e-01 4.7212285e-01 5.5292743e-01 7.2214329e-01
  5.2173501e-01 3.2381409e-01 5.4613161e-01]
 [1.1563488e+00 4.4705958e+00 7.9223514e-01 4.4654799e+00 3.9119844e+00
  4.4866080e+00 2.2172337e+00 2.9384429e+00 3.0268705e-01 2.1410942e+00
  2.6698792e+00 6.2086353e+00 4.3106546e+00 5.8199859e+00 2.0987983e+00
  6.0997832e-01 2.3965235e+00 1.1789645e-03]
 [3.0644387e-01 5.8694248e+00 5.9832234e+00 5.5421424e-01 6.2179437e+00
  1.1198193e-01 2.4761264e+00 2.8564470e+00 3.3181312e+00 6.0365882e+00
  9.3197487e-02 6.1239839e+00 1.8527089e+00 4.9027589e-01 1.9180096e+00
  3.2237470e-01 5.0879769e+00 1.4587547e+00]]",trotter
547,47,7,False,"[1.         0.99999946 0.99999595 0.99999154 0.9999867  0.9999821
 0.9999777  0.9999741  0.9999712  0.9999693  0.999968   0.99996775
 0.99996805 0.9999692  0.9999709  0.99997276 0.99997514 0.9999776
 0.9999802  0.9999827  0.99998516 0.9999872  0.9999889  0.99999034
 0.99999124 0.99999183 0.99999183 0.99999136 0.9999906  0.99998945
 0.99998796 0.9999864  0.99998456 0.9999825  0.9999805  0.9999786
 0.9999766  0.9999752  0.99997383 0.9999731  0.9999727  0.99997264
 0.9999731  0.99997413 0.9999753  0.99997705 0.99997896 0.9999812
 0.9999832  0.99998546 0.99998736 0.99998903 0.99999076 0.99999183
 0.99999255 0.99999285 0.9999927  0.99999225 0.99999166 0.9999907
 0.99998987 0.99998903 0.999988   0.99998754 0.9999872  0.99998724
 0.9999874  0.999988   0.9999888  0.99999005 0.99999124 0.9999925
 0.9999934  0.9999945  0.99999493 0.9999949  0.9999938  0.9999924
 0.9999901  0.9999866  0.99998266 0.9999775  0.9999724  0.99996656
 0.99996096 0.9999553  0.99995047 0.99994653 0.99994373 0.999943
 0.99994344 0.99994564 0.99994934 0.9999547  0.99996096 0.9999676
 0.999973   0.9999773  0.9999772  0.9999707  0.99995625]","[[5.0934649e-01 5.6285274e-01 3.6804509e-01 3.7308037e-01 4.7089455e-01
  2.7983350e-01 4.6710357e-01 7.2255778e-01 3.7104172e-01 3.8179496e-01
  6.7565465e-01 6.0782677e-01 4.7212285e-01 5.5292743e-01 7.2214329e-01
  5.2173501e-01 3.2381409e-01 5.4613161e-01]
 [1.1563488e+00 4.4705958e+00 7.9223514e-01 4.4654799e+00 3.9119844e+00
  4.4866080e+00 2.2172337e+00 2.9384429e+00 3.0268705e-01 2.1410942e+00
  2.6698792e+00 6.2086353e+00 4.3106546e+00 5.8199859e+00 2.0987983e+00
  6.0997832e-01 2.3965235e+00 1.1789645e-03]
 [3.0644387e-01 5.8694248e+00 5.9832234e+00 5.5421424e-01 6.2179437e+00
  1.1198193e-01 2.4761264e+00 2.8564470e+00 3.3181312e+00 6.0365882e+00
  9.3197487e-02 6.1239839e+00 1.8527089e+00 4.9027589e-01 1.9180096e+00
  3.2237470e-01 5.0879769e+00 1.4587547e+00]]",trotter
548,48,7,True,"[1.         0.9999938  0.9999777  0.9999549  0.99992806 0.99989957
 0.999871   0.9998439  0.99981934 0.999798   0.9997805  0.99976695
 0.9997577  0.9997525  0.9997513  0.9997538  0.99975955 0.9997682
 0.99977934 0.99979246 0.9998071  0.9998228  0.9998391  0.9998556
 0.9998719  0.9998877  0.9999026  0.99991643 0.99992895 0.9999399
 0.99994934 0.999957   0.99996305 0.9999674  0.9999701  0.9999712
 0.99997085 0.99996924 0.9999665  0.9999628  0.99995834 0.9999533
 0.99994797 0.9999424  0.99993694 0.9999317  0.9999268  0.9999226
 0.99991906 0.99991626 0.99991447 0.9999136  0.99991375 0.9999149
 0.99991703 0.9999201  0.99992406 0.99992883 0.9999342  0.99994004
 0.9999462  0.9999525  0.9999587  0.99996465 0.99997014 0.9999749
 0.99997884 0.9999817  0.9999834  0.99998367 0.9999824  0.9999797
 0.9999753  0.99996936 0.9999618  0.9999528  0.9999425  0.99993104
 0.99991876 0.99990594 0.99989283 0.99987996 0.9998677  0.9998565
 0.9998468  0.9998392  0.99983394 0.99983156 0.9998324  0.99983656
 0.9998442  0.99985516 0.9998692  0.9998857  0.9999037  0.99992186
 0.9999384  0.9999511  0.99995685 0.9999521  0.9999323 ]","[[0.31537035 0.71134686 0.52470374 0.34791455 0.6063665  0.34289318
  0.675976   0.38717222 0.729676   0.5897905  0.65893936 0.70603323
  0.7103693  0.70408607 0.48828104 0.7162853  0.678355   0.35410714]
 [5.444648   3.6851237  5.560567   2.6045728  2.3253837  0.37418365
  1.026975   0.49661803 0.2686032  4.2015114  3.6365666  1.96622
  2.2347245  1.9866574  0.9088996  1.5573786  2.383061   0.43923855]
 [5.752197   1.8586148  1.5238634  5.843526   2.419821   0.94520384
  5.0227904  0.6283409  1.9117578  2.7765467  2.550903   1.7905378
  3.534022   4.7907147  1.3594991  1.9273273  3.6989706  4.280077  ]]",trotter
549,49,7,False,"[1.         0.9999942  0.99997807 0.99995524 0.9999283  0.99989957
 0.9998709  0.9998439  0.9998191  0.9997979  0.9997805  0.9997671
 0.9997578  0.9997524  0.9997514  0.9997539  0.9997597  0.9997682
 0.99977934 0.9997924  0.9998072  0.9998228  0.99983877 0.9998554
 0.9998718  0.9998876  0.9999024  0.99991626 0.99992883 0.9999398
 0.9999489  0.9999568  0.9999626  0.9999672  0.9999697  0.99997073
 0.9999702  0.99996847 0.9999662  0.99996245 0.9999578  0.9999528
 0.99994737 0.9999419  0.9999363  0.99993086 0.99992627 0.99992204
 0.9999184  0.9999157  0.9999141  0.9999133  0.9999134  0.99991447
 0.99991643 0.99991953 0.99992347 0.9999284  0.99993396 0.9999394
 0.9999455  0.99995196 0.99995816 0.9999642  0.9999695  0.9999747
 0.99997824 0.9999811  0.9999828  0.99998295 0.9999819  0.999979
 0.99997526 0.9999692  0.99996144 0.9999526  0.99994236 0.99993086
 0.99991834 0.9999055  0.99989253 0.99987954 0.9998674  0.9998561
 0.9998465  0.99983877 0.9998338  0.9998312  0.99983174 0.99983615
 0.9998439  0.9998549  0.99986917 0.9998856  0.99990344 0.99992186
 0.9999385  0.9999509  0.99995685 0.9999517  0.9999321 ]","[[0.31537035 0.71134686 0.52470374 0.34791455 0.6063665  0.34289318
  0.675976   0.38717222 0.729676   0.5897905  0.65893936 0.70603323
  0.7103693  0.70408607 0.48828104 0.7162853  0.678355   0.35410714]
 [5.444648   3.6851237  5.560567   2.6045728  2.3253837  0.37418365
  1.026975   0.49661803 0.2686032  4.2015114  3.6365666  1.96622
  2.2347245  1.9866574  0.9088996  1.5573786  2.383061   0.43923855]
 [5.752197   1.8586148  1.5238634  5.843526   2.419821   0.94520384
  5.0227904  0.6283409  1.9117578  2.7765467  2.550903   1.7905378
  3.534022   4.7907147  1.3594991  1.9273273  3.6989706  4.280077  ]]",trotter
550,50,8,True,"[1.         0.9999955  0.9999846  0.99997    0.99995416 0.99993855
 0.99992436 0.99991244 0.99990314 0.9998967  0.99989307 0.9998921
 0.9998936  0.99989724 0.9999026  0.99990934 0.99991715 0.9999256
 0.99993426 0.9999429  0.9999512  0.99995893 0.9999659  0.9999719
 0.9999769  0.99998075 0.99998343 0.99998516 0.9999858  0.99998564
 0.99998474 0.9999834  0.99998164 0.9999798  0.999978   0.9999765
 0.9999753  0.9999747  0.99997467 0.9999752  0.9999764  0.9999781
 0.9999802  0.9999827  0.9999853  0.99998784 0.99999017 0.9999921
 0.99999344 0.9999941  0.999994   0.99999297 0.99999124 0.9999886
 0.9999854  0.99998164 0.99997765 0.99997354 0.9999696  0.9999661
 0.9999633  0.9999613  0.9999603  0.99996054 0.99996185 0.99996436
 0.9999677  0.9999718  0.99997634 0.9999808  0.9999849  0.999988
 0.9999897  0.99998933 0.9999865  0.99998087 0.999972   0.99995965
 0.9999439  0.99992484 0.9999028  0.99987835 0.9998522  0.99982536
 0.9997989  0.99977416 0.99975246 0.99973536 0.99972403 0.99971986
 0.9997237  0.9997361  0.99975705 0.99978584 0.99982077 0.9998591
 0.9998966  0.9999276  0.99994427 0.999937   0.99989355]","[[0.28005603 0.40666956 0.64208615 0.29595956 0.68143135 0.5572588
  0.46546528 0.6789398  0.677401   0.52988714 0.29403734 0.7273412
  0.5766713  0.37852204 0.62304646 0.36255273 0.52586746 0.43144223
  0.599074   0.30271614 0.68586874]
 [0.7729714  5.579207   5.138806   1.6784636  1.6999714  5.843935
  0.18469898 0.41115165 3.524585   5.3950434  0.77009594 5.775585
  6.0271497  4.651136   1.8908547  4.026301   2.1984262  5.775683
  2.5165544  5.187103   1.2971666 ]
 [3.349333   1.6358116  5.7811155  5.7639513  1.486184   3.926341
  2.305063   0.99327105 0.12640584 3.6862903  3.9279091  5.5623055
  3.1578965  1.6361104  4.2201185  2.520723   2.3452692  4.129055
  4.97376    3.618616   4.0018587 ]]",trotter
551,51,8,False,"[1.         0.9999962  0.99998504 0.9999704  0.9999544  0.9999386
 0.99992424 0.9999122  0.99990284 0.99989647 0.9998929  0.9998918
 0.99989355 0.9998972  0.9999026  0.9999095  0.9999172  0.9999257
 0.99993426 0.9999429  0.99995124 0.9999589  0.9999658  0.9999717
 0.99997675 0.9999806  0.9999833  0.9999848  0.9999855  0.99998534
 0.99998444 0.999983   0.9999813  0.99997944 0.99997747 0.9999759
 0.99997455 0.999974   0.99997395 0.9999743  0.9999755  0.9999771
 0.999979   0.9999816  0.9999842  0.9999865  0.99998885 0.99999064
 0.99999213 0.99999255 0.99999255 0.99999154 0.9999897  0.999987
 0.99998397 0.99998015 0.9999762  0.99997234 0.99996805 0.9999648
 0.99996185 0.99995995 0.9999591  0.9999592  0.9999606  0.99996316
 0.9999666  0.9999709  0.9999755  0.99998    0.99998367 0.9999869
 0.9999886  0.99998826 0.9999855  0.9999799  0.9999711  0.9999587
 0.9999425  0.9999234  0.99990135 0.9998774  0.99985117 0.9998242
 0.9997978  0.99977314 0.9997516  0.99973434 0.99972326 0.9997191
 0.99972266 0.9997353  0.9997566  0.99978524 0.99982035 0.99985844
 0.9998961  0.9999271  0.999944   0.9999368  0.9998931 ]","[[0.28005603 0.40666956 0.64208615 0.29595956 0.68143135 0.5572588
  0.46546528 0.6789398  0.677401   0.52988714 0.29403734 0.7273412
  0.5766713  0.37852204 0.62304646 0.36255273 0.52586746 0.43144223
  0.599074   0.30271614 0.68586874]
 [0.7729714  5.579207   5.138806   1.6784636  1.6999714  5.843935
  0.18469898 0.41115165 3.524585   5.3950434  0.77009594 5.775585
  6.0271497  4.651136   1.8908547  4.026301   2.1984262  5.775683
  2.5165544  5.187103   1.2971666 ]
 [3.349333   1.6358116  5.7811155  5.7639513  1.486184   3.926341
  2.305063   0.99327105 0.12640584 3.6862903  3.9279091  5.5623055
  3.1578965  1.6361104  4.2201185  2.520723   2.3452692  4.129055
  4.97376    3.618616   4.0018587 ]]",trotter
552,52,8,True,"[1.         0.9999891  0.9999623  0.9999268  0.99988836 0.99985117
 0.9998181  0.99979115 0.99977136 0.9997592  0.9997544  0.9997565
 0.9997646  0.9997778  0.99979484 0.9998147  0.999836   0.9998581
 0.99987984 0.99990046 0.9999193  0.99993604 0.9999503  0.9999618
 0.9999706  0.99997693 0.99998075 0.9999825  0.9999825  0.999981
 0.99997854 0.99997544 0.99997216 0.99996895 0.99996614 0.999964
 0.9999626  0.9999622  0.99996275 0.99996424 0.99996656 0.99996966
 0.99997324 0.9999772  0.9999812  0.99998516 0.9999887  0.99999166
 0.9999938  0.9999951  0.9999954  0.99999464 0.9999929  0.9999902
 0.99998677 0.99998266 0.99997824 0.99997365 0.99996924 0.9999653
 0.9999621  0.9999598  0.9999586  0.9999586  0.99995995 0.9999624
 0.99996597 0.99997026 0.9999751  0.9999799  0.9999842  0.9999875
 0.9999891  0.99998856 0.99998504 0.9999783  0.99996775 0.9999532
 0.9999345  0.9999117  0.99988526 0.99985564 0.9998235  0.99979013
 0.9997567  0.9997246  0.9996957  0.9996715  0.99965394 0.99964446
 0.9996446  0.9996553  0.9996771  0.9997097  0.99975187 0.9998012
 0.99985385 0.9999041  0.9999443  0.9999646  0.9999522 ]","[[0.6307078  0.68586093 0.38426238 0.4019729  0.3041306  0.40567002
  0.5031619  0.7164361  0.60055435 0.72708833 0.4821894  0.46213007
  0.683909   0.34632656 0.59763706 0.6757463  0.27397704 0.31725585
  0.4975965  0.5212672  0.5967258 ]
 [1.4475393  2.6880403  1.3716973  0.78209037 4.8011985  5.189544
  5.4510055  6.25851    2.9685206  5.2750154  3.680479   0.4168602
  2.3411126  4.6402483  3.5326087  6.204136   0.02410234 0.90503305
  2.2636836  6.2711167  2.5501895 ]
 [4.153339   0.3461627  5.8688965  2.1116126  2.232415   1.1887051
  0.9863579  4.7882347  3.7676044  0.07708898 3.4062111  2.9746714
  1.1738158  4.1421013  0.9293393  3.5887907  1.4016261  0.7041896
  0.03756636 2.518176   4.7068872 ]]",trotter
553,53,8,False,"[1.         0.99998975 0.9999626  0.9999272  0.9998886  0.99985117
 0.99981815 0.999791   0.99977124 0.9997591  0.9997545  0.9997566
 0.9997648  0.9997781  0.99979496 0.99981475 0.9998361  0.99985814
 0.99987984 0.9999004  0.9999191  0.9999361  0.9999503  0.9999616
 0.9999705  0.99997663 0.99998045 0.99998224 0.99998194 0.9999805
 0.99997795 0.9999747  0.99997145 0.9999682  0.99996513 0.999963
 0.99996185 0.9999616  0.999962   0.9999635  0.99996567 0.99996865
 0.9999721  0.99997604 0.9999799  0.99998397 0.9999874  0.99999034
 0.99999255 0.99999386 0.99999416 0.9999933  0.9999919  0.99998873
 0.99998534 0.9999812  0.9999765  0.99997216 0.9999677  0.99996376
 0.9999606  0.9999582  0.9999573  0.9999578  0.9999591  0.9999615
 0.99996513 0.9999695  0.99997413 0.99997914 0.9999835  0.9999868
 0.99998826 0.99998724 0.999984   0.99997747 0.99996716 0.99995226
 0.9999338  0.9999111  0.9998847  0.9998551  0.99982315 0.99978966
 0.9997567  0.99972445 0.99969536 0.9996709  0.9996532  0.9996437
 0.9996439  0.99965435 0.999676   0.9997092  0.9997511  0.9998005
 0.9998535  0.99990356 0.99994385 0.9999638  0.9999521 ]","[[0.6307078  0.68586093 0.38426238 0.4019729  0.3041306  0.40567002
  0.5031619  0.7164361  0.60055435 0.72708833 0.4821894  0.46213007
  0.683909   0.34632656 0.59763706 0.6757463  0.27397704 0.31725585
  0.4975965  0.5212672  0.5967258 ]
 [1.4475393  2.6880403  1.3716973  0.78209037 4.8011985  5.189544
  5.4510055  6.25851    2.9685206  5.2750154  3.680479   0.4168602
  2.3411126  4.6402483  3.5326087  6.204136   0.02410234 0.90503305
  2.2636836  6.2711167  2.5501895 ]
 [4.153339   0.3461627  5.8688965  2.1116126  2.232415   1.1887051
  0.9863579  4.7882347  3.7676044  0.07708898 3.4062111  2.9746714
  1.1738158  4.1421013  0.9293393  3.5887907  1.4016261  0.7041896
  0.03756636 2.518176   4.7068872 ]]",trotter
554,54,8,True,"[1.         0.99999845 0.99999475 0.9999898  0.9999845  0.9999794
 0.9999749  0.9999712  0.9999685  0.99996686 0.9999662  0.99996644
 0.9999675  0.99996924 0.9999714  0.999974   0.99997675 0.99997956
 0.9999823  0.9999848  0.9999871  0.9999892  0.9999909  0.9999922
 0.9999931  0.99999374 0.9999941  0.99999416 0.99999404 0.99999374
 0.9999934  0.99999297 0.9999925  0.99999213 0.9999918  0.9999916
 0.9999915  0.9999915  0.9999916  0.9999919  0.9999922  0.9999926
 0.999993   0.99999344 0.99999386 0.9999942  0.99999446 0.99999464
 0.99999464 0.9999945  0.99999434 0.999994   0.9999935  0.99999297
 0.9999923  0.99999166 0.99999106 0.9999905  0.99999005 0.9999897
 0.9999895  0.9999895  0.9999897  0.99999005 0.9999906  0.9999913
 0.99999213 0.99999297 0.99999386 0.99999464 0.9999953  0.99999565
 0.9999957  0.99999535 0.9999945  0.9999931  0.9999911  0.9999885
 0.9999853  0.9999815  0.9999772  0.99997246 0.9999675  0.99996245
 0.99995744 0.99995285 0.9999488  0.9999456  0.99994344 0.99994254
 0.9999431  0.99994516 0.99994874 0.9999537  0.9999596  0.99996597
 0.99997187 0.99997616 0.99997723 0.99997306 0.99996096]","[[0.5402393  0.34251952 0.25166592 0.4972776  0.5111317  0.34075993
  0.25305584 0.43930045 0.3470077  0.48372397 0.6608881  0.36798418
  0.47822562 0.3078582  0.38178805 0.2917077  0.6517544  0.274937
  0.43919757 0.6086774  0.5121255 ]
 [0.07468399 0.8566541  3.9022746  0.5370335  4.798561   2.9596357
  5.554877   1.5843899  0.06044007 2.006851   2.4075537  4.065599
  5.0789914  1.5454992  2.5809383  2.8823063  5.0262656  5.5737586
  4.132911   0.79105633 0.8607759 ]
 [2.2576284  4.186874   5.2467685  1.5972792  3.9469693  1.148066
  0.1633448  3.9496517  5.286266   2.9524732  1.5628674  3.7185535
  1.5880771  4.517195   1.5389874  2.4509141  1.8891507  4.8011856
  1.9841063  4.747338   1.3501525 ]]",trotter
555,55,8,False,"[1.         0.9999991  0.9999951  0.9999901  0.9999846  0.99997944
 0.99997467 0.99997103 0.9999682  0.9999666  0.99996614 0.9999664
 0.99996763 0.99996924 0.9999715  0.9999741  0.9999768  0.99997956
 0.9999822  0.9999848  0.9999872  0.9999891  0.99999076 0.999992
 0.999993   0.99999374 0.99999404 0.999994   0.99999374 0.9999936
 0.9999932  0.99999255 0.9999921  0.9999915  0.9999912  0.9999909
 0.9999906  0.99999046 0.99999064 0.9999908  0.99999106 0.9999914
 0.9999918  0.99999213 0.9999926  0.99999285 0.9999932  0.99999326
 0.9999934  0.99999315 0.9999929  0.9999925  0.9999921  0.99999154
 0.99999106 0.9999903  0.9999896  0.9999891  0.9999886  0.9999882
 0.99998796 0.9999881  0.9999881  0.99998844 0.99998915 0.9999899
 0.9999908  0.99999166 0.9999925  0.99999326 0.9999939  0.99999434
 0.99999446 0.9999942  0.9999936  0.999992   0.99999017 0.9999876
 0.99998415 0.99998045 0.9999762  0.9999718  0.9999667  0.99996173
 0.99995726 0.99995285 0.99994874 0.99994534 0.9999429  0.99994206
 0.9999424  0.99994475 0.99994826 0.999953   0.99995893 0.9999654
 0.99997145 0.9999758  0.9999771  0.99997264 0.9999606 ]","[[0.5402393  0.34251952 0.25166592 0.4972776  0.5111317  0.34075993
  0.25305584 0.43930045 0.3470077  0.48372397 0.6608881  0.36798418
  0.47822562 0.3078582  0.38178805 0.2917077  0.6517544  0.274937
  0.43919757 0.6086774  0.5121255 ]
 [0.07468399 0.8566541  3.9022746  0.5370335  4.798561   2.9596357
  5.554877   1.5843899  0.06044007 2.006851   2.4075537  4.065599
  5.0789914  1.5454992  2.5809383  2.8823063  5.0262656  5.5737586
  4.132911   0.79105633 0.8607759 ]
 [2.2576284  4.186874   5.2467685  1.5972792  3.9469693  1.148066
  0.1633448  3.9496517  5.286266   2.9524732  1.5628674  3.7185535
  1.5880771  4.517195   1.5389874  2.4509141  1.8891507  4.8011856
  1.9841063  4.747338   1.3501525 ]]",trotter
556,56,8,True,"[1.         0.9999982  0.99999386 0.999988   0.9999816  0.99997514
 0.99996924 0.99996406 0.9999598  0.9999567  0.9999545  0.9999534
 0.9999531  0.9999536  0.9999548  0.9999565  0.9999585  0.99996084
 0.9999632  0.99996567 0.99996805 0.99997026 0.9999723  0.9999741
 0.9999756  0.9999768  0.9999778  0.9999786  0.9999791  0.99997944
 0.9999796  0.99997973 0.9999799  0.99998    0.99998015 0.9999804
 0.99998075 0.9999813  0.99998194 0.99998283 0.9999838  0.999985
 0.9999862  0.9999875  0.99998885 0.99999017 0.9999914  0.9999926
 0.9999936  0.99999446 0.99999505 0.9999954  0.9999955  0.9999954
 0.99999505 0.9999945  0.99999374 0.99999297 0.9999921  0.9999912
 0.9999904  0.9999896  0.9999891  0.9999887  0.9999885  0.9999885
 0.99998873 0.99998903 0.99998945 0.99998987 0.9999902  0.9999904
 0.99999034 0.99998987 0.99998885 0.9999873  0.9999851  0.9999821
 0.99997836 0.99997395 0.9999688  0.9999631  0.99995697 0.9999506
 0.99994415 0.9999381  0.9999325  0.9999278  0.99992436 0.9999224
 0.9999221  0.99992365 0.99992704 0.99993205 0.99993825 0.999945
 0.99995095 0.99995464 0.9999538  0.99994546 0.9999259 ]","[[0.37226436 0.29381466 0.7235786  0.46212813 0.49035865 0.72655267
  0.26095566 0.6063722  0.5901868  0.6156124  0.67394996 0.6301358
  0.46921507 0.6557302  0.7368765  0.6034408  0.26590115 0.7374607
  0.65547895 0.7236909  0.3591841 ]
 [4.695153   3.1666694  0.15835527 4.51675    5.492086   2.517503
  2.955692   2.0321069  5.753924   6.139555   1.5870457  0.837531
  4.3746037  5.3197374  3.0740879  1.3479775  1.728953   5.5731535
  1.881323   0.45850486 0.05712391]
 [3.4133751  3.4196906  0.8839234  2.3041425  5.476416   5.737623
  1.6851571  4.7869506  1.199296   3.2105062  2.691545   5.619231
  2.5443752  0.8922744  6.1896334  1.535016   1.5227431  0.827638
  2.4861698  5.8682885  2.8305948 ]]",trotter
557,57,8,False,"[1.         0.9999989  0.99999434 0.99998844 0.9999819  0.9999753
 0.99996924 0.999964   0.9999597  0.99995667 0.9999544  0.9999535
 0.9999532  0.99995387 0.9999551  0.99995667 0.9999587  0.9999611
 0.9999634  0.99996585 0.9999681  0.99997026 0.9999723  0.9999741
 0.9999755  0.99997675 0.9999778  0.99997836 0.9999788  0.9999792
 0.9999795  0.99997944 0.99997956 0.9999795  0.9999796  0.9999798
 0.9999801  0.9999807  0.9999813  0.9999821  0.9999831  0.99998415
 0.9999851  0.99998647 0.9999878  0.99998903 0.9999904  0.99999154
 0.9999925  0.9999933  0.999994   0.9999943  0.99999434 0.99999404
 0.99999386 0.9999932  0.9999924  0.99999166 0.9999907  0.99999005
 0.999989   0.9999882  0.99998766 0.9999872  0.99998707 0.99998707
 0.99998707 0.99998736 0.99998784 0.9999883  0.9999887  0.999989
 0.999989   0.9999885  0.99998754 0.99998635 0.99998415 0.99998134
 0.99997765 0.999973   0.9999679  0.9999619  0.9999559  0.99994934
 0.99994314 0.9999371  0.99993145 0.99992687 0.9999232  0.9999212
 0.99992085 0.9999225  0.99992585 0.9999309  0.9999371  0.9999437
 0.99994993 0.9999536  0.99995327 0.9999448  0.99992514]","[[0.37226436 0.29381466 0.7235786  0.46212813 0.49035865 0.72655267
  0.26095566 0.6063722  0.5901868  0.6156124  0.67394996 0.6301358
  0.46921507 0.6557302  0.7368765  0.6034408  0.26590115 0.7374607
  0.65547895 0.7236909  0.3591841 ]
 [4.695153   3.1666694  0.15835527 4.51675    5.492086   2.517503
  2.955692   2.0321069  5.753924   6.139555   1.5870457  0.837531
  4.3746037  5.3197374  3.0740879  1.3479775  1.728953   5.5731535
  1.881323   0.45850486 0.05712391]
 [3.4133751  3.4196906  0.8839234  2.3041425  5.476416   5.737623
  1.6851571  4.7869506  1.199296   3.2105062  2.691545   5.619231
  2.5443752  0.8922744  6.1896334  1.535016   1.5227431  0.827638
  2.4861698  5.8682885  2.8305948 ]]",trotter
558,58,8,True,"[1.         0.9999988  0.9999961  0.99999297 0.99998987 0.9999871
 0.9999848  0.9999829  0.9999813  0.99997985 0.9999787  0.9999778
 0.9999773  0.9999772  0.99997747 0.9999783  0.9999796  0.9999814
 0.99998355 0.99998593 0.99998826 0.99999046 0.99999213 0.9999932
 0.9999934  0.9999926  0.9999909  0.9999882  0.9999846  0.99998033
 0.99997556 0.9999705  0.9999654  0.9999606  0.9999563  0.9999527
 0.9999498  0.9999479  0.99994683 0.99994665 0.99994725 0.99994844
 0.9999501  0.99995196 0.9999538  0.99995553 0.9999569  0.9999578
 0.9999581  0.9999578  0.9999569  0.9999556  0.99995387 0.9999519
 0.9999499  0.99994814 0.9999468  0.9999462  0.9999463  0.9999474
 0.9999496  0.99995285 0.999957   0.99996215 0.9999679  0.99997395
 0.99998    0.9999856  0.9999902  0.99999356 0.99999505 0.99999434
 0.99999094 0.9999847  0.9999754  0.99996305 0.9999478  0.99992985
 0.9999097  0.99988806 0.9998657  0.99984354 0.9998227  0.99980414
 0.9997892  0.99977875 0.9997739  0.9997754  0.9997837  0.99979883
 0.99982035 0.9998473  0.9998777  0.99990886 0.99993724 0.9999579
 0.9999649  0.9999507  0.99990654 0.99982196 0.9996849 ]","[[0.6973003  0.73380154 0.3993799  0.27027887 0.6305487  0.6459799
  0.5555878  0.40670612 0.55357194 0.68383366 0.38767967 0.2670009
  0.4881756  0.72647864 0.7076111  0.5803427  0.5588209  0.7491924
  0.45759347 0.5827202  0.25365138]
 [6.252275   5.201609   3.9757497  1.9893107  2.914478   3.850759
  2.9423807  5.258083   4.465822   1.1394103  0.5058083  1.1889757
  2.3690112  1.1863153  5.2170987  2.0562139  4.3694086  4.516156
  0.9698353  1.9258435  3.1594183 ]
 [2.980317   0.21176635 5.228453   3.9099462  3.4965594  0.8747452
  1.5895989  0.98593175 0.6067297  3.5892322  5.5407195  2.2057037
  2.86704    1.3405787  1.0164288  0.6419068  3.713745   1.0987686
  0.7548783  4.5561047  5.012397  ]]",trotter
559,59,8,False,"[1.         0.9999995  0.99999654 0.9999934  0.99999    0.99998724
 0.99998486 0.9999828  0.99998116 0.99997973 0.9999786  0.9999778
 0.9999773  0.9999771  0.9999776  0.9999783  0.99997956 0.9999813
 0.9999834  0.9999857  0.9999881  0.9999903  0.9999918  0.9999927
 0.9999929  0.9999922  0.99999046 0.9999874  0.99998385 0.9999796
 0.9999746  0.99996954 0.99996454 0.9999597  0.9999553  0.99995166
 0.99994856 0.9999464  0.99994546 0.99994534 0.99994594 0.9999472
 0.9999489  0.9999508  0.99995273 0.9999545  0.9999561  0.99995685
 0.99995697 0.9999568  0.9999558  0.9999545  0.9999528  0.9999508
 0.9999489  0.99994695 0.9999455  0.9999446  0.99994475 0.9999459
 0.99994814 0.99995154 0.99995583 0.99996114 0.99996656 0.9999727
 0.99997866 0.99998426 0.9999893  0.9999924  0.9999939  0.9999932
 0.99998957 0.99998397 0.99997425 0.9999618  0.9999468  0.99992883
 0.99990875 0.99988717 0.99986506 0.9998432  0.9998217  0.99980336
 0.99978817 0.9997778  0.9997728  0.9997744  0.99978256 0.9997975
 0.9998194  0.99984616 0.99987674 0.999908   0.9999364  0.99995726
 0.9999643  0.99995035 0.99990606 0.99982136 0.9996843 ]","[[0.6973003  0.73380154 0.3993799  0.27027887 0.6305487  0.6459799
  0.5555878  0.40670612 0.55357194 0.68383366 0.38767967 0.2670009
  0.4881756  0.72647864 0.7076111  0.5803427  0.5588209  0.7491924
  0.45759347 0.5827202  0.25365138]
 [6.252275   5.201609   3.9757497  1.9893107  2.914478   3.850759
  2.9423807  5.258083   4.465822   1.1394103  0.5058083  1.1889757
  2.3690112  1.1863153  5.2170987  2.0562139  4.3694086  4.516156
  0.9698353  1.9258435  3.1594183 ]
 [2.980317   0.21176635 5.228453   3.9099462  3.4965594  0.8747452
  1.5895989  0.98593175 0.6067297  3.5892322  5.5407195  2.2057037
  2.86704    1.3405787  1.0164288  0.6419068  3.713745   1.0987686
  0.7548783  4.5561047  5.012397  ]]",trotter
560,60,8,True,"[1.         0.99999654 0.99998784 0.9999762  0.99996346 0.9999512
 0.9999404  0.999932   0.9999264  0.9999239  0.9999243  0.9999274
 0.9999328  0.99993986 0.9999481  0.9999567  0.9999652  0.9999729
 0.9999795  0.9999845  0.99998766 0.99998903 0.9999886  0.99998647
 0.9999829  0.99997824 0.99997294 0.9999672  0.9999617  0.99995655
 0.99995214 0.9999488  0.9999467  0.99994594 0.9999465  0.9999483
 0.99995136 0.99995536 0.99996    0.9999652  0.9999705  0.9999757
 0.9999805  0.9999846  0.9999879  0.99999017 0.9999913  0.9999913
 0.9999902  0.99998814 0.99998516 0.9999815  0.9999774  0.9999731
 0.9999688  0.99996495 0.9999616  0.999959   0.9999574  0.99995685
 0.99995744 0.9999592  0.9999619  0.99996555 0.9999699  0.99997467
 0.99997956 0.9999841  0.999988   0.9999909  0.9999923  0.99999195
 0.99998945 0.9999846  0.99997723 0.99996734 0.9999549  0.9999401
 0.99992335 0.999905   0.9998857  0.99986607 0.99984705 0.9998295
 0.99981415 0.9998022  0.9997944  0.9997916  0.99979436 0.999803
 0.9998175  0.99983746 0.9998617  0.99988866 0.99991554 0.99993885
 0.9999538  0.9999544  0.999933   0.9998803  0.99978524]","[[0.45597094 0.31350428 0.5086693  0.46253124 0.5043703  0.29512668
  0.71023065 0.5814125  0.26523402 0.74524444 0.26981956 0.40494582
  0.64641505 0.2817655  0.32824603 0.6115058  0.2614357  0.365498
  0.41529292 0.33331156 0.33560568]
 [2.5457454  4.458411   5.852879   5.7312427  3.6550794  5.728171
  1.6838987  2.7612076  1.509038   4.249551   6.253906   3.2262247
  5.065111   5.965781   2.6212192  3.5300035  4.7084765  5.3124313
  4.863343   4.207562   2.2958145 ]
 [3.9246356  0.5633508  1.1888638  1.1261213  4.9858313  1.2910311
  4.3629737  3.6183572  1.1491101  5.731956   2.6163504  3.3466425
  0.2144012  3.017115   4.335316   0.74893254 3.3894043  4.8581376
  5.798154   1.8553778  0.22170135]]",trotter
561,61,8,False,"[1.         0.9999974  0.99998826 0.9999766  0.9999639  0.99995136
 0.99994045 0.99993205 0.99992627 0.9999237  0.9999241  0.9999272
 0.99993265 0.9999397  0.99994797 0.9999567  0.9999653  0.99997294
 0.9999794  0.99998456 0.99998766 0.99998903 0.9999885  0.9999865
 0.9999828  0.9999782  0.9999727  0.999967   0.99996144 0.9999562
 0.99995166 0.9999483  0.9999461  0.99994534 0.999946   0.99994767
 0.9999508  0.99995446 0.99995923 0.99996436 0.9999697  0.9999747
 0.99997926 0.9999834  0.99998665 0.9999891  0.99999    0.99999005
 0.999989   0.9999868  0.99998397 0.99998    0.99997604 0.9999718
 0.99996775 0.99996376 0.99996006 0.9999578  0.9999562  0.99995553
 0.99995637 0.99995804 0.9999607  0.9999643  0.99996877 0.99997336
 0.99997807 0.9999825  0.99998665 0.99998945 0.9999911  0.9999906
 0.9999884  0.9999835  0.9999764  0.99996656 0.99995416 0.9999394
 0.99992234 0.99990433 0.99988484 0.99986523 0.9998462  0.9998286
 0.9998133  0.99980164 0.9997935  0.99979085 0.9997935  0.99980193
 0.9998165  0.9998364  0.999861   0.99988794 0.99991465 0.99993765
 0.9999527  0.99995375 0.99993235 0.99988    0.9997846 ]","[[0.45597094 0.31350428 0.5086693  0.46253124 0.5043703  0.29512668
  0.71023065 0.5814125  0.26523402 0.74524444 0.26981956 0.40494582
  0.64641505 0.2817655  0.32824603 0.6115058  0.2614357  0.365498
  0.41529292 0.33331156 0.33560568]
 [2.5457454  4.458411   5.852879   5.7312427  3.6550794  5.728171
  1.6838987  2.7612076  1.509038   4.249551   6.253906   3.2262247
  5.065111   5.965781   2.6212192  3.5300035  4.7084765  5.3124313
  4.863343   4.207562   2.2958145 ]
 [3.9246356  0.5633508  1.1888638  1.1261213  4.9858313  1.2910311
  4.3629737  3.6183572  1.1491101  5.731956   2.6163504  3.3466425
  0.2144012  3.017115   4.335316   0.74893254 3.3894043  4.8581376
  5.798154   1.8553778  0.22170135]]",trotter
562,0,7,True,"[1.         0.99999523 0.9999833  0.9999672  0.99994946 0.99993175
 0.9999155  0.9999015  0.99989045 0.99988264 0.99987817 0.99987686
 0.9998784  0.9998825  0.9998888  0.9998968  0.999906   0.9999159
 0.99992615 0.9999364  0.9999461  0.9999552  0.9999632  0.99997014
 0.99997586 0.9999802  0.99998325 0.99998516 0.999986   0.9999859
 0.99998486 0.9999834  0.9999815  0.99997956 0.9999775  0.9999758
 0.9999744  0.9999736  0.9999733  0.99997365 0.9999747  0.9999763
 0.99997836 0.9999808  0.9999835  0.9999863  0.999989   0.99999136
 0.99999326 0.99999464 0.9999951  0.9999948  0.99999356 0.9999914
 0.99998844 0.99998456 0.99998003 0.999975   0.9999698  0.9999644
 0.9999593  0.99995464 0.9999507  0.99994767 0.9999459  0.9999453
 0.99994606 0.99994814 0.99995154 0.999956   0.9999613  0.99996716
 0.9999732  0.9999789  0.99998385 0.99998754 0.9999895  0.9999893
 0.9999865  0.9999809  0.99997246 0.999961   0.9999469  0.99993044
 0.99991226 0.9998932  0.9998742  0.9998563  0.99984086 0.9998291
 0.99982214 0.9998212  0.9998269  0.9998396  0.999859   0.9998838
 0.9999118  0.9999394  0.9999612  0.99997014 0.9999567 ]","[[0.63182765 0.33175844 0.73166525 0.6196337  0.4081691  0.48256475
  0.5003186  0.7155459  0.3699704  0.37334204 0.28914052 0.51531136
  0.6587082  0.65232086 0.41035378 0.44504896 0.6576005  0.4105264 ]
 [4.983308   1.970296   6.2228317  1.8828477  4.054317   4.3836265
  1.6533433  4.4367     5.986724   2.7940226  0.7134343  5.338494
  1.9887087  3.0688958  0.51550514 1.8829883  3.1133962  3.4017363 ]
 [0.5672421  3.976426   4.804837   3.0435107  5.5961456  3.437916
  0.21384928 0.31479254 4.3221817  4.981166   3.2599645  2.498871
  4.8830633  4.839592   2.2399178  3.1614406  1.8425882  4.985006  ]]",trotter
563,1,7,False,"[1.         0.9999958  0.9999837  0.9999675  0.99994975 0.999932
 0.9999156  0.99990153 0.9998905  0.99988264 0.9998781  0.99987686
 0.9998786  0.9998828  0.9998891  0.99989706 0.999906   0.999916
 0.9999262  0.9999364  0.99994624 0.9999552  0.9999631  0.99997014
 0.99997586 0.99998003 0.9999833  0.99998516 0.9999859  0.99998564
 0.9999846  0.9999832  0.99998116 0.99997914 0.9999772  0.9999753
 0.99997413 0.99997306 0.9999729  0.9999734  0.9999744  0.99997604
 0.9999781  0.99998045 0.9999832  0.99998575 0.99998826 0.9999906
 0.9999924  0.9999938  0.9999944  0.9999942  0.9999931  0.99999076
 0.99998754 0.99998367 0.99997914 0.9999742  0.99996877 0.99996364
 0.9999585  0.9999536  0.9999499  0.9999469  0.999945   0.9999444
 0.9999452  0.9999474  0.99995077 0.9999551  0.9999603  0.9999665
 0.9999724  0.9999781  0.9999834  0.9999868  0.9999888  0.9999887
 0.99998593 0.99998033 0.999972   0.9999609  0.9999466  0.9999303
 0.9999117  0.9998929  0.99987376 0.999856   0.9998406  0.99982876
 0.99982154 0.99982053 0.99982643 0.99983907 0.9998585  0.9998835
 0.9999115  0.99993896 0.99996066 0.9999697  0.99995613]","[[0.63182765 0.33175844 0.73166525 0.6196337  0.4081691  0.48256475
  0.5003186  0.7155459  0.3699704  0.37334204 0.28914052 0.51531136
  0.6587082  0.65232086 0.41035378 0.44504896 0.6576005  0.4105264 ]
 [4.983308   1.970296   6.2228317  1.8828477  4.054317   4.3836265
  1.6533433  4.4367     5.986724   2.7940226  0.7134343  5.338494
  1.9887087  3.0688958  0.51550514 1.8829883  3.1133962  3.4017363 ]
 [0.5672421  3.976426   4.804837   3.0435107  5.5961456  3.437916
  0.21384928 0.31479254 4.3221817  4.981166   3.2599645  2.498871
  4.8830633  4.839592   2.2399178  3.1614406  1.8425882  4.985006  ]]",trotter
564,2,7,True,"[1.         0.9999993  0.99999744 0.9999948  0.9999918  0.99998856
 0.9999854  0.9999824  0.9999797  0.99997735 0.9999755  0.99997413
 0.9999733  0.999973   0.99997324 0.99997383 0.9999749  0.9999762
 0.99997777 0.99997944 0.99998116 0.99998283 0.9999844  0.9999858
 0.99998695 0.99998784 0.9999885  0.99998885 0.999989   0.99998885
 0.9999886  0.99998826 0.9999879  0.99998754 0.9999873  0.9999872
 0.9999872  0.9999874  0.9999879  0.99998856 0.9999894  0.9999904
 0.9999915  0.9999926  0.99999374 0.9999948  0.99999577 0.99999654
 0.9999971  0.9999974  0.9999974  0.999997   0.99999654 0.99999565
 0.9999947  0.9999935  0.9999923  0.9999911  0.9999899  0.9999889
 0.99998814 0.9999876  0.99998736 0.9999875  0.9999879  0.9999886
 0.99998957 0.9999906  0.99999166 0.9999926  0.9999933  0.9999937
 0.9999934  0.9999924  0.99999046 0.99998754 0.99998355 0.9999784
 0.9999721  0.9999647  0.9999564  0.9999474  0.9999379  0.9999283
 0.999919   0.9999104  0.99990296 0.9998972  0.99989367 0.9998926
 0.99989444 0.99989927 0.9999071  0.9999175  0.99993    0.99994326
 0.9999559  0.9999655  0.9999693  0.99996346 0.9999433 ]","[[0.6636385  0.55176175 0.5807594  0.5049713  0.5286295  0.6009794
  0.51496553 0.6088591  0.72971976 0.42517748 0.38332692 0.3223539
  0.66558975 0.41709924 0.66215277 0.3510963  0.748021   0.31952646]
 [5.4754786  2.7257054  0.88676995 3.8627105  1.5697699  2.6619895
  3.5697606  4.929707   4.6515026  1.0653534  3.4440424  5.649607
  4.7788444  1.7738566  2.4898968  4.241136   1.1160265  1.2788152 ]
 [0.55359185 3.5311205  6.0101     4.885946   5.1641736  3.019067
  0.7402118  5.3083625  0.8466905  1.5535754  4.1847115  2.6871638
  6.150189   1.2933236  5.1187387  3.7335565  2.4383361  2.7222896 ]]",trotter
565,3,7,False,"[1.         1.0000002  0.99999785 0.99999523 0.9999922  0.9999888
 0.99998546 0.9999824  0.9999798  0.9999774  0.99997556 0.9999742
 0.99997354 0.99997324 0.9999735  0.9999742  0.9999754  0.9999766
 0.99997807 0.9999795  0.99998134 0.999983   0.9999847  0.99998575
 0.999987   0.99998796 0.9999883  0.9999888  0.9999887  0.99998856
 0.9999883  0.99998814 0.99998766 0.9999871  0.99998677 0.9999867
 0.99998665 0.9999868  0.99998724 0.99998784 0.9999889  0.99998975
 0.9999908  0.999992   0.999993   0.9999942  0.99999523 0.99999595
 0.9999963  0.9999968  0.9999967  0.9999963  0.9999959  0.99999505
 0.9999941  0.99999285 0.99999166 0.9999904  0.9999893  0.9999882
 0.99998736 0.99998677 0.9999865  0.99998677 0.9999872  0.99998796
 0.999989   0.9999899  0.9999912  0.999992   0.99999285 0.999993
 0.9999927  0.9999918  0.99998987 0.9999867  0.9999828  0.9999776
 0.9999712  0.9999643  0.9999559  0.9999467  0.99993706 0.9999274
 0.9999182  0.9999098  0.99990225 0.99989676 0.9998928  0.9998918
 0.9998938  0.9998991  0.99990684 0.99991727 0.99992967 0.999943
 0.9999556  0.99996525 0.9999689  0.9999632  0.99994296]","[[0.6636385  0.55176175 0.5807594  0.5049713  0.5286295  0.6009794
  0.51496553 0.6088591  0.72971976 0.42517748 0.38332692 0.3223539
  0.66558975 0.41709924 0.66215277 0.3510963  0.748021   0.31952646]
 [5.4754786  2.7257054  0.88676995 3.8627105  1.5697699  2.6619895
  3.5697606  4.929707   4.6515026  1.0653534  3.4440424  5.649607
  4.7788444  1.7738566  2.4898968  4.241136   1.1160265  1.2788152 ]
 [0.55359185 3.5311205  6.0101     4.885946   5.1641736  3.019067
  0.7402118  5.3083625  0.8466905  1.5535754  4.1847115  2.6871638
  6.150189   1.2933236  5.1187387  3.7335565  2.4383361  2.7222896 ]]",trotter
566,4,7,True,"[1.         0.9999987  0.9999953  0.9999906  0.9999853  0.9999798
 0.99997455 0.99996984 0.99996585 0.99996275 0.9999605  0.9999591
 0.99995863 0.99995893 0.9999599  0.9999615  0.9999635  0.99996585
 0.9999684  0.9999711  0.9999737  0.9999763  0.99997866 0.9999808
 0.9999828  0.9999844  0.99998575 0.9999869  0.9999878  0.99998856
 0.99998915 0.99998957 0.99999    0.99999034 0.9999907  0.99999106
 0.99999154 0.999992   0.99999255 0.9999931  0.9999937  0.9999942
 0.9999948  0.99999523 0.9999955  0.99999577 0.9999958  0.99999565
 0.99999523 0.99999464 0.99999386 0.9999929  0.9999918  0.9999905
 0.9999893  0.9999879  0.9999867  0.9999856  0.9999846  0.9999839
 0.99998343 0.9999833  0.9999835  0.99998397 0.9999847  0.9999857
 0.9999868  0.9999881  0.9999892  0.9999902  0.9999908  0.99999106
 0.9999906  0.99998933 0.9999872  0.99998397 0.9999797  0.9999742
 0.99996763 0.99995995 0.99995136 0.999942   0.99993217 0.9999222
 0.9999125  0.99990344 0.9998957  0.9998895  0.99988556 0.9998842
 0.99988586 0.9998906  0.9998987  0.9999097  0.9999231  0.9999378
 0.9999523  0.9999643  0.99997085 0.999968   0.9999508 ]","[[0.32998854 0.39775622 0.36581928 0.44446018 0.3640765  0.27960676
  0.6613406  0.68113375 0.33910972 0.3441243  0.40279534 0.3516615
  0.29019275 0.55618787 0.67802024 0.42957756 0.29351863 0.44813946]
 [3.1893737  4.7033668  5.3594065  5.149425   5.3655305  2.6765504
  5.164677   3.8578825  0.83525604 5.522577   0.32561108 2.04303
  3.4670308  2.3685749  2.1477573  4.5173116  2.3981664  3.7205343 ]
 [0.31109962 2.8900518  1.7046138  5.298069   3.749705   4.160854
  5.792293   5.9651775  2.3382802  0.80169094 4.0258408  2.6661067
  4.785755   5.112252   1.5736332  1.9197952  0.41486838 4.640572  ]]",trotter
567,5,7,False,"[1.         0.99999934 0.9999956  0.9999909  0.9999855  0.99998003
 0.99997467 0.9999701  0.9999661  0.99996275 0.99996066 0.99995947
 0.9999589  0.9999592  0.9999601  0.9999617  0.99996376 0.9999662
 0.9999688  0.99997145 0.99997413 0.9999767  0.999979   0.99998134
 0.99998313 0.9999848  0.9999863  0.99998724 0.99998826 0.9999889
 0.9999894  0.9999897  0.9999901  0.99999046 0.9999908  0.99999094
 0.99999154 0.9999922  0.9999923  0.999993   0.99999356 0.99999416
 0.99999475 0.999995   0.9999953  0.9999956  0.9999956  0.99999523
 0.999995   0.9999943  0.99999344 0.9999924  0.99999136 0.9999901
 0.9999886  0.9999872  0.999986   0.9999849  0.9999838  0.99998313
 0.999983   0.9999825  0.99998266 0.99998313 0.9999839  0.999985
 0.9999862  0.9999874  0.9999885  0.9999895  0.99999017 0.9999905
 0.99999005 0.999989   0.9999866  0.99998343 0.9999793  0.9999738
 0.9999671  0.9999596  0.9999509  0.99994147 0.99993145 0.9999214
 0.9999118  0.9999027  0.999895   0.9998886  0.99988484 0.9998837
 0.9998851  0.99989015 0.999898   0.99990904 0.9999225  0.9999371
 0.99995166 0.9999636  0.99997026 0.9999674  0.99995047]","[[0.32998854 0.39775622 0.36581928 0.44446018 0.3640765  0.27960676
  0.6613406  0.68113375 0.33910972 0.3441243  0.40279534 0.3516615
  0.29019275 0.55618787 0.67802024 0.42957756 0.29351863 0.44813946]
 [3.1893737  4.7033668  5.3594065  5.149425   5.3655305  2.6765504
  5.164677   3.8578825  0.83525604 5.522577   0.32561108 2.04303
  3.4670308  2.3685749  2.1477573  4.5173116  2.3981664  3.7205343 ]
 [0.31109962 2.8900518  1.7046138  5.298069   3.749705   4.160854
  5.792293   5.9651775  2.3382802  0.80169094 4.0258408  2.6661067
  4.785755   5.112252   1.5736332  1.9197952  0.41486838 4.640572  ]]",trotter
568,6,7,True,"[1.         0.99999666 0.9999882  0.9999769  0.9999642  0.99995154
 0.9999398  0.99992967 0.99992156 0.9999158  0.9999123  0.9999112
 0.9999122  0.9999151  0.9999197  0.9999256  0.9999324  0.99993986
 0.99994755 0.99995524 0.9999626  0.99996936 0.9999754  0.9999805
 0.9999846  0.9999877  0.9999898  0.999991   0.99999124 0.9999908
 0.9999898  0.99998844 0.99998677 0.9999851  0.9999835  0.9999822
 0.9999811  0.99998057 0.99998045 0.99998087 0.9999817  0.999983
 0.9999847  0.9999866  0.99998856 0.9999906  0.9999925  0.9999941
 0.99999535 0.9999962  0.99999654 0.9999963  0.9999956  0.9999944
 0.9999927  0.99999076 0.9999886  0.9999864  0.99998426 0.99998236
 0.9999808  0.99997973 0.9999792  0.9999793  0.9999801  0.99998146
 0.99998325 0.99998546 0.99998784 0.99999017 0.9999921  0.99999344
 0.99999386 0.999993   0.9999907  0.9999867  0.9999808  0.99997294
 0.9999631  0.99995136 0.999938   0.99992335 0.99990785 0.99989206
 0.99987674 0.99986255 0.9998504  0.9998411  0.99983525 0.9998337
 0.999837   0.9998452  0.9998584  0.999876   0.9998971  0.99992
 0.9999423  0.99996066 0.99997103 0.99996793 0.99994487]","[[0.6464673  0.43318334 0.5210598  0.43558022 0.55430627 0.4180269
  0.47175822 0.6643516  0.3674063  0.6475619  0.6443525  0.5271958
  0.38534698 0.7472566  0.31862566 0.64073604 0.6771607  0.6465865 ]
 [5.5671463  3.294565   0.813123   2.255809   4.3201094  1.5438423
  2.5595043  4.828389   3.215808   1.1567799  3.3281593  2.3458154
  3.2147133  5.797344   0.75929624 1.4728608  3.0828364  2.8891563 ]
 [2.7082984  0.1471202  2.859305   0.10140225 1.4028345  1.5754937
  2.1131794  3.316204   0.47602135 3.981495   0.14183046 0.03122507
  0.63783246 6.236746   3.3742049  1.9792519  6.202372   4.3267436 ]]",trotter
569,7,7,False,"[1.         0.9999975  0.99998844 0.9999773  0.99996436 0.9999517
 0.9999398  0.9999297  0.99992156 0.9999158  0.9999122  0.9999112
 0.9999122  0.9999153  0.99991983 0.9999259  0.99993306 0.9999402
 0.99994797 0.9999555  0.99996275 0.99996966 0.9999757  0.9999806
 0.9999848  0.99998766 0.99998975 0.9999909  0.9999912  0.9999906
 0.9999894  0.9999879  0.99998635 0.99998456 0.999983   0.9999816
 0.9999805  0.9999797  0.99997956 0.9999801  0.99998087 0.9999822
 0.99998367 0.9999855  0.9999876  0.99998987 0.9999918  0.9999932
 0.99999446 0.99999523 0.99999565 0.99999547 0.9999948  0.99999344
 0.99999195 0.9999898  0.99998766 0.9999855  0.9999834  0.9999815
 0.99997985 0.99997866 0.99997824 0.9999783  0.9999789  0.9999803
 0.999982   0.9999842  0.9999867  0.9999893  0.99999124 0.9999928
 0.99999315 0.9999925  0.9999902  0.99998605 0.9999802  0.99997276
 0.99996275 0.9999508  0.9999377  0.9999227  0.99990726 0.9998911
 0.9998761  0.9998622  0.9998502  0.99984074 0.9998348  0.9998332
 0.9998365  0.9998451  0.9998578  0.9998755  0.999897   0.9999198
 0.99994195 0.99996084 0.99997133 0.9999681  0.9999449 ]","[[0.6464673  0.43318334 0.5210598  0.43558022 0.55430627 0.4180269
  0.47175822 0.6643516  0.3674063  0.6475619  0.6443525  0.5271958
  0.38534698 0.7472566  0.31862566 0.64073604 0.6771607  0.6465865 ]
 [5.5671463  3.294565   0.813123   2.255809   4.3201094  1.5438423
  2.5595043  4.828389   3.215808   1.1567799  3.3281593  2.3458154
  3.2147133  5.797344   0.75929624 1.4728608  3.0828364  2.8891563 ]
 [2.7082984  0.1471202  2.859305   0.10140225 1.4028345  1.5754937
  2.1131794  3.316204   0.47602135 3.981495   0.14183046 0.03122507
  0.63783246 6.236746   3.3742049  1.9792519  6.202372   4.3267436 ]]",trotter
570,8,7,True,"[1.         0.9999961  0.9999861  0.9999723  0.9999563  0.99993956
 0.9999232  0.99990815 0.9998948  0.9998836  0.9998747  0.9998684
 0.99986446 0.9998628  0.9998634  0.99986583 0.99987    0.99987555
 0.9998823  0.99988985 0.999898   0.99990654 0.99991524 0.9999238
 0.9999322  0.9999402  0.99994767 0.9999546  0.99996066 0.9999661
 0.99997073 0.9999746  0.99997777 0.99998015 0.9999818  0.9999829
 0.9999834  0.9999833  0.9999829  0.999982   0.99998087 0.99997956
 0.9999781  0.9999766  0.9999751  0.99997365 0.99997234 0.9999712
 0.9999704  0.9999697  0.9999694  0.9999695  0.9999698  0.9999704
 0.99997133 0.9999726  0.99997395 0.9999756  0.9999774  0.99997926
 0.99998105 0.9999828  0.99998426 0.9999855  0.99998635 0.99998677
 0.9999865  0.9999857  0.99998415 0.99998176 0.9999786  0.9999746
 0.9999698  0.9999642  0.99995786 0.999951   0.9999437  0.9999361
 0.99992853 0.9999212  0.99991435 0.9999083  0.99990344 0.9998999
 0.99989814 0.99989825 0.9999005  0.999905   0.9999115  0.99991995
 0.9999299  0.9999407  0.9999513  0.99996036 0.9999662  0.9999666
 0.99995875 0.9999392  0.9999039  0.99984795 0.9997657 ]","[[0.2906356  0.46715805 0.7375052  0.7235684  0.6101424  0.45105842
  0.3102644  0.6050678  0.31905198 0.30087188 0.6779316  0.3893479
  0.61038333 0.40806764 0.44073737 0.4036877  0.61442894 0.45484218]
 [3.2246253  3.1263587  4.045584   0.7052176  3.6588736  2.5688283
  2.6410499  3.9337919  4.17851    5.2656174  0.30770653 2.1344483
  4.499346   3.9895787  2.6226225  5.9085507  2.469315   5.1044483 ]
 [2.840721   0.9067119  3.1849587  0.22325386 2.3752506  1.4313846
  5.0318694  0.05947742 4.2818985  1.0618992  2.9274604  1.2034875
  4.1920586  1.6043159  4.0416603  1.9981356  3.013858   4.257134  ]]",trotter
571,9,7,False,"[1.         0.99999684 0.9999867  0.99997264 0.9999566  0.99993986
 0.99992347 0.9999082  0.9998947  0.9998836  0.9998746  0.9998682
 0.9998642  0.9998627  0.99986356 0.99986595 0.9998702  0.99987584
 0.9998825  0.99989015 0.9998984  0.999907   0.99991566 0.9999241
 0.99993235 0.99994045 0.9999479  0.9999548  0.99996084 0.9999662
 0.9999708  0.99997467 0.99997765 0.9999801  0.9999818  0.9999828
 0.9999832  0.99998325 0.99998254 0.99998206 0.99998057 0.99997914
 0.99997777 0.9999762  0.99997485 0.9999732  0.999972   0.9999706
 0.99996966 0.99996907 0.99996907 0.99996895 0.9999691  0.9999699
 0.9999709  0.99997205 0.99997365 0.99997514 0.99997675 0.99997854
 0.9999801  0.9999819  0.9999834  0.9999846  0.9999852  0.9999856
 0.99998546 0.9999846  0.9999831  0.99998087 0.9999775  0.99997354
 0.999969   0.99996305 0.9999572  0.9999502  0.99994296 0.9999355
 0.99992794 0.9999204  0.9999135  0.99990755 0.9999025  0.999899
 0.99989724 0.9998975  0.9998996  0.9999038  0.99991053 0.9999189
 0.99992883 0.99993974 0.9999506  0.9999598  0.9999656  0.99996614
 0.99995846 0.9999388  0.9999033  0.9998474  0.9997652 ]","[[0.2906356  0.46715805 0.7375052  0.7235684  0.6101424  0.45105842
  0.3102644  0.6050678  0.31905198 0.30087188 0.6779316  0.3893479
  0.61038333 0.40806764 0.44073737 0.4036877  0.61442894 0.45484218]
 [3.2246253  3.1263587  4.045584   0.7052176  3.6588736  2.5688283
  2.6410499  3.9337919  4.17851    5.2656174  0.30770653 2.1344483
  4.499346   3.9895787  2.6226225  5.9085507  2.469315   5.1044483 ]
 [2.840721   0.9067119  3.1849587  0.22325386 2.3752506  1.4313846
  5.0318694  0.05947742 4.2818985  1.0618992  2.9274604  1.2034875
  4.1920586  1.6043159  4.0416603  1.9981356  3.013858   4.257134  ]]",trotter
572,10,7,True,"[1.         0.99999845 0.99999464 0.9999895  0.9999837  0.999978
 0.99997264 0.99996805 0.99996436 0.99996173 0.9999601  0.9999595
 0.9999599  0.9999611  0.999963   0.99996537 0.9999682  0.9999712
 0.99997425 0.9999774  0.9999803  0.99998295 0.9999852  0.9999872
 0.99998873 0.9999898  0.9999906  0.99999094 0.99999094 0.9999907
 0.9999902  0.9999897  0.999989   0.9999883  0.99998766 0.9999872
 0.9999867  0.9999865  0.9999866  0.99998677 0.9999872  0.9999877
 0.9999885  0.99998933 0.9999903  0.99999124 0.9999922  0.99999315
 0.999994   0.99999464 0.9999952  0.99999547 0.99999565 0.9999956
 0.9999953  0.99999493 0.99999434 0.9999937  0.9999929  0.9999921
 0.9999913  0.9999905  0.99998975 0.9999891  0.9999885  0.9999881
 0.9999877  0.9999874  0.9999871  0.9999869  0.99998665 0.9999863
 0.99998575 0.9999851  0.9999842  0.9999831  0.9999817  0.99998003
 0.99997807 0.99997586 0.9999734  0.9999709  0.99996835 0.99996585
 0.9999635  0.99996144 0.99995977 0.99995863 0.99995804 0.99995804
 0.9999586  0.9999596  0.9999608  0.999962   0.9999626  0.9999621
 0.99995965 0.9999541  0.9999442  0.9999285  0.99990493]","[[3.2301289e-01 5.4940343e-01 5.1922601e-01 5.2857447e-01 2.9064357e-01
  6.8294460e-01 2.6291323e-01 4.4485217e-01 4.7251391e-01 3.5766438e-01
  3.1396830e-01 4.2205948e-01 3.0067614e-01 5.1503551e-01 3.5742912e-01
  5.8480334e-01 4.9812192e-01 3.6380661e-01]
 [3.8541207e+00 3.6293390e+00 2.2837729e+00 5.6583123e+00 4.7266493e+00
  3.3083591e+00 2.1967301e+00 4.7356009e+00 1.7286214e+00 3.0676827e+00
  5.6253018e+00 1.9062606e+00 3.2015202e+00 1.2761807e+00 1.0013138e+00
  3.5383588e-01 2.6488628e+00 3.7641599e+00]
 [2.8898150e-01 5.7115755e+00 1.2881316e+00 3.7921040e+00 4.8378663e+00
  1.4525416e+00 3.9404812e+00 2.9712278e-01 2.4238743e-03 3.5087392e+00
  2.7496049e+00 6.0940595e+00 1.4061441e+00 1.5012587e+00 4.1860800e+00
  4.4235339e+00 4.1717629e+00 2.7481875e+00]]",trotter
573,11,7,False,"[1.         0.9999993  0.99999493 0.9999901  0.99998415 0.9999784
 0.9999728  0.99996835 0.9999646  0.9999619  0.99996036 0.99995965
 0.99996006 0.99996144 0.9999634  0.9999657  0.9999684  0.99997145
 0.99997467 0.9999775  0.99998057 0.99998313 0.99998546 0.99998724
 0.9999889  0.9999898  0.9999905  0.9999909  0.99999064 0.99999064
 0.99999    0.9999893  0.9999887  0.999988   0.9999875  0.99998695
 0.9999864  0.99998623 0.9999863  0.9999862  0.9999867  0.9999871
 0.9999879  0.99998873 0.99998975 0.9999909  0.9999918  0.99999267
 0.9999937  0.99999416 0.99999446 0.9999949  0.9999949  0.99999475
 0.9999946  0.99999416 0.9999936  0.9999932  0.9999925  0.9999916
 0.9999907  0.9999898  0.99998903 0.99998826 0.9999878  0.9999874
 0.99998695 0.9999868  0.99998635 0.99998605 0.9999857  0.99998516
 0.9999845  0.999984   0.9999832  0.99998206 0.9999806  0.99997914
 0.999977   0.9999746  0.9999726  0.99997014 0.9999677  0.99996525
 0.9999629  0.9999607  0.99995875 0.9999578  0.99995714 0.9999571
 0.99995744 0.9999585  0.9999598  0.9999609  0.9999617  0.9999611
 0.99995875 0.99995303 0.9999432  0.99992734 0.99990404]","[[3.2301289e-01 5.4940343e-01 5.1922601e-01 5.2857447e-01 2.9064357e-01
  6.8294460e-01 2.6291323e-01 4.4485217e-01 4.7251391e-01 3.5766438e-01
  3.1396830e-01 4.2205948e-01 3.0067614e-01 5.1503551e-01 3.5742912e-01
  5.8480334e-01 4.9812192e-01 3.6380661e-01]
 [3.8541207e+00 3.6293390e+00 2.2837729e+00 5.6583123e+00 4.7266493e+00
  3.3083591e+00 2.1967301e+00 4.7356009e+00 1.7286214e+00 3.0676827e+00
  5.6253018e+00 1.9062606e+00 3.2015202e+00 1.2761807e+00 1.0013138e+00
  3.5383588e-01 2.6488628e+00 3.7641599e+00]
 [2.8898150e-01 5.7115755e+00 1.2881316e+00 3.7921040e+00 4.8378663e+00
  1.4525416e+00 3.9404812e+00 2.9712278e-01 2.4238743e-03 3.5087392e+00
  2.7496049e+00 6.0940595e+00 1.4061441e+00 1.5012587e+00 4.1860800e+00
  4.4235339e+00 4.1717629e+00 2.7481875e+00]]",trotter
574,12,7,True,"[1.         0.9999948  0.99998206 0.9999652  0.999947   0.9999295
 0.999914   0.9999015  0.99989253 0.9998872  0.9998856  0.9998873
 0.99989194 0.9998989  0.99990773 0.99991775 0.99992853 0.99993944
 0.99995005 0.99995995 0.99996877 0.99997634 0.99998254 0.9999871
 0.9999903  0.9999921  0.99999243 0.9999918  0.99999017 0.99998784
 0.9999851  0.9999821  0.9999792  0.9999765  0.99997425 0.9999726
 0.99997157 0.99997133 0.99997187 0.9999732  0.9999751  0.9999776
 0.99998045 0.99998367 0.9999869  0.9999899  0.9999928  0.9999951
 0.9999968  0.99999785 0.999998   0.9999973  0.9999958  0.9999936
 0.99999064 0.99998724 0.99998343 0.9999796  0.99997574 0.9999723
 0.9999694  0.9999672  0.999966   0.9999658  0.99996656 0.9999684
 0.99997115 0.9999747  0.9999788  0.999983   0.9999871  0.9999905
 0.9999929  0.9999937  0.9999925  0.999989   0.9999827  0.9999735
 0.9999612  0.9999459  0.99992776 0.99990726 0.99988484 0.99986136
 0.9998377  0.999815   0.9997945  0.9997774  0.99976504 0.99975854
 0.99975896 0.9997671  0.9997833  0.9998071  0.99983764 0.9998729
 0.99990976 0.99994373 0.9999687  0.9999767  0.9999576 ]","[[0.4645213  0.59690464 0.379396   0.40369692 0.31566885 0.5575525
  0.6726802  0.4147488  0.3818028  0.66061807 0.4208784  0.26497447
  0.42512167 0.4648836  0.3521223  0.2678905  0.31220084 0.45425105]
 [4.148674   2.3938189  6.024238   0.17743017 6.0486846  2.3435905
  1.4815239  6.112743   3.0233223  5.457222   1.7174327  6.2033067
  5.112673   1.9067974  5.13618    6.245407   6.239153   3.3472986 ]
 [0.98036164 1.4863183  1.045194   1.7759593  5.157883   5.3959074
  2.22802    4.277892   2.5599792  2.6620166  2.6499515  2.9212818
  4.3153834  3.8965607  6.2049713  3.5014486  5.4578514  5.1847544 ]]",trotter
575,13,7,False,"[1.         0.99999547 0.9999826  0.99996555 0.99994725 0.9999295
 0.99991417 0.9999017  0.99989265 0.9998876  0.99988586 0.99988747
 0.9998921  0.99989915 0.99990815 0.9999182  0.999929   0.9999398
 0.9999503  0.9999604  0.9999691  0.9999768  0.9999829  0.99998754
 0.9999905  0.99999243 0.9999927  0.9999919  0.99999017 0.99998784
 0.9999851  0.9999822  0.999979   0.99997634 0.99997437 0.99997246
 0.99997145 0.9999712  0.9999717  0.9999729  0.9999748  0.99997735
 0.99998015 0.9999834  0.99998647 0.99998945 0.99999225 0.99999464
 0.99999636 0.9999973  0.99999744 0.99999684 0.99999505 0.99999297
 0.9999901  0.99998665 0.9999829  0.99997896 0.99997514 0.99997145
 0.9999685  0.99996626 0.9999652  0.99996513 0.9999657  0.99996746
 0.99997044 0.99997395 0.9999777  0.9999819  0.999986   0.9999894
 0.9999916  0.99999267 0.9999914  0.9999877  0.9999816  0.99997246
 0.99995995 0.9999446  0.99992657 0.99990606 0.99988353 0.9998602
 0.99983656 0.9998137  0.9997934  0.9997763  0.99976385 0.99975747
 0.99975795 0.9997664  0.9997825  0.999806   0.9998365  0.99987197
 0.999909   0.99994284 0.999968   0.9999761  0.9999572 ]","[[0.4645213  0.59690464 0.379396   0.40369692 0.31566885 0.5575525
  0.6726802  0.4147488  0.3818028  0.66061807 0.4208784  0.26497447
  0.42512167 0.4648836  0.3521223  0.2678905  0.31220084 0.45425105]
 [4.148674   2.3938189  6.024238   0.17743017 6.0486846  2.3435905
  1.4815239  6.112743   3.0233223  5.457222   1.7174327  6.2033067
  5.112673   1.9067974  5.13618    6.245407   6.239153   3.3472986 ]
 [0.98036164 1.4863183  1.045194   1.7759593  5.157883   5.3959074
  2.22802    4.277892   2.5599792  2.6620166  2.6499515  2.9212818
  4.3153834  3.8965607  6.2049713  3.5014486  5.4578514  5.1847544 ]]",trotter
576,14,7,True,"[1.         0.9999902  0.99996436 0.9999274  0.99988335 0.99983585
 0.9997879  0.99974185 0.9996998  0.999663   0.9996326  0.9996093
 0.9995934  0.99958485 0.9995835  0.99958885 0.99960035 0.9996173
 0.9996388  0.999664   0.99969196 0.99972177 0.9997526  0.99978346
 0.9998137  0.9998425  0.99986935 0.99989367 0.99991506 0.9999333
 0.99994814 0.9999595  0.99996746 0.99997205 0.99997354 0.9999721
 0.99996823 0.99996215 0.9999544  0.99994534 0.9999355  0.9999253
 0.9999152  0.9999055  0.99989665 0.999889   0.9998828  0.9998782
 0.9998754  0.99987453 0.9998755  0.9998783  0.99988276 0.9998888
 0.9998961  0.99990445 0.9999136  0.9999231  0.99993277 0.9999421
 0.9999508  0.99995863 0.9999652  0.99997026 0.99997365 0.9999752
 0.9999749  0.9999725  0.99996823 0.9999621  0.99995434 0.9999451
 0.9999348  0.9999237  0.9999122  0.9999007  0.99988973 0.99987966
 0.99987096 0.9998641  0.99985933 0.99985707 0.9998575  0.99986076
 0.99986684 0.99987566 0.9998869  0.99990016 0.9999148  0.99993
 0.9999448  0.99995786 0.9999678  0.9999729  0.9999712  0.9999606
 0.99993867 0.99990284 0.99985015 0.9997777  0.99968195]","[[0.43643695 0.3456444  0.70891136 0.6246297  0.3212689  0.439864
  0.57204455 0.34944192 0.4626028  0.47627997 0.59997606 0.47334084
  0.44706437 0.26509184 0.46349534 0.41732097 0.3895339  0.5753917 ]
 [0.01471434 2.9173167  1.8173004  4.385169   0.6932103  0.6121487
  2.5383015  5.936097   1.8823224  1.4872442  3.4261506  3.5099475
  4.1983542  0.98289156 2.1365807  2.7658718  4.9560976  0.33892465]
 [5.22106    5.157184   2.738841   5.3685994  6.2092166  5.06962
  4.6622486  0.5650096  2.0259936  2.8242137  2.299119   4.025191
  0.62698257 1.5443813  2.6668391  3.4587798  4.318644   1.8921578 ]]",trotter
577,15,7,False,"[1.         0.9999909  0.99996495 0.9999277  0.9998835  0.99983615
 0.9997878  0.9997418  0.99969953 0.99966276 0.99963254 0.9996093
 0.9995934  0.9995849  0.9995838  0.9995891  0.99960065 0.9996175
 0.999639   0.999664   0.99969196 0.99972165 0.9997525  0.9997834
 0.99981385 0.9998428  0.9998694  0.9998937  0.99991506 0.9999333
 0.999948   0.99995935 0.9999673  0.99997216 0.9999735  0.99997187
 0.9999681  0.9999618  0.99995404 0.999945   0.99993527 0.9999249
 0.9999148  0.99990493 0.9998962  0.9998885  0.99988234 0.9998778
 0.999875   0.999874   0.999875   0.9998776  0.999882   0.99988806
 0.99989545 0.99990374 0.99991274 0.9999223  0.9999318  0.99994105
 0.99994993 0.99995786 0.99996424 0.99996954 0.99997276 0.9999741
 0.99997395 0.9999715  0.9999672  0.99996096 0.999953   0.99994373
 0.99993354 0.9999223  0.9999108  0.99989957 0.9998881  0.99987817
 0.9998696  0.99986243 0.99985796 0.99985605 0.9998562  0.9998594
 0.99986583 0.99987453 0.9998858  0.9998991  0.9999139  0.99992925
 0.99994415 0.9999573  0.9999672  0.9999722  0.9999702  0.9999596
 0.9999377  0.99990195 0.9998496  0.99977744 0.9996818 ]","[[0.43643695 0.3456444  0.70891136 0.6246297  0.3212689  0.439864
  0.57204455 0.34944192 0.4626028  0.47627997 0.59997606 0.47334084
  0.44706437 0.26509184 0.46349534 0.41732097 0.3895339  0.5753917 ]
 [0.01471434 2.9173167  1.8173004  4.385169   0.6932103  0.6121487
  2.5383015  5.936097   1.8823224  1.4872442  3.4261506  3.5099475
  4.1983542  0.98289156 2.1365807  2.7658718  4.9560976  0.33892465]
 [5.22106    5.157184   2.738841   5.3685994  6.2092166  5.06962
  4.6622486  0.5650096  2.0259936  2.8242137  2.299119   4.025191
  0.62698257 1.5443813  2.6668391  3.4587798  4.318644   1.8921578 ]]",trotter
578,16,7,True,"[1.         0.99999964 0.99999875 0.9999975  0.9999961  0.99999475
 0.99999344 0.99999225 0.99999124 0.99999046 0.9999898  0.99998945
 0.99998933 0.9999893  0.9999895  0.99998987 0.9999903  0.9999909
 0.9999914  0.9999921  0.99999267 0.9999932  0.99999374 0.99999416
 0.99999446 0.99999475 0.9999949  0.9999949  0.9999949  0.9999947
 0.9999945  0.99999434 0.99999416 0.9999939  0.9999938  0.9999937
 0.9999936  0.9999937  0.99999386 0.9999941  0.9999944  0.9999949
 0.9999953  0.9999959  0.9999964  0.99999696 0.99999744 0.99999785
 0.9999983  0.9999985  0.9999987  0.9999987  0.9999986  0.9999984
 0.99999803 0.9999976  0.99999714 0.9999966  0.99999607 0.9999955
 0.99999505 0.99999464 0.99999434 0.99999416 0.99999404 0.9999941
 0.9999943  0.99999446 0.9999947  0.99999493 0.99999505 0.9999951
 0.9999949  0.99999446 0.9999937  0.9999925  0.9999909  0.9999888
 0.9999863  0.9999833  0.99998003 0.99997634 0.99997246 0.9999684
 0.99996454 0.9999608  0.99995744 0.9999547  0.9999527  0.9999516
 0.99995154 0.9999526  0.99995476 0.9999579  0.99996185 0.9999662
 0.99997044 0.9999738  0.9999752  0.9999734  0.9999669 ]","[[0.58683354 0.6333087  0.5783449  0.5556673  0.37003338 0.30613008
  0.42387074 0.35096487 0.44290796 0.70331174 0.59110886 0.4167833
  0.59949875 0.7042855  0.44340077 0.6458312  0.507635   0.61091787]
 [3.161906   3.4153762  2.8058949  3.4281073  6.1043324  1.1767703
  2.1422334  1.545828   0.59212357 0.00615006 2.744865   5.1498885
  2.2243912  1.1117134  2.266698   2.2088795  5.0256157  3.1168053 ]
 [1.0471195  2.5744624  2.2114336  1.2002205  3.4914496  0.4570087
  2.0281346  5.8434415  4.000406   3.1783185  0.86255544 0.71398526
  1.5405018  5.6709847  2.0596235  5.38922    0.22635603 3.4647353 ]]",trotter
579,17,7,False,"[1.         1.0000005  0.9999991  0.9999979  0.99999654 0.99999505
 0.99999356 0.99999213 0.99999094 0.99999017 0.99998945 0.9999892
 0.9999892  0.9999895  0.9999896  0.9999901  0.99999076 0.99999106
 0.9999916  0.9999921  0.9999928  0.9999935  0.9999938  0.9999943
 0.9999946  0.9999949  0.99999475 0.99999464 0.999995   0.99999464
 0.99999446 0.99999404 0.9999938  0.9999935  0.9999934  0.99999326
 0.9999931  0.99999315 0.99999326 0.9999934  0.9999935  0.9999939
 0.9999944  0.99999505 0.99999565 0.9999959  0.9999964  0.9999969
 0.99999714 0.99999744 0.99999774 0.99999785 0.99999774 0.9999974
 0.99999726 0.9999968  0.9999964  0.99999565 0.9999952  0.9999947
 0.9999941  0.9999937  0.9999934  0.9999931  0.999993   0.9999932
 0.9999935  0.9999937  0.9999939  0.99999404 0.999994   0.9999943
 0.9999939  0.9999933  0.9999926  0.9999916  0.99998987 0.9999877
 0.99998516 0.9999823  0.9999791  0.9999753  0.9999716  0.9999678
 0.9999638  0.9999602  0.9999568  0.99995404 0.9999522  0.99995106
 0.99995095 0.9999519  0.99995416 0.9999573  0.99996144 0.99996567
 0.9999697  0.9999733  0.99997467 0.9999729  0.9999664 ]","[[0.58683354 0.6333087  0.5783449  0.5556673  0.37003338 0.30613008
  0.42387074 0.35096487 0.44290796 0.70331174 0.59110886 0.4167833
  0.59949875 0.7042855  0.44340077 0.6458312  0.507635   0.61091787]
 [3.161906   3.4153762  2.8058949  3.4281073  6.1043324  1.1767703
  2.1422334  1.545828   0.59212357 0.00615006 2.744865   5.1498885
  2.2243912  1.1117134  2.266698   2.2088795  5.0256157  3.1168053 ]
 [1.0471195  2.5744624  2.2114336  1.2002205  3.4914496  0.4570087
  2.0281346  5.8434415  4.000406   3.1783185  0.86255544 0.71398526
  1.5405018  5.6709847  2.0596235  5.38922    0.22635603 3.4647353 ]]",trotter
580,18,7,True,"[1.         0.9999978  0.9999923  0.999985   0.9999772  0.99996966
 0.99996305 0.99995774 0.999954   0.9999518  0.9999511  0.99995196
 0.999954   0.999957   0.99996084 0.99996513 0.9999697  0.99997425
 0.99997866 0.99998266 0.9999862  0.99998915 0.9999915  0.9999931
 0.99999404 0.99999446 0.99999434 0.9999937  0.99999267 0.9999914
 0.99999    0.99998856 0.9999872  0.9999859  0.99998486 0.999984
 0.99998355 0.99998343 0.9999836  0.9999841  0.99998486 0.9999858
 0.99998707 0.9999884  0.99998975 0.9999911  0.9999924  0.99999356
 0.99999446 0.9999952  0.9999957  0.9999959  0.99999595 0.99999565
 0.99999523 0.99999464 0.9999939  0.9999932  0.9999925  0.99999183
 0.9999913  0.99999094 0.99999076 0.9999908  0.9999911  0.9999916
 0.99999225 0.999993   0.99999386 0.99999464 0.99999523 0.9999956
 0.9999956  0.99999505 0.999994   0.99999225 0.99998975 0.9999864
 0.99998236 0.99997747 0.999972   0.9999659  0.9999594  0.99995273
 0.99994624 0.99994004 0.9999346  0.9999302  0.9999273  0.99992603
 0.99992675 0.99992967 0.99993473 0.9999418  0.9999505  0.9999601
 0.99996966 0.99997747 0.9999815  0.9999791  0.9999667 ]","[[0.5870591  0.6745995  0.40509883 0.6597818  0.72198266 0.4541339
  0.25500876 0.35798344 0.27392814 0.614914   0.74767107 0.59926105
  0.3077171  0.38311467 0.25565553 0.5402629  0.50091875 0.4893752 ]
 [5.9487247  2.8540313  3.9204772  0.19381471 0.65386397 5.3337035
  5.746848   3.4237342  5.187983   2.2041252  4.4854627  0.8406989
  3.3822553  1.1323407  2.5632176  3.3671799  4.5066233  0.86449677]
 [1.0778987  4.186276   0.8440636  2.483675   2.520103   3.7906504
  2.2087448  3.0940402  5.596663   4.834105   2.0856984  0.12478673
  4.7380476  2.581496   1.7922313  3.6765435  3.9276078  6.237523  ]]",trotter
581,19,7,False,"[1.         0.99999845 0.99999267 0.99998534 0.99997747 0.99997
 0.99996316 0.9999579  0.99995416 0.999952   0.9999513  0.99995226
 0.99995416 0.9999572  0.99996114 0.9999654  0.99996984 0.9999745
 0.99997896 0.99998295 0.99998647 0.99998933 0.99999154 0.9999932
 0.9999943  0.9999945  0.99999434 0.9999936  0.99999255 0.99999124
 0.99998975 0.9999883  0.99998677 0.99998564 0.99998444 0.9999836
 0.99998325 0.99998313 0.9999832  0.9999838  0.9999845  0.99998546
 0.9999865  0.9999879  0.9999891  0.9999904  0.99999183 0.9999932
 0.99999404 0.9999947  0.9999952  0.9999953  0.9999954  0.99999547
 0.9999949  0.9999943  0.9999934  0.9999926  0.9999919  0.9999914
 0.9999909  0.99999046 0.9999902  0.99999017 0.99999046 0.999991
 0.9999915  0.9999924  0.99999315 0.99999386 0.99999475 0.999995
 0.99999493 0.99999434 0.9999932  0.99999154 0.99998903 0.99998564
 0.9999819  0.999977   0.9999714  0.9999652  0.9999587  0.9999521
 0.99994564 0.9999395  0.99993414 0.9999296  0.9999266  0.9999251
 0.999926   0.99992913 0.9999339  0.99994093 0.9999499  0.99995947
 0.99996877 0.99997693 0.999981   0.9999786  0.9999661 ]","[[0.5870591  0.6745995  0.40509883 0.6597818  0.72198266 0.4541339
  0.25500876 0.35798344 0.27392814 0.614914   0.74767107 0.59926105
  0.3077171  0.38311467 0.25565553 0.5402629  0.50091875 0.4893752 ]
 [5.9487247  2.8540313  3.9204772  0.19381471 0.65386397 5.3337035
  5.746848   3.4237342  5.187983   2.2041252  4.4854627  0.8406989
  3.3822553  1.1323407  2.5632176  3.3671799  4.5066233  0.86449677]
 [1.0778987  4.186276   0.8440636  2.483675   2.520103   3.7906504
  2.2087448  3.0940402  5.596663   4.834105   2.0856984  0.12478673
  4.7380476  2.581496   1.7922313  3.6765435  3.9276078  6.237523  ]]",trotter
582,20,7,True,"[1.         0.99999595 0.99998593 0.9999725  0.99995786 0.9999434
 0.9999301  0.9999188  0.9999099  0.99990356 0.9998999  0.9998987
 0.9998997  0.9999027  0.99990743 0.99991345 0.9999204  0.999928
 0.999936   0.999944   0.9999517  0.99995905 0.99996585 0.99997175
 0.99997693 0.99998116 0.99998444 0.9999869  0.9999883  0.999989
 0.9999889  0.9999882  0.999987   0.9999854  0.9999836  0.99998176
 0.99998    0.99997836 0.9999771  0.9999763  0.9999759  0.9999761
 0.9999768  0.999978   0.9999796  0.9999816  0.9999837  0.9999859
 0.999988   0.99998987 0.99999136 0.9999923  0.9999926  0.9999922
 0.9999912  0.99998945 0.9999872  0.9999845  0.9999816  0.9999786
 0.99997586 0.9999735  0.9999718  0.9999709  0.999971   0.9999719
 0.9999738  0.99997634 0.99997944 0.9999826  0.99998534 0.9999872
 0.9999874  0.99998546 0.99998057 0.9999723  0.9999599  0.9999432
 0.9999219  0.999896   0.99986583 0.999832   0.99979526 0.9997569
 0.99971837 0.99968135 0.999648   0.99962014 0.9996     0.99958956
 0.9995906  0.9996042  0.9996311  0.99967086 0.99972194 0.9997812
 0.9998438  0.9999026  0.99994797 0.9999673  0.9999446 ]","[[0.69060004 0.30271405 0.47597325 0.73889595 0.50931865 0.3931076
  0.36704043 0.680939   0.5531411  0.3250414  0.4874869  0.36896244
  0.7435695  0.3366642  0.70835656 0.5770035  0.6126537  0.4965631 ]
 [5.68683    1.6797881  5.3632116  3.6242876  5.6364717  3.0982332
  6.0696135  4.850417   6.03882    4.4345236  3.039225   1.1733339
  2.1345327  4.2970214  4.451174   5.0361643  4.7666817  2.8768048 ]
 [5.4575205  1.0062792  5.596867   1.4612777  3.3725357  0.930059
  5.8568006  0.1522167  2.69622    1.1282065  5.2261257  1.7100152
  0.12512298 3.2723663  5.4509478  2.2903707  0.3753692  5.901505  ]]",trotter
583,21,7,False,"[1.         0.9999966  0.9999863  0.99997294 0.9999581  0.99994355
 0.9999304  0.99991876 0.9999101  0.9999038  0.99990004 0.9998988
 0.9998999  0.99990284 0.9999079  0.9999138  0.9999209  0.99992853
 0.99993634 0.9999444  0.9999522  0.9999594  0.99996626 0.99997205
 0.99997723 0.99998146 0.9999846  0.9999869  0.99998826 0.999989
 0.9999888  0.99998814 0.99998695 0.9999851  0.9999831  0.99998146
 0.9999794  0.9999779  0.9999769  0.9999762  0.99997556 0.9999756
 0.9999765  0.99997765 0.9999792  0.99998116 0.99998313 0.9999854
 0.9999874  0.9999891  0.9999904  0.9999915  0.99999195 0.99999136
 0.99999034 0.9999888  0.9999865  0.99998367 0.9999808  0.9999778
 0.99997497 0.9999726  0.9999709  0.99997026 0.99997026 0.9999713
 0.9999731  0.99997544 0.9999786  0.9999818  0.9999845  0.99998635
 0.9999867  0.99998456 0.9999798  0.9999714  0.99995923 0.99994254
 0.99992144 0.99989533 0.9998653  0.99983126 0.9997946  0.99975616
 0.9997174  0.9996807  0.99964744 0.9996196  0.9995994  0.99958897
 0.99959    0.9996037  0.9996306  0.9996707  0.9997216  0.99978083
 0.9998433  0.9999024  0.9999474  0.999967   0.9999441 ]","[[0.69060004 0.30271405 0.47597325 0.73889595 0.50931865 0.3931076
  0.36704043 0.680939   0.5531411  0.3250414  0.4874869  0.36896244
  0.7435695  0.3366642  0.70835656 0.5770035  0.6126537  0.4965631 ]
 [5.68683    1.6797881  5.3632116  3.6242876  5.6364717  3.0982332
  6.0696135  4.850417   6.03882    4.4345236  3.039225   1.1733339
  2.1345327  4.2970214  4.451174   5.0361643  4.7666817  2.8768048 ]
 [5.4575205  1.0062792  5.596867   1.4612777  3.3725357  0.930059
  5.8568006  0.1522167  2.69622    1.1282065  5.2261257  1.7100152
  0.12512298 3.2723663  5.4509478  2.2903707  0.3753692  5.901505  ]]",trotter
584,22,7,True,"[1.         0.9999966  0.9999883  0.9999773  0.99996537 0.99995387
 0.99994373 0.99993557 0.9999297  0.9999264  0.99992543 0.99992675
 0.99993    0.99993485 0.9999409  0.9999477  0.9999549  0.99996203
 0.9999688  0.9999749  0.9999801  0.99998426 0.9999872  0.999989
 0.99998957 0.99998915 0.9999878  0.99998575 0.99998313 0.99998033
 0.9999774  0.99997467 0.9999723  0.9999705  0.99996924 0.9999689
 0.99996924 0.9999704  0.9999722  0.99997455 0.9999775  0.99998057
 0.9999838  0.9999868  0.99998957 0.99999166 0.999993   0.99999356
 0.9999931  0.9999917  0.99998933 0.999986   0.9999819  0.99997723
 0.9999721  0.99996686 0.99996173 0.999957   0.99995303 0.99994993
 0.99994797 0.99994725 0.99994797 0.99995005 0.9999534  0.9999579
 0.99996334 0.9999693  0.9999755  0.9999814  0.9999865  0.99999034
 0.99999243 0.9999923  0.99998957 0.99998397 0.99997526 0.9999634
 0.9999486  0.99993116 0.9999114  0.9998902  0.9998682  0.9998465
 0.9998262  0.9998083  0.99979407 0.9997846  0.9997809  0.9997835
 0.9997932  0.99980956 0.9998322  0.99985975 0.9998902  0.9999205
 0.9999463  0.9999624  0.9999619  0.99993664 0.99987674]","[[0.34420484 0.25389323 0.5879059  0.72131366 0.34198985 0.42488143
  0.61658204 0.43165267 0.7173392  0.5651463  0.28093395 0.6763134
  0.58451754 0.60286003 0.5822684  0.34915096 0.3595074  0.6511628 ]
 [5.9589143  3.1498156  0.26200283 4.8192134  3.8332088  0.2273936
  2.7958128  0.14547221 3.483591   5.5068355  2.6969683  5.7753835
  6.203639   2.2878325  4.7708845  2.3181336  0.31527686 2.1821756 ]
 [1.0924267  5.6571574  2.1563442  5.4659295  3.3789375  6.2088547
  0.46630773 5.000378   2.7268977  0.5900209  5.3825207  3.0292313
  2.6282544  6.239545   1.362966   5.543852   0.25604248 1.035552  ]]",trotter
585,23,7,False,"[1.         0.9999974  0.99998856 0.99997765 0.9999658  0.99995416
 0.999944   0.99993587 0.99992985 0.99992645 0.99992543 0.99992687
 0.9999301  0.9999351  0.9999411  0.99994797 0.99995524 0.99996245
 0.9999692  0.99997544 0.99998057 0.9999847  0.9999877  0.9999894
 0.99998975 0.99998933 0.99998796 0.99998593 0.9999832  0.9999804
 0.99997747 0.99997485 0.9999722  0.9999704  0.9999694  0.9999687
 0.999969   0.9999703  0.99997216 0.9999745  0.9999774  0.9999805
 0.99998355 0.9999865  0.99998915 0.9999913  0.9999928  0.9999932
 0.99999267 0.9999912  0.9999888  0.9999856  0.99998134 0.9999766
 0.9999715  0.9999662  0.99996084 0.9999563  0.9999523  0.99994916
 0.99994695 0.99994636 0.99994713 0.99994934 0.9999524  0.999957
 0.99996233 0.99996847 0.9999748  0.9999806  0.9999859  0.99998957
 0.9999916  0.99999154 0.999989   0.9999836  0.99997467 0.9999629
 0.999948   0.99993056 0.99991125 0.9998897  0.99986756 0.9998458
 0.99982566 0.9998078  0.9997935  0.99978423 0.9997807  0.99978316
 0.9997925  0.99980897 0.9998315  0.99985904 0.99988955 0.99992025
 0.99994606 0.99996173 0.99996126 0.999936   0.99987626]","[[0.34420484 0.25389323 0.5879059  0.72131366 0.34198985 0.42488143
  0.61658204 0.43165267 0.7173392  0.5651463  0.28093395 0.6763134
  0.58451754 0.60286003 0.5822684  0.34915096 0.3595074  0.6511628 ]
 [5.9589143  3.1498156  0.26200283 4.8192134  3.8332088  0.2273936
  2.7958128  0.14547221 3.483591   5.5068355  2.6969683  5.7753835
  6.203639   2.2878325  4.7708845  2.3181336  0.31527686 2.1821756 ]
 [1.0924267  5.6571574  2.1563442  5.4659295  3.3789375  6.2088547
  0.46630773 5.000378   2.7268977  0.5900209  5.3825207  3.0292313
  2.6282544  6.239545   1.362966   5.543852   0.25604248 1.035552  ]]",trotter
586,24,7,True,"[1.         0.9999978  0.9999922  0.9999846  0.99997616 0.99996763
 0.99995965 0.99995255 0.9999468  0.99994236 0.99993944 0.9999379
 0.9999377  0.9999388  0.99994093 0.99994385 0.9999475  0.9999516
 0.999956   0.9999604  0.9999649  0.99996907 0.99997294 0.9999764
 0.99997944 0.9999818  0.9999838  0.9999853  0.9999862  0.9999867
 0.9999868  0.99998665 0.99998635 0.9999859  0.9999854  0.9999849
 0.99998456 0.99998444 0.99998456 0.99998486 0.9999854  0.9999862
 0.9999872  0.99998826 0.99998957 0.9999908  0.9999921  0.99999326
 0.9999942  0.999995   0.99999535 0.99999547 0.9999952  0.99999446
 0.99999344 0.9999921  0.9999904  0.99998856 0.9999865  0.99998456
 0.9999826  0.9999808  0.9999793  0.9999782  0.99997747 0.9999773
 0.99997765 0.9999785  0.99997985 0.9999816  0.99998367 0.999986
 0.9999883  0.9999905  0.9999924  0.99999374 0.9999944  0.99999416
 0.9999929  0.9999905  0.99998695 0.99998224 0.9999764  0.9999697
 0.99996233 0.9999546  0.9999469  0.9999396  0.9999333  0.9999284
 0.99992543 0.9999247  0.99992645 0.9999308  0.9999374  0.9999457
 0.9999547  0.9999626  0.9999672  0.9999652  0.99995244]","[[0.35770386 0.48741677 0.66954154 0.6932371  0.6638346  0.531297
  0.74380934 0.26728955 0.6312536  0.63581806 0.47462738 0.51146597
  0.56857777 0.53267944 0.28658965 0.5623833  0.6200283  0.7306887 ]
 [1.7156012  0.6579115  1.8991121  1.6580024  3.1358182  5.6833463
  0.13017681 2.1281521  3.1367102  3.934886   3.7733932  2.903769
  0.81118363 1.3677012  1.7767162  0.5436888  1.091032   4.9318404 ]
 [4.546266   3.2847736  4.887052   1.1404891  5.3312464  5.1579328
  5.7853866  1.2664527  4.5681233  0.8846218  6.0734234  6.2606993
  2.3394074  4.3162584  2.979477   2.3977654  3.3519664  0.03247104]]",trotter
587,25,7,False,"[1.         0.9999983  0.9999926  0.99998504 0.99997634 0.9999677
 0.9999595  0.99995255 0.9999467  0.99994224 0.9999394  0.9999379
 0.9999379  0.9999389  0.9999411  0.99994415 0.9999476  0.999952
 0.99995625 0.9999607  0.9999651  0.99996907 0.999973   0.9999764
 0.9999794  0.9999818  0.99998367 0.9999852  0.99998593 0.9999863
 0.9999864  0.99998623 0.99998593 0.9999853  0.9999847  0.99998426
 0.99998397 0.9999839  0.99998397 0.9999842  0.99998456 0.9999854
 0.99998647 0.9999874  0.9999887  0.99999    0.99999136 0.9999923
 0.9999933  0.999994   0.9999944  0.99999464 0.9999941  0.99999326
 0.999992   0.99999076 0.99998933 0.9999873  0.9999853  0.99998325
 0.9999811  0.9999795  0.999978   0.999977   0.9999763  0.99997616
 0.9999766  0.9999773  0.9999785  0.9999802  0.9999828  0.9999852
 0.9999876  0.99999    0.9999917  0.99999326 0.9999938  0.9999936
 0.9999922  0.99998975 0.99998647 0.99998164 0.99997586 0.9999691
 0.9999618  0.9999538  0.99994636 0.9999389  0.99993235 0.9999273
 0.9999244  0.9999237  0.99992573 0.99993044 0.9999372  0.9999456
 0.9999546  0.99996257 0.9999668  0.99996495 0.99995214]","[[0.35770386 0.48741677 0.66954154 0.6932371  0.6638346  0.531297
  0.74380934 0.26728955 0.6312536  0.63581806 0.47462738 0.51146597
  0.56857777 0.53267944 0.28658965 0.5623833  0.6200283  0.7306887 ]
 [1.7156012  0.6579115  1.8991121  1.6580024  3.1358182  5.6833463
  0.13017681 2.1281521  3.1367102  3.934886   3.7733932  2.903769
  0.81118363 1.3677012  1.7767162  0.5436888  1.091032   4.9318404 ]
 [4.546266   3.2847736  4.887052   1.1404891  5.3312464  5.1579328
  5.7853866  1.2664527  4.5681233  0.8846218  6.0734234  6.2606993
  2.3394074  4.3162584  2.979477   2.3977654  3.3519664  0.03247104]]",trotter
588,26,7,True,"[1.         0.9999982  0.99999386 0.99998826 0.99998224 0.99997663
 0.999972   0.9999684  0.99996626 0.9999654  0.99996585 0.9999674
 0.99996984 0.999973   0.9999766  0.9999803  0.99998397 0.9999874
 0.99999034 0.9999927  0.99999446 0.9999955  0.9999959  0.9999956
 0.99999475 0.99999344 0.9999918  0.9999899  0.999988   0.9999862
 0.99998456 0.99998325 0.99998236 0.9999818  0.99998176 0.9999822
 0.99998295 0.9999841  0.99998546 0.999987   0.9999886  0.99999017
 0.9999915  0.9999925  0.9999931  0.99999326 0.99999285 0.99999195
 0.99999046 0.99998844 0.999986   0.9999832  0.9999801  0.9999769
 0.9999737  0.9999707  0.99996793 0.99996567 0.999964   0.99996287
 0.9999625  0.9999629  0.9999641  0.99996597 0.9999684  0.99997145
 0.9999747  0.9999781  0.9999814  0.9999843  0.9999866  0.9999879
 0.9999881  0.9999868  0.999984   0.99997944 0.999973   0.9999648
 0.9999548  0.9999433  0.9999305  0.9999168  0.99990267 0.99988866
 0.99987555 0.9998639  0.99985445 0.999848   0.99984527 0.9998466
 0.9998524  0.9998629  0.9998777  0.99989605 0.9999166  0.9999373
 0.9999552  0.9999661  0.99996483 0.9999446  0.999897  ]","[[0.5000159  0.26850477 0.48850888 0.4671824  0.37824443 0.29696572
  0.7153398  0.3755935  0.29153654 0.43563068 0.44011912 0.44009084
  0.65407455 0.26996544 0.4386738  0.25472927 0.43487835 0.4502112 ]
 [5.374859   5.506232   5.479317   2.7812219  3.7189732  4.011947
  1.9479854  3.5807698  4.07528    1.8505926  1.9124689  1.753573
  5.9724646  5.9781976  2.7405198  3.486052   5.204979   3.5318668 ]
 [6.162584   3.1298413  4.3208976  1.8790115  5.939168   3.627704
  1.0829967  0.7363512  3.744529   2.351555   2.77741    2.2090242
  1.0989419  1.7931287  0.36616972 5.9134045  4.899696   2.0359387 ]]",trotter
589,27,7,False,"[1.         0.99999917 0.99999434 0.9999886  0.99998254 0.99997693
 0.9999722  0.99996847 0.9999661  0.99996525 0.9999657  0.9999672
 0.99996984 0.9999731  0.9999769  0.99998057 0.9999844  0.9999876
 0.99999064 0.99999267 0.9999945  0.99999565 0.99999595 0.99999565
 0.999995   0.99999356 0.99999213 0.99999    0.99998814 0.99998623
 0.99998474 0.9999834  0.9999824  0.999982   0.99998164 0.9999821
 0.9999829  0.9999842  0.9999854  0.9999868  0.99998856 0.99999017
 0.99999136 0.9999923  0.9999929  0.999993   0.9999923  0.99999154
 0.99999005 0.99998796 0.99998564 0.9999828  0.99997956 0.9999764
 0.99997324 0.99997014 0.9999675  0.9999649  0.999963   0.9999618
 0.9999617  0.999962   0.99996316 0.9999649  0.9999674  0.99997044
 0.99997365 0.99997723 0.99998033 0.9999835  0.9999858  0.99998724
 0.99998736 0.99998623 0.99998343 0.99997866 0.9999722  0.999964
 0.99995404 0.99994254 0.9999294  0.99991614 0.99990195 0.99988776
 0.9998746  0.9998631  0.99985343 0.9998471  0.99984413 0.9998458
 0.99985147 0.999862   0.99987674 0.999895   0.9999156  0.9999365
 0.9999543  0.9999653  0.99996406 0.9999438  0.9998963 ]","[[0.5000159  0.26850477 0.48850888 0.4671824  0.37824443 0.29696572
  0.7153398  0.3755935  0.29153654 0.43563068 0.44011912 0.44009084
  0.65407455 0.26996544 0.4386738  0.25472927 0.43487835 0.4502112 ]
 [5.374859   5.506232   5.479317   2.7812219  3.7189732  4.011947
  1.9479854  3.5807698  4.07528    1.8505926  1.9124689  1.753573
  5.9724646  5.9781976  2.7405198  3.486052   5.204979   3.5318668 ]
 [6.162584   3.1298413  4.3208976  1.8790115  5.939168   3.627704
  1.0829967  0.7363512  3.744529   2.351555   2.77741    2.2090242
  1.0989419  1.7931287  0.36616972 5.9134045  4.899696   2.0359387 ]]",trotter
590,28,7,True,"[1.         0.9999988  0.99999577 0.9999917  0.99998724 0.99998266
 0.99997836 0.9999745  0.99997115 0.99996847 0.99996656 0.99996537
 0.99996495 0.9999652  0.9999661  0.99996763 0.9999697  0.99997216
 0.9999749  0.9999778  0.99998087 0.99998385 0.99998665 0.99998915
 0.99999136 0.999993   0.9999943  0.99999505 0.99999523 0.999995
 0.99999434 0.9999933  0.999992   0.99999064 0.9999891  0.99998766
 0.99998623 0.9999851  0.99998426 0.9999837  0.9999836  0.99998385
 0.9999844  0.9999853  0.9999864  0.99998784 0.9999893  0.9999909
 0.9999924  0.9999938  0.99999493 0.9999959  0.99999654 0.99999684
 0.9999969  0.9999967  0.99999624 0.9999956  0.9999949  0.9999941
 0.9999933  0.9999927  0.99999225 0.9999921  0.99999213 0.9999924
 0.99999285 0.9999934  0.999994   0.9999944  0.9999946  0.9999942
 0.9999932  0.9999913  0.9999884  0.99998426 0.99997884 0.99997205
 0.9999638  0.99995434 0.9999437  0.99993205 0.9999199  0.9999075
 0.9998955  0.99988437 0.9998748  0.99986726 0.9998625  0.99986106
 0.9998633  0.99986964 0.99987996 0.999894   0.9999111  0.99993
 0.99994874 0.9999647  0.9999744  0.99997324 0.9999554 ]","[[0.26990074 0.7415571  0.26931757 0.27321428 0.6502795  0.5868545
  0.65110433 0.5693833  0.5017856  0.6506582  0.42711055 0.5815523
  0.65206605 0.33371058 0.40396792 0.46295908 0.42044175 0.70557296]
 [2.0538485  3.3675663  1.0304867  2.161602   0.04027442 3.888662
  4.6279993  3.3094673  4.453482   1.2900383  1.5451846  5.2315226
  6.1655188  0.59532475 4.7850423  2.8521996  3.1725972  4.5227094 ]
 [2.330978   5.293746   2.5588312  4.2458243  5.305161   1.8886827
  4.218856   5.948968   0.78874767 2.7710946  1.5887606  5.610903
  0.37424386 2.6155665  4.66389    2.5430272  4.3413153  0.33547974]]",trotter
591,29,7,False,"[1.         0.9999995  0.99999607 0.9999922  0.99998766 0.99998295
 0.99997824 0.99997437 0.99997103 0.9999681  0.9999664  0.99996525
 0.9999651  0.99996537 0.9999663  0.999968   0.9999701  0.9999725
 0.99997526 0.99997824 0.99998105 0.9999841  0.99998677 0.99998945
 0.9999913  0.9999933  0.9999944  0.99999505 0.9999953  0.999995
 0.9999942  0.9999934  0.9999918  0.9999906  0.99998885 0.99998736
 0.99998593 0.9999848  0.99998397 0.99998325 0.99998295 0.9999832
 0.9999837  0.9999847  0.9999857  0.999987   0.99998844 0.99999
 0.99999136 0.9999929  0.9999939  0.9999948  0.9999955  0.99999595
 0.9999956  0.9999953  0.999995   0.9999941  0.9999935  0.9999926
 0.99999225 0.9999916  0.9999914  0.9999913  0.9999912  0.99999136
 0.9999916  0.99999225 0.99999285 0.9999933  0.9999937  0.99999344
 0.9999925  0.99999034 0.99998766 0.99998355 0.9999778  0.9999712
 0.9999629  0.99995327 0.9999428  0.99993134 0.9999195  0.99990696
 0.99989504 0.99988383 0.999874   0.99986684 0.99986213 0.9998605
 0.9998628  0.99986905 0.9998796  0.9998941  0.99991083 0.9999301
 0.99994856 0.99996483 0.99997455 0.9999732  0.99995565]","[[0.26990074 0.7415571  0.26931757 0.27321428 0.6502795  0.5868545
  0.65110433 0.5693833  0.5017856  0.6506582  0.42711055 0.5815523
  0.65206605 0.33371058 0.40396792 0.46295908 0.42044175 0.70557296]
 [2.0538485  3.3675663  1.0304867  2.161602   0.04027442 3.888662
  4.6279993  3.3094673  4.453482   1.2900383  1.5451846  5.2315226
  6.1655188  0.59532475 4.7850423  2.8521996  3.1725972  4.5227094 ]
 [2.330978   5.293746   2.5588312  4.2458243  5.305161   1.8886827
  4.218856   5.948968   0.78874767 2.7710946  1.5887606  5.610903
  0.37424386 2.6155665  4.66389    2.5430272  4.3413153  0.33547974]]",trotter
592,30,7,True,"[1.         0.99998426 0.99994296 0.9998838  0.99981356 0.9997379
 0.9996616  0.99958843 0.9995214  0.9994627  0.9994141  0.99937654
 0.9993505  0.99933606 0.9993329  0.9993403  0.9993574  0.9993831
 0.9994162  0.99945515 0.9994988  0.9995456  0.9995942  0.9996433
 0.9996918  0.9997383  0.9997821  0.99982214 0.999858   0.99988896
 0.99991465 0.9999351  0.99995005 0.9999597  0.99996424 0.9999641
 0.9999597  0.99995166 0.9999405  0.999927   0.99991167 0.99989533
 0.9998787  0.9998625  0.9998472  0.99983335 0.99982154 0.9998122
 0.9998055  0.99980175 0.9998011  0.9998034  0.9998087  0.99981683
 0.9998274  0.9998401  0.9998545  0.9998702  0.9998865  0.999903
 0.99991906 0.9999342  0.9999478  0.99995947 0.99996865 0.999975
 0.99997836 0.99997836 0.999975   0.99996835 0.99995846 0.99994564
 0.99993026 0.99991274 0.9998937  0.9998739  0.9998539  0.99983466
 0.99981695 0.9998015  0.9997892  0.9997808  0.9997768  0.99977773
 0.99978393 0.9997954  0.9998118  0.99983263 0.9998567  0.99988264
 0.9999082  0.9999308  0.9999471  0.9999528  0.99994296 0.99991167
 0.999852   0.99975586 0.999614   0.999416   0.9991499 ]","[[0.5124658  0.533179   0.3028796  0.50916404 0.7234206  0.70995724
  0.42897782 0.25787607 0.6260785  0.5021052  0.36988246 0.62723
  0.66587466 0.3679364  0.46875134 0.43260485 0.674886   0.7393275 ]
 [1.0207785  3.1939116  5.347749   0.48095253 4.096644   3.2136753
  4.324694   5.2745385  2.442254   5.609394   3.2424788  3.5938187
  4.2838454  0.85736513 2.0628746  6.114699   0.80098855 3.3834286 ]
 [3.2917817  0.06479418 5.2980065  3.7335582  6.0241003  4.876459
  1.779109   2.8240476  5.9497414  2.7400928  5.929233   1.219322
  1.7924147  0.24394189 5.6567464  3.91267    4.677579   4.216409  ]]",trotter
593,31,7,False,"[1.         0.99998486 0.9999434  0.9998842  0.999814   0.9997382
 0.9996616  0.99958843 0.9995215  0.9994628  0.99941427 0.9993767
 0.99935067 0.9993365  0.99933314 0.9993405  0.9993577  0.9993834
 0.9994166  0.9994554  0.999499   0.99954575 0.9995946  0.99964356
 0.9996919  0.9997386  0.9997822  0.9998223  0.9998579  0.99988896
 0.9999149  0.999935   0.99994993 0.99995965 0.99996424 0.99996394
 0.99995947 0.9999515  0.9999401  0.99992657 0.9999112  0.9998949
 0.99987817 0.99986184 0.9998467  0.9998328  0.99982095 0.9998116
 0.9998049  0.9998011  0.99980044 0.9998027  0.999808   0.9998161
 0.9998267  0.99983925 0.9998537  0.9998695  0.9998858  0.99990255
 0.99991834 0.9999334  0.99994695 0.9999587  0.999968   0.99997437
 0.9999775  0.9999773  0.99997395 0.99996746 0.9999574  0.99994487
 0.99992937 0.99991196 0.9998928  0.9998729  0.9998532  0.9998337
 0.9998161  0.9998005  0.9997883  0.9997801  0.9997759  0.9997769
 0.99978316 0.99979484 0.99981135 0.9998322  0.9998561  0.9998819
 0.9999078  0.99993044 0.99994695 0.9999526  0.9999428  0.99991125
 0.99985147 0.999755   0.9996133  0.9994157  0.9991495 ]","[[0.5124658  0.533179   0.3028796  0.50916404 0.7234206  0.70995724
  0.42897782 0.25787607 0.6260785  0.5021052  0.36988246 0.62723
  0.66587466 0.3679364  0.46875134 0.43260485 0.674886   0.7393275 ]
 [1.0207785  3.1939116  5.347749   0.48095253 4.096644   3.2136753
  4.324694   5.2745385  2.442254   5.609394   3.2424788  3.5938187
  4.2838454  0.85736513 2.0628746  6.114699   0.80098855 3.3834286 ]
 [3.2917817  0.06479418 5.2980065  3.7335582  6.0241003  4.876459
  1.779109   2.8240476  5.9497414  2.7400928  5.929233   1.219322
  1.7924147  0.24394189 5.6567464  3.91267    4.677579   4.216409  ]]",trotter
594,32,7,True,"[1.         0.9999983  0.99999386 0.9999878  0.9999808  0.9999738
 0.99996716 0.99996126 0.9999565  0.9999529  0.99995065 0.9999497
 0.99995005 0.9999514  0.99995387 0.9999571  0.9999609  0.9999651
 0.9999695  0.99997383 0.99997807 0.99998194 0.99998546 0.9999884
 0.99999076 0.9999926  0.9999938  0.9999946  0.9999949  0.9999947
 0.99999434 0.99999374 0.9999931  0.9999925  0.9999919  0.9999914
 0.9999912  0.9999911  0.9999913  0.9999916  0.99999213 0.9999927
 0.9999933  0.999994   0.99999446 0.9999947  0.99999475 0.99999446
 0.9999938  0.9999928  0.9999914  0.9999897  0.99998766 0.99998546
 0.9999831  0.9999806  0.9999783  0.99997616 0.99997425 0.99997276
 0.9999718  0.99997133 0.9999715  0.9999722  0.9999735  0.99997526
 0.99997747 0.9999799  0.9999825  0.9999849  0.99998707 0.99998873
 0.9999897  0.99998975 0.9999887  0.99998647 0.9999829  0.99997807
 0.9999719  0.9999647  0.9999565  0.9999476  0.99993855 0.99992955
 0.99992114 0.99991393 0.99990827 0.9999048  0.99990374 0.9999054
 0.9999099  0.9999169  0.999926   0.99993604 0.9999457  0.9999526
 0.9999539  0.99994594 0.9999239  0.99988174 0.9998125 ]","[[0.5074864  0.3834682  0.62925136 0.7168172  0.28530517 0.5536866
  0.57107425 0.42778376 0.3816104  0.36830464 0.60227525 0.4855364
  0.2546658  0.5350639  0.5242659  0.28672412 0.30936605 0.36627486]
 [4.0791163  3.0929234  2.7219188  0.10061228 0.5601037  0.21398062
  5.7842035  3.3630395  0.3883321  4.953017   4.933908   0.12443353
  1.2927595  0.5551883  0.11665396 4.88813    5.6790276  5.209025  ]
 [3.377162   1.6865498  4.479128   3.6381366  0.99130774 1.9322164
  6.272921   3.326145   1.0035231  5.9321885  5.8576884  3.420662
  1.312189   2.8950858  0.6781213  2.6491168  1.4832363  2.8589177 ]]",trotter
595,33,7,False,"[1.         0.99999934 0.9999942  0.9999881  0.9999813  0.9999742
 0.99996734 0.9999615  0.9999567  0.99995303 0.9999507  0.99994993
 0.9999503  0.9999517  0.9999541  0.9999574  0.9999613  0.99996567
 0.99996984 0.99997437 0.99997854 0.9999824  0.99998564 0.9999888
 0.99999106 0.99999297 0.9999941  0.9999949  0.9999949  0.9999949
 0.9999945  0.99999386 0.999993   0.99999255 0.99999183 0.99999154
 0.999991   0.999991   0.999991   0.9999913  0.999992   0.99999243
 0.99999297 0.99999356 0.99999416 0.9999942  0.9999942  0.999994
 0.99999344 0.9999923  0.999991   0.99998933 0.9999872  0.9999849
 0.9999825  0.99998    0.99997747 0.9999753  0.9999734  0.99997205
 0.9999712  0.9999707  0.99997073 0.99997145 0.99997264 0.9999743
 0.9999766  0.9999791  0.9999817  0.99998415 0.99998623 0.99998784
 0.99998885 0.99998873 0.9999876  0.99998546 0.99998194 0.99997723
 0.9999712  0.9999639  0.99995565 0.99994695 0.9999378  0.9999288
 0.9999205  0.99991316 0.9999075  0.99990433 0.999903   0.9999047
 0.9999092  0.9999164  0.9999254  0.9999354  0.99994516 0.999952
 0.9999534  0.9999453  0.9999233  0.99988115 0.99981195]","[[0.5074864  0.3834682  0.62925136 0.7168172  0.28530517 0.5536866
  0.57107425 0.42778376 0.3816104  0.36830464 0.60227525 0.4855364
  0.2546658  0.5350639  0.5242659  0.28672412 0.30936605 0.36627486]
 [4.0791163  3.0929234  2.7219188  0.10061228 0.5601037  0.21398062
  5.7842035  3.3630395  0.3883321  4.953017   4.933908   0.12443353
  1.2927595  0.5551883  0.11665396 4.88813    5.6790276  5.209025  ]
 [3.377162   1.6865498  4.479128   3.6381366  0.99130774 1.9322164
  6.272921   3.326145   1.0035231  5.9321885  5.8576884  3.420662
  1.312189   2.8950858  0.6781213  2.6491168  1.4832363  2.8589177 ]]",trotter
596,34,7,True,"[1.         0.9999982  0.9999936  0.9999871  0.9999796  0.9999716
 0.99996376 0.9999563  0.9999496  0.99994373 0.99993896 0.9999353
 0.99993277 0.99993134 0.999931   0.9999315  0.99993294 0.9999351
 0.9999379  0.9999412  0.99994487 0.9999488  0.9999529  0.9999571
 0.99996126 0.9999653  0.99996907 0.99997264 0.99997586 0.9999787
 0.9999813  0.9999833  0.99998504 0.9999863  0.9999871  0.99998766
 0.9999878  0.9999876  0.9999871  0.9999864  0.99998546 0.99998444
 0.9999833  0.9999821  0.999981   0.99997985 0.9999789  0.99997807
 0.9999774  0.999977   0.9999768  0.9999769  0.9999773  0.9999778
 0.9999787  0.9999798  0.9999811  0.99998254 0.9999841  0.99998564
 0.9999872  0.9999886  0.99998987 0.99999076 0.99999136 0.9999915
 0.99999106 0.99999    0.9999883  0.99998593 0.9999828  0.9999789
 0.99997425 0.9999689  0.9999629  0.9999564  0.9999496  0.9999425
 0.9999353  0.9999284  0.99992186 0.99991596 0.999911   0.99990726
 0.99990493 0.9999042  0.99990535 0.9999083  0.9999133  0.99991995
 0.9999283  0.9999378  0.99994785 0.99995756 0.99996585 0.99997133
 0.99997205 0.9999659  0.9999502  0.99992174 0.99987686]","[[0.59067315 0.59651655 0.5227281  0.45956406 0.25816873 0.6122542
  0.3993455  0.69221795 0.4236877  0.66847694 0.53410697 0.6288773
  0.37249443 0.5475092  0.5176086  0.56012774 0.61619246 0.656463  ]
 [1.0702448  4.4518185  3.2279997  4.276371   5.3789086  1.0462434
  0.14956282 1.6217318  2.7025955  0.34303012 3.9041748  2.1566305
  5.255772   0.44695744 2.5673811  2.6640754  3.1737204  1.6052834 ]
 [5.7356396  1.4742786  5.5886526  1.4263574  0.08328498 0.8484245
  3.687756   4.430671   4.4377446  4.524567   0.84200436 0.5559572
  1.9228914  0.8549322  6.199506   5.866274   3.8623862  2.5812645 ]]",trotter
597,35,7,False,"[1.         0.99999887 0.99999386 0.9999875  0.99997985 0.99997187
 0.9999637  0.99995613 0.9999495  0.9999436  0.999939   0.9999354
 0.9999331  0.9999316  0.99993116 0.9999318  0.9999331  0.9999353
 0.99993813 0.9999413  0.9999449  0.99994904 0.99995285 0.99995726
 0.9999612  0.99996537 0.9999691  0.9999724  0.99997574 0.9999785
 0.99998087 0.999983   0.99998456 0.99998575 0.9999864  0.9999872
 0.9999871  0.99998695 0.9999865  0.99998575 0.9999846  0.99998343
 0.9999825  0.9999811  0.99998015 0.9999791  0.99997807 0.99997723
 0.99997646 0.999976   0.99997574 0.9999758  0.9999761  0.9999765
 0.99997747 0.99997854 0.99998003 0.9999812  0.9999829  0.9999844
 0.9999861  0.99998754 0.9999887  0.9999897  0.9999904  0.9999906
 0.9999902  0.9999891  0.9999876  0.99998504 0.9999819  0.99997795
 0.9999734  0.99996847 0.99996257 0.99995583 0.999949   0.99994177
 0.99993485 0.9999283  0.99992156 0.9999157  0.99991083 0.9999072
 0.9999049  0.99990416 0.99990565 0.9999081  0.9999129  0.99991953
 0.999928   0.9999377  0.9999477  0.99995726 0.9999657  0.9999712
 0.99997187 0.99996537 0.9999497  0.9999212  0.9998763 ]","[[0.59067315 0.59651655 0.5227281  0.45956406 0.25816873 0.6122542
  0.3993455  0.69221795 0.4236877  0.66847694 0.53410697 0.6288773
  0.37249443 0.5475092  0.5176086  0.56012774 0.61619246 0.656463  ]
 [1.0702448  4.4518185  3.2279997  4.276371   5.3789086  1.0462434
  0.14956282 1.6217318  2.7025955  0.34303012 3.9041748  2.1566305
  5.255772   0.44695744 2.5673811  2.6640754  3.1737204  1.6052834 ]
 [5.7356396  1.4742786  5.5886526  1.4263574  0.08328498 0.8484245
  3.687756   4.430671   4.4377446  4.524567   0.84200436 0.5559572
  1.9228914  0.8549322  6.199506   5.866274   3.8623862  2.5812645 ]]",trotter
598,36,7,True,"[1.         0.99999744 0.99999124 0.99998295 0.99997395 0.99996525
 0.9999575  0.9999512  0.9999464  0.99994344 0.9999422  0.99994254
 0.9999443  0.9999473  0.9999512  0.9999557  0.9999606  0.9999657
 0.9999707  0.9999754  0.99997956 0.99998325 0.99998623 0.9999885
 0.9999901  0.999991   0.99999124 0.99999094 0.9999903  0.9999893
 0.999988   0.9999867  0.99998546 0.9999843  0.9999835  0.99998283
 0.9999826  0.99998266 0.9999832  0.99998397 0.9999851  0.99998647
 0.9999881  0.9999897  0.99999136 0.9999929  0.9999943  0.9999955
 0.9999963  0.9999969  0.999997   0.9999967  0.99999607 0.999995
 0.9999937  0.999992   0.9999903  0.99998844 0.9999865  0.99998486
 0.9999833  0.99998206 0.99998116 0.9999807  0.9999807  0.99998116
 0.99998206 0.9999834  0.99998504 0.9999869  0.9999889  0.9999909
 0.9999926  0.99999404 0.99999493 0.9999951  0.9999945  0.99999297
 0.9999904  0.9999867  0.99998206 0.99997634 0.9999698  0.99996257
 0.999955   0.99994737 0.99994    0.9999334  0.99992794 0.99992406
 0.9999223  0.99992275 0.9999258  0.99993134 0.99993926 0.999949
 0.9999594  0.9999691  0.9999761  0.9999773  0.99996895]","[[0.72250277 0.44267547 0.7014847  0.7207401  0.43354663 0.3619584
  0.6055065  0.5717622  0.4645692  0.58940417 0.44240317 0.5906691
  0.3660742  0.4701647  0.59013027 0.59663063 0.25973445 0.6658026 ]
 [4.120027   5.4071956  1.1490521  1.1449492  2.4201667  5.112693
  1.4411786  0.34001154 6.0714707  3.9720645  0.18793368 1.461101
  2.993999   1.386005   3.0383375  4.119225   5.633523   5.69644   ]
 [0.61706215 3.3470752  1.3721172  3.930743   1.9126834  2.7582536
  3.706314   6.1014485  0.51944256 0.7292719  0.5343453  6.0746717
  2.608598   5.2044663  6.278215   5.4364653  0.5626984  4.7959228 ]]",trotter
599,37,7,False,"[1.         0.9999984  0.99999166 0.99998325 0.9999743  0.99996537
 0.9999576  0.99995106 0.9999463  0.99994326 0.9999422  0.99994254
 0.9999444  0.9999474  0.99995136 0.99995583 0.99996084 0.9999659
 0.9999708  0.99997544 0.9999798  0.9999833  0.9999864  0.9999885
 0.9999902  0.99999094 0.9999911  0.99999094 0.99999017 0.9999892
 0.99998796 0.9999863  0.9999851  0.9999838  0.9999829  0.99998224
 0.9999818  0.999982   0.9999824  0.9999832  0.99998426 0.9999855
 0.99998707 0.9999887  0.99999034 0.9999917  0.99999315 0.9999942
 0.99999505 0.99999547 0.9999956  0.9999953  0.9999947  0.9999935
 0.99999213 0.9999904  0.9999885  0.9999869  0.99998504 0.9999834
 0.99998206 0.999981   0.99998033 0.99997944 0.9999798  0.99998015
 0.99998134 0.9999824  0.99998415 0.9999862  0.9999882  0.9999901
 0.99999183 0.99999326 0.9999945  0.9999945  0.99999404 0.99999225
 0.9999896  0.9999862  0.99998134 0.99997586 0.99996907 0.9999619
 0.9999542  0.9999465  0.99993926 0.99993277 0.9999273  0.9999235
 0.9999216  0.99992204 0.99992514 0.9999308  0.9999388  0.9999484
 0.9999592  0.9999688  0.99997586 0.99997693 0.99996847]","[[0.72250277 0.44267547 0.7014847  0.7207401  0.43354663 0.3619584
  0.6055065  0.5717622  0.4645692  0.58940417 0.44240317 0.5906691
  0.3660742  0.4701647  0.59013027 0.59663063 0.25973445 0.6658026 ]
 [4.120027   5.4071956  1.1490521  1.1449492  2.4201667  5.112693
  1.4411786  0.34001154 6.0714707  3.9720645  0.18793368 1.461101
  2.993999   1.386005   3.0383375  4.119225   5.633523   5.69644   ]
 [0.61706215 3.3470752  1.3721172  3.930743   1.9126834  2.7582536
  3.706314   6.1014485  0.51944256 0.7292719  0.5343453  6.0746717
  2.608598   5.2044663  6.278215   5.4364653  0.5626984  4.7959228 ]]",trotter
600,38,7,True,"[1.         0.9999998  0.99999946 0.99999887 0.9999982  0.99999744
 0.9999966  0.9999956  0.99999446 0.9999933  0.9999921  0.99999094
 0.9999898  0.99998885 0.999988   0.9999874  0.999987   0.9999867
 0.9999866  0.9999865  0.9999865  0.99998647 0.9999864  0.99998623
 0.99998593 0.9999855  0.9999849  0.9999842  0.99998343 0.9999826
 0.99998176 0.999981   0.9999804  0.99997985 0.9999796  0.9999796
 0.99997985 0.9999804  0.99998116 0.9999821  0.9999834  0.99998474
 0.99998623 0.9999878  0.99998933 0.99999076 0.99999213 0.9999933
 0.9999943  0.9999951  0.99999565 0.999996   0.99999607 0.999996
 0.99999577 0.99999547 0.999995   0.9999946  0.99999416 0.9999938
 0.9999935  0.9999934  0.9999934  0.99999356 0.9999938  0.9999942
 0.9999947  0.9999952  0.9999956  0.99999595 0.9999961  0.99999607
 0.99999565 0.999995   0.99999386 0.99999225 0.9999902  0.9999878
 0.9999848  0.9999816  0.99997807 0.99997437 0.99997056 0.99996686
 0.99996346 0.99996036 0.9999579  0.99995613 0.9999552  0.99995506
 0.99995583 0.99995756 0.99995995 0.9999628  0.9999658  0.9999684
 0.9999699  0.9999695  0.99996597 0.9999581  0.99994427]","[[0.5603866  0.283145   0.5748165  0.40425947 0.43373057 0.6692054
  0.3655635  0.48649508 0.40387625 0.62783104 0.5512221  0.6869818
  0.41569993 0.60745025 0.7196215  0.5081397  0.50934887 0.40638348]
 [1.3344208  1.6245083  5.158261   2.8789499  4.707773   1.0029885
  5.383244   0.17183465 4.474444   2.9379637  1.253901   3.9484015
  1.7387493  2.3504584  2.907006   2.5139773  1.9733804  4.051241  ]
 [2.0141923  2.4154658  4.000327   2.8907235  3.4397619  1.0417128
  0.88348156 4.007464   0.80872554 1.6938267  0.24903454 2.4444685
  3.56796    0.52575076 0.94073755 2.9080133  5.0258336  5.662178  ]]",trotter
601,39,7,False,"[1.         1.0000006  0.9999997  0.99999934 0.99999833 0.9999977
 0.99999654 0.9999956  0.9999945  0.9999932  0.99999195 0.9999909
 0.9999898  0.9999889  0.9999883  0.9999876  0.9999872  0.999987
 0.9999869  0.99998677 0.99998677 0.9999866  0.9999865  0.99998623
 0.9999859  0.9999854  0.9999849  0.9999841  0.99998325 0.9999826
 0.99998164 0.9999806  0.99998015 0.9999797  0.99997914 0.9999793
 0.9999796  0.9999799  0.9999807  0.9999815  0.99998283 0.9999842
 0.99998564 0.99998707 0.99998856 0.99999005 0.99999124 0.9999924
 0.99999344 0.9999941  0.9999947  0.999995   0.99999475 0.9999948
 0.99999464 0.99999434 0.9999938  0.9999934  0.99999285 0.99999267
 0.99999225 0.9999923  0.99999225 0.9999924  0.99999243 0.9999928
 0.9999934  0.9999938  0.9999941  0.9999945  0.999995   0.9999951
 0.9999948  0.9999939  0.99999315 0.99999136 0.99998945 0.99998724
 0.9999841  0.999981   0.9999773  0.9999737  0.9999699  0.99996597
 0.99996275 0.9999594  0.99995697 0.9999549  0.9999543  0.9999542
 0.9999553  0.99995697 0.9999592  0.99996215 0.99996513 0.99996775
 0.9999693  0.9999687  0.9999653  0.99995786 0.9999438 ]","[[0.5603866  0.283145   0.5748165  0.40425947 0.43373057 0.6692054
  0.3655635  0.48649508 0.40387625 0.62783104 0.5512221  0.6869818
  0.41569993 0.60745025 0.7196215  0.5081397  0.50934887 0.40638348]
 [1.3344208  1.6245083  5.158261   2.8789499  4.707773   1.0029885
  5.383244   0.17183465 4.474444   2.9379637  1.253901   3.9484015
  1.7387493  2.3504584  2.907006   2.5139773  1.9733804  4.051241  ]
 [2.0141923  2.4154658  4.000327   2.8907235  3.4397619  1.0417128
  0.88348156 4.007464   0.80872554 1.6938267  0.24903454 2.4444685
  3.56796    0.52575076 0.94073755 2.9080133  5.0258336  5.662178  ]]",trotter
602,40,7,True,"[1.         0.9999937  0.99997807 0.9999573  0.9999347  0.9999127
 0.99989295 0.9998767  0.9998645  0.99985677 0.99985343 0.99985415
 0.9998585  0.9998659  0.9998756  0.99988705 0.99989957 0.9999124
 0.999925   0.99993706 0.99994797 0.99995744 0.99996537 0.9999716
 0.99997604 0.99997896 0.99998033 0.99998045 0.9999795  0.9999778
 0.9999757  0.99997336 0.9999711  0.9999692  0.9999678  0.99996704
 0.9999671  0.9999679  0.9999694  0.9999717  0.9999745  0.9999777
 0.9999811  0.9999845  0.9999877  0.99999046 0.9999926  0.99999404
 0.9999945  0.9999941  0.9999927  0.99999046 0.9999874  0.99998367
 0.99997944 0.999975   0.9999706  0.99996644 0.99996287 0.99996
 0.9999581  0.9999573  0.99995774 0.99995935 0.99996203 0.99996567
 0.99997    0.9999747  0.9999794  0.9999835  0.9999866  0.9999882
 0.99998766 0.99998456 0.9999785  0.9999691  0.9999562  0.99993974
 0.9999198  0.99989665 0.99987084 0.99984306 0.9998143  0.9997855
 0.9997579  0.999733   0.99971205 0.99969643 0.99968755 0.9996864
 0.9996938  0.9997102  0.99973524 0.99976814 0.99980706 0.9998492
 0.99989057 0.9999257  0.9999477  0.9999478  0.9999153 ]","[[0.5496111  0.3706242  0.46914014 0.70137316 0.733404   0.41522565
  0.5647632  0.5048437  0.6105701  0.60193783 0.5543311  0.6753384
  0.6103657  0.5543225  0.62921625 0.6586624  0.55906117 0.45773193]
 [2.7530186  1.0081111  4.0167613  2.313504   2.1095552  1.6523126
  5.5592203  4.5443087  5.9758363  3.8968897  6.25011    1.0159185
  3.843881   0.20931132 4.691521   0.73249733 5.8713613  2.724093  ]
 [1.696574   4.0237164  1.1883875  3.8393497  4.2687635  4.3205166
  3.2061477  5.614875   2.798473   5.407851   2.1469362  1.3848388
  3.4686997  3.8107831  1.4999233  6.0105486  0.5352674  3.6023345 ]]",trotter
603,41,7,False,"[1.         0.9999944  0.9999784  0.9999577  0.99993503 0.9999129
 0.9998931  0.99987674 0.9998646  0.9998569  0.9998537  0.9998544
 0.9998588  0.99986625 0.99987614 0.9998874  0.9998999  0.99991274
 0.99992543 0.99993736 0.9999482  0.9999577  0.9999654  0.99997175
 0.9999762  0.999979   0.9999803  0.9999802  0.9999792  0.9999776
 0.99997556 0.99997306 0.99997085 0.99996895 0.9999674  0.99996656
 0.9999664  0.99996734 0.99996865 0.99997103 0.9999738  0.9999769
 0.9999803  0.9999838  0.9999868  0.99998975 0.99999195 0.9999932
 0.999994   0.99999344 0.9999918  0.9999896  0.9999866  0.9999832
 0.9999789  0.9999744  0.99996984 0.99996567 0.99996203 0.9999593
 0.9999573  0.9999565  0.9999569  0.99995875 0.9999613  0.99996495
 0.9999693  0.99997383 0.9999788  0.9999827  0.99998593 0.9999874
 0.99998724 0.99998385 0.999978   0.9999686  0.99995553 0.9999392
 0.9999193  0.9998963  0.9998707  0.99984276 0.99981385 0.9997848
 0.99975765 0.9997325  0.99971163 0.9996961  0.99968725 0.99968594
 0.9996934  0.9997098  0.99973476 0.99976766 0.9998069  0.99984866
 0.99989    0.9999255  0.9999475  0.9999476  0.999915  ]","[[0.5496111  0.3706242  0.46914014 0.70137316 0.733404   0.41522565
  0.5647632  0.5048437  0.6105701  0.60193783 0.5543311  0.6753384
  0.6103657  0.5543225  0.62921625 0.6586624  0.55906117 0.45773193]
 [2.7530186  1.0081111  4.0167613  2.313504   2.1095552  1.6523126
  5.5592203  4.5443087  5.9758363  3.8968897  6.25011    1.0159185
  3.843881   0.20931132 4.691521   0.73249733 5.8713613  2.724093  ]
 [1.696574   4.0237164  1.1883875  3.8393497  4.2687635  4.3205166
  3.2061477  5.614875   2.798473   5.407851   2.1469362  1.3848388
  3.4686997  3.8107831  1.4999233  6.0105486  0.5352674  3.6023345 ]]",trotter
604,42,7,True,"[1.         0.9999831  0.99993914 0.9998774  0.99980533 0.9997293
 0.9996542  0.99958396 0.99952143 0.9994687  0.999427   0.99939704
 0.99937874 0.9993719  0.99937576 0.9993893  0.99941134 0.99944055
 0.99947554 0.99951494 0.9995572  0.999601   0.9996453  0.9996887
 0.9997302  0.99976903 0.9998044  0.9998358  0.99986285 0.99988526
 0.99990296 0.99991596 0.9999245  0.99992883 0.9999293  0.99992645
 0.99992067 0.9999127  0.9999029  0.99989206 0.9998807  0.99986935
 0.9998586  0.9998489  0.9998407  0.9998343  0.99982995 0.99982786
 0.9998281  0.9998308  0.9998357  0.99984276 0.9998518  0.99986243
 0.99987435 0.9998872  0.9999006  0.99991393 0.9999268  0.99993885
 0.9999496  0.9999586  0.9999656  0.9999702  0.9999722  0.99997157
 0.9999681  0.9999618  0.9999529  0.9999414  0.9999277  0.99991214
 0.9998951  0.9998771  0.9998587  0.9998404  0.99982285 0.9998067
 0.9997925  0.9997809  0.9997723  0.9997672  0.99976593 0.99976873
 0.9997757  0.9997867  0.9998015  0.99981964 0.9998403  0.9998625
 0.99988496 0.999906   0.99992365 0.9999354  0.99993837 0.99992925
 0.99990416 0.9998584  0.9997869  0.99968374 0.999542  ]","[[0.3833202  0.31366023 0.3341519  0.324787   0.54313797 0.4250736
  0.5829259  0.44851872 0.56802875 0.59911627 0.72946924 0.53045326
  0.71707124 0.28248435 0.7319005  0.70432824 0.5871482  0.46238112]
 [5.3726892  1.2104231  1.3828752  1.0229756  0.05099734 4.771142
  4.702674   1.6940379  5.757591   5.383335   2.1354265  0.19904675
  0.5443333  5.226525   3.2429426  4.431836   1.0666542  0.02959601]
 [2.3853447  0.9645562  5.783533   4.991931   3.2228653  1.4047602
  2.5938523  3.230027   4.1597815  4.4981084  5.239637   4.5220585
  1.5691078  2.8508165  4.283457   2.4071398  5.8174205  3.5862362 ]]",trotter
605,43,7,False,"[1.         0.9999838  0.99993944 0.99987787 0.9998056  0.99972945
 0.99965423 0.9995839  0.9995215  0.99946874 0.999427   0.9993973
 0.99937904 0.9993723  0.9993761  0.9993898  0.9994116  0.99944085
 0.99947596 0.9995154  0.9995577  0.9996014  0.99964553 0.9996889
 0.9997305  0.99976933 0.9998045  0.9998359  0.999863   0.99988544
 0.99990314 0.9999161  0.9999246  0.99992883 0.9999293  0.9999265
 0.99992055 0.99991226 0.9999025  0.99989176 0.9998802  0.99986887
 0.99985814 0.99984825 0.99983984 0.9998336  0.99982905 0.9998271
 0.9998273  0.99983    0.9998349  0.99984187 0.9998508  0.9998615
 0.9998735  0.9998862  0.9998998  0.999913   0.99992603 0.9999379
 0.9999487  0.99995744 0.9999647  0.9999695  0.9999713  0.9999706
 0.9999673  0.9999611  0.9999521  0.9999405  0.9999271  0.9999118
 0.9998946  0.9998764  0.9998579  0.9998396  0.9998218  0.9998056
 0.9997915  0.99978006 0.9997715  0.9997664  0.99976516 0.9997679
 0.99977505 0.999786   0.9998006  0.99981886 0.99983984 0.999862
 0.9998845  0.99990565 0.9999231  0.9999346  0.999938   0.99992895
 0.9999036  0.99985784 0.9997864  0.9996837  0.9995414 ]","[[0.3833202  0.31366023 0.3341519  0.324787   0.54313797 0.4250736
  0.5829259  0.44851872 0.56802875 0.59911627 0.72946924 0.53045326
  0.71707124 0.28248435 0.7319005  0.70432824 0.5871482  0.46238112]
 [5.3726892  1.2104231  1.3828752  1.0229756  0.05099734 4.771142
  4.702674   1.6940379  5.757591   5.383335   2.1354265  0.19904675
  0.5443333  5.226525   3.2429426  4.431836   1.0666542  0.02959601]
 [2.3853447  0.9645562  5.783533   4.991931   3.2228653  1.4047602
  2.5938523  3.230027   4.1597815  4.4981084  5.239637   4.5220585
  1.5691078  2.8508165  4.283457   2.4071398  5.8174205  3.5862362 ]]",trotter
606,44,7,True,"[1.         0.9999972  0.99999    0.99998003 0.99996877 0.99995714
 0.9999461  0.99993634 0.9999283  0.9999224  0.99991876 0.9999174
 0.99991834 0.99992126 0.9999259  0.99993205 0.9999392  0.99994695
 0.9999549  0.9999627  0.99996984 0.9999762  0.9999814  0.9999854
 0.9999881  0.99998945 0.9999896  0.9999887  0.9999869  0.9999845
 0.9999817  0.9999788  0.999976   0.9999736  0.9999717  0.9999704
 0.9999697  0.99996984 0.9999706  0.9999719  0.9999736  0.9999755
 0.9999774  0.9999792  0.9999805  0.9999812  0.9999813  0.99998045
 0.99997884 0.9999763  0.99997294 0.9999689  0.99996436 0.9999596
 0.9999547  0.9999501  0.99994606 0.99994284 0.9999406  0.9999397
 0.9999401  0.999942   0.9999453  0.99994993 0.99995565 0.9999622
 0.9999691  0.99997604 0.9999823  0.9999874  0.99999076 0.9999917
 0.99998975 0.9999844  0.99997514 0.99996185 0.9999444  0.9999228
 0.99989736 0.9998686  0.9998371  0.9998039  0.99977005 0.9997368
 0.9997057  0.9996781  0.99965566 0.9996398  0.99963194 0.99963313
 0.99964404 0.99966496 0.9996955  0.9997344  0.99977946 0.9998273
 0.9998735  0.99991167 0.999934   0.99993074 0.99988997]","[[0.33862126 0.6650109  0.41073224 0.4536457  0.5298097  0.4503263
  0.6667685  0.30819184 0.5965171  0.72804403 0.39706695 0.36015397
  0.3157491  0.6046819  0.4149996  0.5125781  0.7401821  0.40292117]
 [2.4431045  6.0072627  4.4097414  3.0832517  5.7553177  4.2659554
  3.4434412  3.8177564  0.6373287  1.5650452  5.7785754  1.2336568
  1.3759731  3.3878307  4.4965377  0.6612992  6.2001996  3.1267147 ]
 [4.83132    5.4686246  4.2370744  3.0638225  4.5790486  4.2886214
  4.825952   1.5773525  2.1905448  1.4741312  2.8110735  2.548339
  2.5248623  2.087871   0.0856574  2.9597847  3.2951891  0.9565919 ]]",trotter
607,45,7,False,"[1.         0.99999803 0.99999046 0.99998033 0.9999691  0.9999572
 0.99994606 0.9999362  0.9999282  0.99992234 0.99991864 0.99991727
 0.9999184  0.9999217  0.9999262  0.99993235 0.99993956 0.99994725
 0.9999551  0.9999631  0.9999701  0.9999764  0.99998164 0.9999855
 0.9999884  0.99998975 0.99998975 0.9999886  0.99998677 0.9999843
 0.9999815  0.9999787  0.9999756  0.9999733  0.9999712  0.9999699
 0.9999694  0.9999692  0.9999701  0.9999713  0.99997294 0.99997485
 0.99997675 0.9999785  0.99997973 0.99998045 0.9999804  0.99997956
 0.9999777  0.9999753  0.999972   0.9999678  0.9999636  0.9999587
 0.99995387 0.9999492  0.99994534 0.9999421  0.9999398  0.9999388
 0.99993914 0.99994093 0.9999442  0.999949   0.99995464 0.9999613
 0.99996793 0.99997497 0.99998116 0.99998635 0.9999896  0.9999905
 0.99998873 0.99998325 0.9999742  0.99996096 0.9999435  0.999922
 0.99989647 0.99986744 0.9998361  0.99980325 0.99976933 0.9997361
 0.9997047  0.9996774  0.99965495 0.9996391  0.9996311  0.99963236
 0.9996434  0.9996643  0.9996948  0.9997336  0.9997789  0.9998272
 0.9998735  0.99991155 0.99993384 0.9999307  0.9998899 ]","[[0.33862126 0.6650109  0.41073224 0.4536457  0.5298097  0.4503263
  0.6667685  0.30819184 0.5965171  0.72804403 0.39706695 0.36015397
  0.3157491  0.6046819  0.4149996  0.5125781  0.7401821  0.40292117]
 [2.4431045  6.0072627  4.4097414  3.0832517  5.7553177  4.2659554
  3.4434412  3.8177564  0.6373287  1.5650452  5.7785754  1.2336568
  1.3759731  3.3878307  4.4965377  0.6612992  6.2001996  3.1267147 ]
 [4.83132    5.4686246  4.2370744  3.0638225  4.5790486  4.2886214
  4.825952   1.5773525  2.1905448  1.4741312  2.8110735  2.548339
  2.5248623  2.087871   0.0856574  2.9597847  3.2951891  0.9565919 ]]",trotter
608,46,7,True,"[1.         0.999982   0.9999347  0.9998669  0.99978626 0.9996991
 0.99961066 0.99952507 0.9994457  0.999375   0.9993147  0.99926597
 0.99922943 0.99920523 0.999193   0.9991923  0.99920225 0.9992219
 0.99925005 0.9992856  0.99932706 0.99937326 0.9994229  0.99947476
 0.99952763 0.99958056 0.99963236 0.99968237 0.9997297  0.99977386
 0.9998143  0.9998506  0.9998825  0.99991006 0.99993294 0.9999514
 0.9999656  0.99997574 0.99998206 0.999985   0.9999849  0.99998224
 0.9999774  0.999971   0.9999633  0.99995494 0.99994624 0.99993765
 0.9999295  0.9999222  0.99991596 0.999911   0.9999076  0.9999058
 0.9999057  0.99990726 0.9999104  0.99991506 0.9999211  0.9999282
 0.99993616 0.9999447  0.9999534  0.9999621  0.99997026 0.9999775
 0.99998367 0.9999882  0.9999909  0.9999915  0.99998975 0.99998546
 0.9999787  0.99996936 0.9999577  0.9999437  0.9999278  0.99991035
 0.999892   0.99987316 0.9998546  0.9998371  0.99982136 0.9998083
 0.9997985  0.99979275 0.9997917  0.99979573 0.999805   0.9998193
 0.99983823 0.9998607  0.9998851  0.99990916 0.9999298  0.99994296
 0.9999437  0.9999256  0.99988127 0.9998016  0.99967617]","[[0.3050037  0.25191632 0.66436166 0.39621425 0.39846832 0.7323632
  0.4335859  0.4076723  0.4177654  0.4736979  0.4746882  0.26200512
  0.6691864  0.4146806  0.40135974 0.34698668 0.35021272 0.44046265]
 [3.9608588  3.2707229  4.532764   4.3700294  6.253838   1.1998318
  4.1991687  4.098178   2.9244618  3.224944   1.0880591  4.260275
  2.5934036  2.3521807  1.1591516  1.6219794  6.1717668  3.2459872 ]
 [2.894833   5.977118   4.0537953  1.6813462  1.4425324  0.37769413
  3.4321754  5.2695274  2.6376464  0.76126015 0.32308918 4.8934245
  0.36143634 5.9963975  3.0664866  4.381764   2.1758013  5.6727743 ]]",trotter
609,47,7,False,"[1.         0.999983   0.9999351  0.9998672  0.9997866  0.9996994
 0.99961084 0.9995252  0.99944586 0.99937516 0.99931484 0.9992662
 0.9992296  0.9992056  0.9991934  0.99919266 0.9992028  0.99922246
 0.9992505  0.99928606 0.99932754 0.9993737  0.99942327 0.9994752
 0.999528   0.9995808  0.9996328  0.99968255 0.9997299  0.99977404
 0.9998144  0.99985075 0.9998827  0.99990994 0.9999328  0.99995136
 0.99996555 0.99997574 0.99998194 0.99998456 0.99998474 0.9999819
 0.99997705 0.99997044 0.99996287 0.9999545  0.99994576 0.99993694
 0.99992883 0.9999215  0.99991506 0.9999104  0.99990684 0.999905
 0.99990475 0.9999063  0.9999095  0.9999143  0.9999202  0.99992716
 0.9999351  0.99994385 0.9999528  0.9999614  0.9999694  0.99997675
 0.99998283 0.9999874  0.9999903  0.99999064 0.99998903 0.99998474
 0.99997795 0.99996847 0.9999568  0.9999428  0.9999268  0.9999095
 0.9998911  0.99987227 0.99985373 0.9998364  0.99982053 0.99980736
 0.9997978  0.99979204 0.999791   0.99979514 0.99980426 0.999819
 0.9998375  0.9998601  0.9998845  0.99990886 0.9999292  0.9999427
 0.99994314 0.99992526 0.9998809  0.99980116 0.9996758 ]","[[0.3050037  0.25191632 0.66436166 0.39621425 0.39846832 0.7323632
  0.4335859  0.4076723  0.4177654  0.4736979  0.4746882  0.26200512
  0.6691864  0.4146806  0.40135974 0.34698668 0.35021272 0.44046265]
 [3.9608588  3.2707229  4.532764   4.3700294  6.253838   1.1998318
  4.1991687  4.098178   2.9244618  3.224944   1.0880591  4.260275
  2.5934036  2.3521807  1.1591516  1.6219794  6.1717668  3.2459872 ]
 [2.894833   5.977118   4.0537953  1.6813462  1.4425324  0.37769413
  3.4321754  5.2695274  2.6376464  0.76126015 0.32308918 4.8934245
  0.36143634 5.9963975  3.0664866  4.381764   2.1758013  5.6727743 ]]",trotter
610,48,7,True,"[1.         0.99999857 0.9999951  0.9999906  0.99998575 0.9999811
 0.99997693 0.9999735  0.9999708  0.99996895 0.9999679  0.99996746
 0.9999677  0.9999684  0.99996954 0.99997103 0.9999727  0.9999746
 0.99997663 0.99997866 0.99998075 0.9999828  0.99998474 0.9999866
 0.99998826 0.99998975 0.99999106 0.9999922  0.9999931  0.9999937
 0.99999404 0.9999943  0.9999942  0.9999941  0.9999938  0.9999934
 0.99999297 0.99999255 0.99999225 0.999992   0.9999919  0.9999919
 0.9999921  0.9999925  0.99999297 0.99999356 0.9999943  0.99999493
 0.9999956  0.99999607 0.9999965  0.9999966  0.99999654 0.9999961
 0.99999547 0.9999945  0.9999933  0.999992   0.9999906  0.9999891
 0.9999877  0.9999864  0.9999854  0.99998474 0.9999844  0.99998444
 0.99998486 0.99998564 0.99998665 0.9999877  0.9999888  0.9999897
 0.99999005 0.99998975 0.9999885  0.9999861  0.9999825  0.99997735
 0.99997073 0.9999626  0.9999531  0.99994236 0.99993074 0.99991864
 0.99990654 0.9998951  0.9998849  0.9998766  0.999871   0.9998686
 0.9998699  0.9998752  0.99988455 0.99989754 0.9999134  0.99993056
 0.9999471  0.99995977 0.9999648  0.9999569  0.99992967]","[[0.72985977 0.4105852  0.2582421  0.6376183  0.6966547  0.6103269
  0.64318705 0.592888   0.48113245 0.5556442  0.39829063 0.7484825
  0.40160352 0.43193772 0.740045   0.5179219  0.6609923  0.6929091 ]
 [4.069319   5.8212123  4.760082   3.9157674  4.6988297  1.1483703
  0.28076267 5.5451035  2.6057484  2.6032438  4.0017266  2.691671
  1.0790567  0.84487444 2.9447832  3.6359203  5.7684364  1.6656446 ]
 [4.663627   0.97039545 5.042875   0.03397576 0.4022354  4.791963
  0.30221197 2.7301598  4.944214   1.3283676  3.8527405  3.0952904
  3.2816195  0.58972883 4.5231104  4.270069   0.33351153 4.751885  ]]",trotter
611,49,7,False,"[1.         0.9999994  0.9999955  0.9999909  0.9999861  0.9999816
 0.9999772  0.9999736  0.99997085 0.999969   0.999968   0.9999677
 0.9999678  0.99996865 0.9999697  0.99997115 0.99997276 0.9999747
 0.99997663 0.99997866 0.9999807  0.9999828  0.9999845  0.99998635
 0.9999882  0.99998957 0.9999909  0.999992   0.9999929  0.9999936
 0.9999938  0.9999939  0.999994   0.9999937  0.9999934  0.99999315
 0.9999927  0.9999922  0.999992   0.99999166 0.9999916  0.9999914
 0.9999917  0.999992   0.9999924  0.99999315 0.9999937  0.99999446
 0.99999493 0.9999954  0.9999959  0.99999595 0.99999577 0.99999547
 0.99999475 0.99999386 0.9999926  0.99999136 0.99998987 0.99998844
 0.999987   0.9999858  0.9999847  0.9999838  0.9999835  0.9999835
 0.9999841  0.99998474 0.9999861  0.9999869  0.9999881  0.9999889
 0.9999892  0.99998885 0.9999878  0.99998546 0.99998206 0.9999768
 0.99997026 0.99996203 0.9999523  0.99994147 0.9999301  0.99991786
 0.999906   0.9998944  0.9998842  0.99987596 0.9998704  0.999868
 0.9998694  0.99987507 0.99988407 0.9998969  0.99991304 0.99993014
 0.9999466  0.9999594  0.99996436 0.99995625 0.9999294 ]","[[0.72985977 0.4105852  0.2582421  0.6376183  0.6966547  0.6103269
  0.64318705 0.592888   0.48113245 0.5556442  0.39829063 0.7484825
  0.40160352 0.43193772 0.740045   0.5179219  0.6609923  0.6929091 ]
 [4.069319   5.8212123  4.760082   3.9157674  4.6988297  1.1483703
  0.28076267 5.5451035  2.6057484  2.6032438  4.0017266  2.691671
  1.0790567  0.84487444 2.9447832  3.6359203  5.7684364  1.6656446 ]
 [4.663627   0.97039545 5.042875   0.03397576 0.4022354  4.791963
  0.30221197 2.7301598  4.944214   1.3283676  3.8527405  3.0952904
  3.2816195  0.58972883 4.5231104  4.270069   0.33351153 4.751885  ]]",trotter
612,50,8,True,"[1.         0.99999475 0.9999817  0.99996436 0.99994534 0.99992675
 0.99990994 0.99989593 0.99988514 0.9998779  0.9998742  0.9998738
 0.9998763  0.9998813  0.99988836 0.9998968  0.9999062  0.999916
 0.99992585 0.99993515 0.9999438  0.99995136 0.99995774 0.99996287
 0.99996656 0.9999689  0.99996996 0.9999699  0.9999689  0.999967
 0.99996454 0.9999616  0.99995863 0.99995565 0.999953   0.9999506
 0.99994886 0.99994767 0.9999472  0.9999475  0.99994844 0.9999501
 0.9999524  0.99995506 0.9999581  0.9999614  0.9999648  0.99996793
 0.999971   0.99997354 0.9999757  0.9999773  0.9999783  0.99997866
 0.9999785  0.99997777 0.99997663 0.99997514 0.9999736  0.999972
 0.9999705  0.99996936 0.9999686  0.9999684  0.9999688  0.99996984
 0.99997145 0.9999736  0.999976   0.99997854 0.9999808  0.9999826
 0.99998355 0.99998313 0.9999811  0.999977   0.9999705  0.9999614
 0.9999495  0.99993485 0.99991757 0.9998979  0.99987644 0.99985385
 0.999831   0.999809   0.99978906 0.9997725  0.9997605  0.99975437
 0.99975526 0.9997637  0.99978    0.99980354 0.9998328  0.999865
 0.99989575 0.9999188  0.9999256  0.9999049  0.99984217]","[[0.5178693  0.6177807  0.4741602  0.37505332 0.6786934  0.5590406
  0.7489614  0.5529061  0.5285341  0.7238236  0.30180913 0.4571341
  0.3315313  0.6415205  0.27919427 0.3553198  0.7305464  0.63192326
  0.7460935  0.44347718 0.47810048]
 [1.4846888  2.1304793  1.5285114  6.079777   5.2469187  3.0662768
  5.6985083  6.2796636  5.265377   1.8500801  3.4438212  1.2101425
  1.8148837  3.8833444  2.4342475  3.962      5.266572   1.8983809
  4.3485513  6.1251154  5.04989   ]
 [0.12545113 5.854747   0.9136285  2.3423667  1.8984965  1.3089955
  5.5638323  1.3384601  1.3047315  2.1916199  1.4035058  4.1153817
  2.269062   5.619903   3.7791197  3.8274724  5.4500566  1.7715329
  1.5692546  0.9230768  5.3305435 ]]",trotter
613,51,8,False,"[1.         0.9999951  0.9999822  0.9999646  0.99994546 0.9999268
 0.99990994 0.99989575 0.99988514 0.9998778  0.9998741  0.99987394
 0.9998766  0.99988157 0.99988854 0.99989706 0.9999066  0.99991626
 0.99992615 0.9999353  0.999944   0.99995154 0.99995774 0.99996275
 0.9999665  0.99996895 0.9999701  0.99996984 0.9999688  0.999967
 0.9999646  0.99996156 0.9999585  0.9999555  0.99995285 0.9999503
 0.99994844 0.9999472  0.9999467  0.999947   0.99994785 0.9999495
 0.99995154 0.9999542  0.99995744 0.9999606  0.9999638  0.99996704
 0.9999699  0.9999726  0.9999747  0.9999762  0.99997723 0.9999776
 0.99997747 0.9999768  0.99997574 0.99997413 0.9999729  0.9999713
 0.9999696  0.99996847 0.99996763 0.9999673  0.99996775 0.99996865
 0.9999701  0.9999723  0.99997485 0.99997747 0.99997985 0.9999814
 0.9999823  0.9999824  0.9999801  0.9999759  0.99996907 0.9999603
 0.9999484  0.9999337  0.99991643 0.99989706 0.9998756  0.99985266
 0.99983    0.9998081  0.9997882  0.9997714  0.9997595  0.9997533
 0.99975425 0.99976295 0.9997795  0.9998032  0.9998322  0.99986446
 0.99989533 0.9999187  0.9999252  0.99990416 0.99984145]","[[0.5178693  0.6177807  0.4741602  0.37505332 0.6786934  0.5590406
  0.7489614  0.5529061  0.5285341  0.7238236  0.30180913 0.4571341
  0.3315313  0.6415205  0.27919427 0.3553198  0.7305464  0.63192326
  0.7460935  0.44347718 0.47810048]
 [1.4846888  2.1304793  1.5285114  6.079777   5.2469187  3.0662768
  5.6985083  6.2796636  5.265377   1.8500801  3.4438212  1.2101425
  1.8148837  3.8833444  2.4342475  3.962      5.266572   1.8983809
  4.3485513  6.1251154  5.04989   ]
 [0.12545113 5.854747   0.9136285  2.3423667  1.8984965  1.3089955
  5.5638323  1.3384601  1.3047315  2.1916199  1.4035058  4.1153817
  2.269062   5.619903   3.7791197  3.8274724  5.4500566  1.7715329
  1.5692546  0.9230768  5.3305435 ]]",trotter
614,52,8,True,"[1.         0.9999985  0.9999949  0.99999005 0.9999848  0.9999797
 0.99997497 0.99997103 0.99996805 0.9999659  0.99996465 0.9999643
 0.99996465 0.99996567 0.99996716 0.9999691  0.9999713  0.9999736
 0.9999759  0.9999781  0.9999803  0.9999821  0.9999838  0.9999851
 0.9999861  0.99998677 0.9999871  0.9999872  0.99998695 0.99998647
 0.9999858  0.9999849  0.99998397 0.999983   0.999982   0.9999811
 0.9999803  0.99997956 0.9999791  0.99997884 0.9999788  0.999979
 0.9999794  0.99998003 0.99998087 0.9999818  0.99998283 0.99998397
 0.99998504 0.9999861  0.999987   0.9999878  0.9999883  0.9999886
 0.9999887  0.9999885  0.9999881  0.9999874  0.99998665 0.9999857
 0.99998474 0.9999837  0.99998283 0.9999822  0.9999817  0.9999815
 0.99998164 0.9999821  0.99998295 0.9999841  0.9999855  0.9999872
 0.9999889  0.99999076 0.99999243 0.9999939  0.9999951  0.9999957
 0.9999958  0.9999953  0.9999941  0.99999213 0.9999895  0.99998623
 0.99998254 0.9999785  0.9999743  0.99997026 0.9999666  0.99996364
 0.9999616  0.99996066 0.99996096 0.99996257 0.9999653  0.9999689
 0.99997276 0.999976   0.99997747 0.99997544 0.9999679 ]","[[0.63804334 0.4673306  0.5173005  0.40783012 0.6940056  0.69796705
  0.7496095  0.63620466 0.6701285  0.6323603  0.5025097  0.5537537
  0.49548343 0.5007991  0.48229134 0.3118435  0.5947365  0.72557914
  0.4377832  0.5873299  0.32594168]
 [0.8222673  2.1880405  5.309747   2.608313   1.2637264  0.47436047
  4.047066   2.7050855  1.1205976  1.1919986  1.9469413  0.5334373
  5.0986457  6.0095787  1.9762474  5.4265537  1.615812   0.3203873
  1.4783825  0.25472325 3.3490725 ]
 [3.3289185  6.0096846  2.0704339  2.0901163  5.980486   5.9536386
  4.5873256  3.5769517  4.8942146  2.7657866  3.2065911  4.354939
  4.567756   6.1582403  5.358525   3.2417865  3.395352   0.4103305
  5.7126293  3.8958616  3.602445  ]]",trotter
615,53,8,False,"[1.         0.99999917 0.99999535 0.99999046 0.99998516 0.9999799
 0.99997514 0.99997115 0.99996793 0.9999657  0.99996465 0.9999642
 0.9999646  0.9999654  0.9999671  0.999969   0.9999713  0.99997354
 0.9999757  0.99997807 0.99998015 0.999982   0.9999838  0.9999851
 0.99998623 0.99998677 0.999987   0.999987   0.9999868  0.99998635
 0.99998575 0.9999848  0.99998397 0.9999827  0.9999816  0.99998057
 0.9999798  0.999979   0.9999785  0.9999783  0.9999783  0.9999786
 0.9999787  0.9999795  0.99998003 0.9999811  0.99998206 0.99998325
 0.9999842  0.9999852  0.99998605 0.99998665 0.9999872  0.9999871
 0.9999872  0.99998707 0.99998677 0.9999861  0.99998516 0.9999841
 0.99998325 0.9999821  0.9999814  0.9999807  0.9999804  0.9999801
 0.9999801  0.9999805  0.9999811  0.9999824  0.99998397 0.9999856
 0.9999872  0.99998903 0.9999911  0.99999285 0.99999386 0.99999475
 0.9999949  0.9999944  0.99999315 0.9999913  0.99998844 0.9999858
 0.9999818  0.9999775  0.99997383 0.9999694  0.999966   0.9999629
 0.999961   0.99995995 0.9999603  0.9999622  0.9999644  0.9999683
 0.99997175 0.9999753  0.99997693 0.999975   0.9999672 ]","[[0.63804334 0.4673306  0.5173005  0.40783012 0.6940056  0.69796705
  0.7496095  0.63620466 0.6701285  0.6323603  0.5025097  0.5537537
  0.49548343 0.5007991  0.48229134 0.3118435  0.5947365  0.72557914
  0.4377832  0.5873299  0.32594168]
 [0.8222673  2.1880405  5.309747   2.608313   1.2637264  0.47436047
  4.047066   2.7050855  1.1205976  1.1919986  1.9469413  0.5334373
  5.0986457  6.0095787  1.9762474  5.4265537  1.615812   0.3203873
  1.4783825  0.25472325 3.3490725 ]
 [3.3289185  6.0096846  2.0704339  2.0901163  5.980486   5.9536386
  4.5873256  3.5769517  4.8942146  2.7657866  3.2065911  4.354939
  4.567756   6.1582403  5.358525   3.2417865  3.395352   0.4103305
  5.7126293  3.8958616  3.602445  ]]",trotter
616,54,8,True,"[1.         0.99999726 0.99999034 0.99998105 0.99997073 0.9999603
 0.9999505  0.99994195 0.9999349  0.9999295  0.9999258  0.9999239
 0.99992365 0.9999249  0.9999275  0.9999313  0.9999359  0.9999413
 0.99994713 0.99995315 0.9999592  0.999965   0.99997044 0.9999753
 0.9999796  0.9999831  0.99998575 0.9999876  0.99998873 0.99998915
 0.9999889  0.9999882  0.9999871  0.9999858  0.99998444 0.9999832
 0.9999821  0.9999814  0.99998105 0.99998116 0.99998176 0.99998283
 0.9999842  0.99998593 0.99998784 0.9999898  0.99999166 0.99999326
 0.9999945  0.9999953  0.9999954  0.9999949  0.9999937  0.9999918
 0.9999893  0.9999862  0.9999827  0.999979   0.9999753  0.99997175
 0.9999685  0.99996597 0.9999641  0.99996316 0.9999631  0.9999642
 0.99996614 0.99996895 0.99997246 0.99997646 0.9999806  0.99998456
 0.99998796 0.9999903  0.9999913  0.9999906  0.9999878  0.99998266
 0.9999751  0.999965   0.9999526  0.9999381  0.99992186 0.99990463
 0.999887   0.9998699  0.99985427 0.9998411  0.9998315  0.99982625
 0.9998262  0.999832   0.99984354 0.99986076 0.99988264 0.9999075
 0.99993265 0.9999545  0.9999682  0.9999672  0.99994385]","[[0.3784804  0.5376997  0.6239983  0.3332926  0.64158475 0.25424182
  0.73862433 0.6786066  0.60982853 0.3374701  0.46251795 0.65258616
  0.5328013  0.5081705  0.72795576 0.63615996 0.28712514 0.67775947
  0.68839705 0.6126658  0.45152202]
 [2.2982202  3.1440763  3.412514   4.3312674  6.0065646  2.2596946
  1.2505496  3.6430168  1.9505371  5.638884   0.8277356  1.7176008
  4.7992816  5.6306124  4.9433866  1.7971696  1.1604867  2.038467
  3.84795    0.20735715 4.607472  ]
 [0.8167884  3.427373   6.2620063  0.23291686 5.6497254  2.384684
  0.08080464 4.9921737  1.1068811  3.0194125  2.8161166  5.2398243
  0.7330498  3.09741    0.01666626 6.031745   1.4725087  1.2155702
  0.1236669  4.195333   2.1176846 ]]",trotter
617,55,8,False,"[1.         0.999998   0.9999906  0.9999815  0.9999709  0.9999604
 0.99995065 0.99994195 0.99993473 0.99992937 0.9999257  0.99992377
 0.99992365 0.99992496 0.99992746 0.99993134 0.9999361  0.9999414
 0.99994725 0.99995345 0.9999593  0.99996513 0.99997056 0.9999753
 0.9999795  0.9999831  0.9999857  0.9999876  0.9999887  0.9999889
 0.99998873 0.99998796 0.99998695 0.99998534 0.99998426 0.99998295
 0.9999819  0.999981   0.9999807  0.99998075 0.99998116 0.99998236
 0.9999836  0.9999852  0.99998695 0.999989   0.99999064 0.9999922
 0.9999937  0.9999942  0.99999434 0.9999939  0.9999927  0.99999076
 0.9999883  0.9999854  0.9999819  0.99997795 0.99997425 0.99997056
 0.99996746 0.9999651  0.9999632  0.99996233 0.99996215 0.999963
 0.999965   0.999968   0.9999714  0.99997544 0.9999796  0.9999835
 0.99998665 0.99998915 0.9999899  0.9999893  0.99998647 0.9999814
 0.9999737  0.9999638  0.9999516  0.9999371  0.9999207  0.9999037
 0.9998861  0.99986887 0.9998533  0.99984044 0.9998308  0.99982584
 0.99982554 0.9998312  0.99984264 0.99985975 0.9998818  0.9999064
 0.9999317  0.9999535  0.99996716 0.99996644 0.999943  ]","[[0.3784804  0.5376997  0.6239983  0.3332926  0.64158475 0.25424182
  0.73862433 0.6786066  0.60982853 0.3374701  0.46251795 0.65258616
  0.5328013  0.5081705  0.72795576 0.63615996 0.28712514 0.67775947
  0.68839705 0.6126658  0.45152202]
 [2.2982202  3.1440763  3.412514   4.3312674  6.0065646  2.2596946
  1.2505496  3.6430168  1.9505371  5.638884   0.8277356  1.7176008
  4.7992816  5.6306124  4.9433866  1.7971696  1.1604867  2.038467
  3.84795    0.20735715 4.607472  ]
 [0.8167884  3.427373   6.2620063  0.23291686 5.6497254  2.384684
  0.08080464 4.9921737  1.1068811  3.0194125  2.8161166  5.2398243
  0.7330498  3.09741    0.01666626 6.031745   1.4725087  1.2155702
  0.1236669  4.195333   2.1176846 ]]",trotter
618,56,8,True,"[1.         0.9999964  0.9999878  0.9999767  0.9999651  0.99995416
 0.99994504 0.99993813 0.99993366 0.99993163 0.99993193 0.9999342
 0.999938   0.999943   0.9999489  0.9999551  0.9999614  0.99996734
 0.9999729  0.99997765 0.9999816  0.9999847  0.9999868  0.99998814
 0.9999887  0.99998856 0.99998784 0.99998677 0.9999854  0.99998397
 0.9999824  0.9999811  0.99998003 0.99997926 0.9999788  0.9999788
 0.9999791  0.9999798  0.9999808  0.9999822  0.99998367 0.99998534
 0.99998707 0.99998873 0.9999903  0.99999166 0.9999928  0.99999356
 0.99999404 0.9999941  0.99999386 0.99999326 0.9999924  0.9999912
 0.9999898  0.9999884  0.9999869  0.9999854  0.9999842  0.99998313
 0.9999824  0.99998206 0.9999821  0.9999826  0.9999835  0.99998474
 0.99998623 0.999988   0.99998987 0.99999166 0.9999932  0.9999944
 0.9999949  0.99999464 0.99999344 0.9999911  0.9999876  0.9999827
 0.9999766  0.9999692  0.9999606  0.99995106 0.9999408  0.9999302
 0.9999197  0.99990976 0.9999009  0.99989367 0.99988866 0.99988633
 0.99988705 0.99989116 0.9998987  0.99990934 0.9999226  0.99993724
 0.99995166 0.9999634  0.9999694  0.99996537 0.999946  ]","[[4.4727138e-01 2.5313255e-01 4.5954466e-01 6.3044316e-01 6.5591550e-01
  3.3701444e-01 4.3005562e-01 6.9096291e-01 3.6472365e-01 5.7069755e-01
  7.0904040e-01 3.5774907e-01 3.6037886e-01 6.7065781e-01 5.2213621e-01
  3.7309176e-01 4.7897735e-01 3.2892168e-01 4.1231015e-01 2.7737969e-01
  3.6236203e-01]
 [6.1507025e+00 1.0798496e+00 2.1845829e+00 2.7484620e+00 3.4968174e-01
  7.5582117e-01 8.1021465e-02 2.9953397e-04 2.7857065e+00 6.1811137e+00
  1.5260891e+00 2.1939652e+00 2.7673514e+00 4.0031576e+00 4.9528375e-01
  3.3313492e-01 4.3111098e-01 5.3456063e+00 3.8617435e+00 2.2502496e+00
  4.3421969e+00]
 [2.1304521e-01 4.0091367e+00 2.6975396e+00 3.0907781e+00 2.0690813e+00
  3.3876541e+00 2.6120048e+00 4.1643395e+00 2.7740016e+00 4.6686244e+00
  6.8456465e-01 3.5312569e+00 1.8057864e+00 4.3006334e+00 1.1248207e+00
  1.9574564e+00 1.9228137e+00 4.1556625e+00 5.3728968e-01 1.4096940e+00
  5.9583478e+00]]",trotter
619,57,8,False,"[1.         0.99999726 0.99998814 0.9999772  0.99996525 0.9999542
 0.9999449  0.999938   0.9999335  0.9999316  0.99993193 0.9999343
 0.99993825 0.9999435  0.99994934 0.9999555  0.99996156 0.9999676
 0.99997294 0.99997777 0.9999815  0.9999847  0.99998695 0.99998814
 0.99998844 0.99998856 0.9999876  0.9999865  0.99998504 0.9999835
 0.9999823  0.99998075 0.9999795  0.9999786  0.99997795 0.99997765
 0.999978   0.99997854 0.9999795  0.9999807  0.9999822  0.99998367
 0.9999853  0.9999871  0.99998856 0.99999    0.99999106 0.99999213
 0.99999285 0.99999267 0.99999243 0.99999195 0.9999911  0.9999897
 0.9999886  0.9999871  0.99998564 0.99998415 0.999983   0.9999822
 0.999981   0.9999808  0.999981   0.9999815  0.9999824  0.99998367
 0.9999853  0.9999872  0.9999889  0.99999076 0.99999243 0.9999933
 0.9999938  0.99999344 0.9999923  0.9999903  0.99998707 0.99998206
 0.9999761  0.9999686  0.9999602  0.99995023 0.9999399  0.999929
 0.99991864 0.9999092  0.99990034 0.9998932  0.9998878  0.9998857
 0.99988675 0.99989057 0.999898   0.99990875 0.9999219  0.9999369
 0.99995124 0.9999626  0.9999688  0.99996483 0.9999455 ]","[[4.4727138e-01 2.5313255e-01 4.5954466e-01 6.3044316e-01 6.5591550e-01
  3.3701444e-01 4.3005562e-01 6.9096291e-01 3.6472365e-01 5.7069755e-01
  7.0904040e-01 3.5774907e-01 3.6037886e-01 6.7065781e-01 5.2213621e-01
  3.7309176e-01 4.7897735e-01 3.2892168e-01 4.1231015e-01 2.7737969e-01
  3.6236203e-01]
 [6.1507025e+00 1.0798496e+00 2.1845829e+00 2.7484620e+00 3.4968174e-01
  7.5582117e-01 8.1021465e-02 2.9953397e-04 2.7857065e+00 6.1811137e+00
  1.5260891e+00 2.1939652e+00 2.7673514e+00 4.0031576e+00 4.9528375e-01
  3.3313492e-01 4.3111098e-01 5.3456063e+00 3.8617435e+00 2.2502496e+00
  4.3421969e+00]
 [2.1304521e-01 4.0091367e+00 2.6975396e+00 3.0907781e+00 2.0690813e+00
  3.3876541e+00 2.6120048e+00 4.1643395e+00 2.7740016e+00 4.6686244e+00
  6.8456465e-01 3.5312569e+00 1.8057864e+00 4.3006334e+00 1.1248207e+00
  1.9574564e+00 1.9228137e+00 4.1556625e+00 5.3728968e-01 1.4096940e+00
  5.9583478e+00]]",trotter
